COD_ACIDENTE;DIA;MES;ANO;HORA;INTERSECAO;LOG1;LOG2;LOG3;NUMERO;REFERENCIA;NATUREZA;ILUMINACAO;TEMPO;SUPERFICIEPISTA;TIPOCRUZAMENTO;CONTROLETRAFEGO;USOSOLO;MORTOS;FERIDOS;ILESOS;AUTOMOVEL;ONIBUS;BICICLETA;CAMINHAO;MICROONIBUS;CICLOMOTOR;MOTOCICLETA;TRACAOANIMAL;TREM;LATITUDE;LONGITUDE;METODO
355442;8;1;2020;14:59;0;RUA PDE PEDRO DE ALENCAR;;;1900;;Atropelamento;Luz do Dia;;;Meio de Quadra;;;0;1;1;1;0;0;0;0;0;0;0;0;"-3,84422550000";"-38,49440900000";mq_match
355448;8;1;2020;16:02;15181;RUA TOMAS POMPEU;AV RUI BARBOSA;;;;ColisÃ£o;Luz do Dia;;;Cruz;Pare;Residencial;0;1;0;1;0;1;0;0;0;0;0;0;"-3,72587100000";"-38,50616000000";inter_match
355450;8;1;2020;16:02;0;AV SIQUEIRA CAMPOS;;;836;;ColisÃ£o;Luz do Dia;;;Meio de Quadra;;;0;2;1;1;0;0;0;0;0;1;0;0;"-3,81761564200";"-38,62288918000";mq_match
355451;8;1;2020;17:08;0;AV PERIMETRAL;;;1070;;ColisÃ£o;Anoitecer;;;Meio de Quadra;;;0;1;1;1;0;0;0;0;0;1;0;0;"-3,78550700000";"-38,58999650000";mq_qgis
355452;8;1;2020;17:29;0;AV AUGUSTO DOS ANJOS;;;220;;Atropelamento;Anoitecer;;;Meio de Quadra;;;0;1;1;0;0;0;0;0;0;1;0;0;"-3,76937600000";"-38,57096500000";mq_match
355444;8;1;2020;15:01;0;AV ENG LEAL LIMA VERDE (SAPIRANGA/COITE);;;847;;ColisÃ£o;Luz do Dia;;;Meio de Quadra;;;0;1;0;1;0;0;0;0;0;1;0;0;"-3,79651492000";"-38,47561660000";mq_qgis
355446;8;1;2020;15:03;0;RUA DOM XISTO ALBANO;;;1850;;Queda;Luz do Dia;;;Meio de Quadra;;;0;2;0;0;0;0;0;0;0;1;0;0;"-3,79909142000";"-38,58745790000";mq_qgis
355461;8;1;2020;18:38;0;AV BORGES DE MELO;;;;;ColisÃ£o;;;;Meio de Quadra;;;0;1;1;0;0;0;0;0;0;0;0;0;;;
355465;8;1;2020;18:58;0;RUA ESTEVAO DE CAMPOS;;;857;;ColisÃ£o;;;;Meio de Quadra;;;0;1;0;1;0;0;0;0;0;1;0;0;"-3,70368000000";"-38,58274000000";mq_gpsv
355466;8;1;2020;19:08;0;RUA VALPARAISO;;;;;ColisÃ£o;;;;Meio de Quadra;;;0;2;0;0;0;0;0;0;0;1;0;0;;;
355467;8;1;2020;19:39;0;RUA CEL VIRGILIO NOGUEIRA (BOM JARDIM);;;1098;;Queda;;;;Meio de Quadra;;;0;1;0;0;0;0;0;0;0;1;0;0;"-3,79315000000";"-38,61019000000";mq_gpsv
355468;8;1;2020;19:46;0;AV L CJ CEARA;;;11;;Queda;;;;Meio de Quadra;;;0;1;0;0;0;0;0;0;0;1;0;0;"-3,77019400000";"-38,60643790000";mq_match
355469;8;1;2020;20:30;0;AV SEN FERNANDES TAVORA;;;2433;;Atropelamento;;;;Meio de Quadra;;;0;2;1;0;0;0;0;0;0;1;0;0;"-3,75595300000";"-38,59388900000";mq_match
355470;8;1;2020;22:20;0;AV BEZERRA DE MENEZES;;;431;;Queda;;;;Meio de Quadra;;;0;1;0;0;0;1;0;0;0;0;0;0;"-3,73243460000";"-38,54885400000";mq_qgis
355471;8;1;2020;22:20;0;AV H CJ CEARA;;;2344;;Atropelamento;;;;Meio de Quadra;;;0;1;1;0;0;0;0;0;0;1;0;0;"-3,77684700000";"-38,61983400000";mq_match
355549;8;1;2020;13:30;0;AV ENG ALBERTO SA;;;1314;;ColisÃ£o;Luz do Dia;;;Meio de Quadra;;;0;0;1;1;0;0;0;0;0;0;0;0;"-3,73583600000";"-38,47138000000";mq_match
355550;9;1;2020;11:00;10807;RUA AUDISIO PINHEIRO;RUA PORTO VELHO;;;;ColisÃ£o;Luz do Dia;;;Cruz;Pare;Residencial;0;0;1;0;0;0;0;0;0;1;0;0;"-3,76357000000";"-38,59149000000";inter_match
354790;9;1;2020;19:11;0;RUA ELVIRA PINHO;;;370;;ColisÃ£o;;;;Meio de Quadra;;;0;2;0;1;0;0;0;0;0;1;0;0;"-3,76713000000";"-38,55597000000";mq_gpsv
354791;9;1;2020;19:11;0;RUA BERNARDO MANUEL;;;;;ColisÃ£o;;;;Meio de Quadra;;;0;1;0;1;0;1;0;0;0;0;0;0;;;
354767;9;1;2020;09:17;0;RUA BAR AQUIRAZ;;;1840;;ColisÃ£o;Luz do Dia;;;Meio de Quadra;;;0;1;0;1;0;0;0;0;0;1;0;0;"-3,84295000000";"-38,48298600000";mq_match
354768;9;1;2020;09:26;16233;RUA MONTE LIBANO;RUA 1 CJ PEQ MONDUBIM;;;;ColisÃ£o;Luz do Dia;;;T;NÃ£o HÃ¡ Controle;Residencial;0;1;0;1;0;0;0;0;0;1;0;0;"-3,82307100000";"-38,56065100000";inter_match
354794;9;1;2020;19:54;0;AV WASHINGTON SOARES;;;1550;;ColisÃ£o;;;;Meio de Quadra;;;0;1;1;1;0;1;0;0;0;0;0;0;"-3,77333750000";"-38,48186750000";mq_qgis
354796;9;1;2020;20:47;2837;RUA BOM JESUS (GRANJA LISBOA);RUA MARIA JULIA;;;;ColisÃ£o;;;;Cruz;Pare;Residencial;0;1;0;1;0;0;0;0;0;1;0;0;"-3,79464000000";"-38,60060300000";inter_match
354797;9;1;2020;23:14;0;AV DOMINGOS SAVIO;;;266;;Atropelamento;;;;Meio de Quadra;;;0;2;0;0;0;0;0;0;0;1;0;0;"-3,81769404000";"-38,48937720000";mq_qgis
354798;9;1;2020;23:26;3903;AV JOAO PESSOA;RUA PDE CICERO;;;;ColisÃ£o;;;;Cruz;SemÃ¡foro;Comercial;0;1;0;0;0;0;0;0;0;0;0;0;"-3,74587460000";"-38,54351800000";inter_match
354753;9;1;2020;01:22;0;RUA ESPIRITO SANTO;;;130;;Queda;;;;Meio de Quadra;;;0;1;0;0;0;0;0;0;0;1;0;0;"-3,74979810000";"-38,56615890000";mq_match
354754;9;1;2020;06:32;0;RUA NEREU RAMOS;;;475;;Queda;Luz do Dia;;;Meio de Quadra;;;0;1;0;0;0;0;0;0;0;1;0;0;"-3,78566285000";"-38,57114480000";mq_qgis
354755;9;1;2020;06:41;5436;RUA JAIME BENEVOLO;RUA GAL CLARINDO DE QUEIROZ;;;;ColisÃ£o;Luz do Dia;;;Cruz;Pare;Comercial;0;1;1;1;0;0;0;0;0;1;0;0;"-3,73406000000";"-38,52601700000";inter_match
354756;9;1;2020;08:05;10502;RUA WILSON PEREIRA;RUA PRO JOSE HENRIQUE;;;;ColisÃ£o;Luz do Dia;;;Cruz;NÃ£o HÃ¡ Controle;Residencial;0;1;0;1;0;0;0;0;0;1;0;0;"-3,83078700000";"-38,47779000000";inter_match
354763;9;1;2020;08:53;0;RUA JULIO SILVA;;;440;;ColisÃ£o;Luz do Dia;;;Meio de Quadra;;;0;1;0;0;0;0;0;0;0;0;0;0;"-3,74537000000";"-38,45462000000";mq_match
354764;9;1;2020;09:05;0;AV PRO GOMES DE MATOS;;;1899;;ColisÃ£o;Luz do Dia;;;Meio de Quadra;;;0;1;0;0;0;0;0;0;0;0;0;0;"-3,76769720000";"-38,55123840000";mq_qgis
354770;9;1;2020;09:34;11435;RUA DO MERCADO;RUA DA SAPUCAIA;;;;ColisÃ£o;Luz do Dia;;;;;;0;1;0;1;0;0;0;0;0;1;0;0;"-3,78148000000";"-38,50910000000";inter_gpsv
354771;9;1;2020;09:57;0;AV SAPIRANGAS D59;;;921;;ColisÃ£o;Luz do Dia;;;Meio de Quadra;;;0;1;1;1;0;0;0;0;0;0;0;0;;;
354772;9;1;2020;10:31;0;RUA SEBASTIAO DE ABREU;;;;;Queda;Luz do Dia;;;Meio de Quadra;;;0;1;0;0;0;0;0;0;0;1;0;0;;;
354773;9;1;2020;10:56;0;AV ANTONIO SALES;;;3407;;Queda;Luz do Dia;;;Meio de Quadra;;;0;2;0;0;0;0;0;0;0;1;0;0;"-3,74817400000";"-38,49364200000";mq_match
354776;9;1;2020;11:19;0;AV ALM HENRIQUE SABOIA;;;2886;;Queda;Luz do Dia;;;Meio de Quadra;;;0;1;0;0;0;0;0;0;0;1;0;0;"-3,73531640000";"-38,48493050000";mq_match
354777;9;1;2020;12:13;0;AV ODILON GUIMARAES;;;3713;;ColisÃ£o;Luz do Dia;;;Meio de Quadra;;;0;1;0;0;0;0;1;0;0;1;0;0;"-3,81528907000";"-38,46856590000";mq_qgis
354778;9;1;2020;14:31;12572;RUA GEORGE CAVALCANTE;RUA PEDRO SAMPAIO;;;;ColisÃ£o;Luz do Dia;;;Cruz;Pare;Residencial;0;1;0;0;0;0;0;0;0;1;0;0;"-3,72472000000";"-38,59316000000";inter_gpsv
354779;9;1;2020;14:54;7860;AV SEN VIRGILIO TAVORA;AV ANTONIO SALES;;;;Atropelamento;Luz do Dia;;;Cruz;SemÃ¡foro;Comercial;0;1;1;1;0;0;0;0;0;0;0;0;"-3,74727900000";"-38,49650000000";inter_match
354780;9;1;2020;15:01;5370;RUA PRC ISABEL;RUA METON DE ALENCAR;;;;ColisÃ£o;Luz do Dia;;;Cruz;Pare;Comercial;0;1;0;0;0;0;0;0;0;1;0;0;"-3,73161400000";"-38,53697300000";inter_match
354781;9;1;2020;16:56;0;AV 13 DE MAIO;;;875;;Atropelamento;Luz do Dia;;;Meio de Quadra;;;0;2;0;0;0;0;0;0;0;1;0;0;"-3,75087000000";"-38,52752600000";mq_qgis
354782;9;1;2020;18:59;0;RUA BERNARDO MANUEL;;;;;Atropelamento;;;;Meio de Quadra;;;0;2;0;0;0;0;0;0;0;0;0;0;;;
354783;9;1;2020;19:10;0;AV DOS EXPEDICIONARIOS;;;;;ColisÃ£o;;;;;;;0;1;0;1;0;1;0;0;0;0;0;0;;;
354613;9;1;2020;18:10;0;RD BR 116;;;;KM-06;ColisÃ£o Traseira;Anoitecer;Nublado;Seca;Meio de Quadra;;;0;1;1;1;0;0;0;0;0;0;0;0;"-3,80469100000";"-38,50305300000";rod_match
354652;9;1;2020;08:26;0;AV LUIZ VIEIRA;;;1255;;Tombamento;Luz do Dia;Bom;Seca;Meio de Quadra;NÃ£o HÃ¡ Controle;Residencial;0;0;1;0;0;0;0;1;0;0;0;0;;;
354653;9;1;2020;12:47;0;RUA AUDISIO PINHEIRO;;;1365;;ColisÃ£o Frontal;Luz do Dia;Bom;Molhada;Meio de Quadra;;;0;1;1;1;0;0;0;0;0;1;0;0;"-3,76340267000";"-38,59140210000";mq_qgis
354655;9;1;2020;15:51;0;AV GAL OSORIO DE PAIVA;;;4545;;ColisÃ£o;Luz do Dia;Chuva;Molhada;Outros;NÃ£o HÃ¡ Controle;Comercial;0;1;1;0;0;0;0;0;0;1;0;0;"-3,79819244400";"-38,59572100000";mq_match
354656;10;1;2020;10:32;0;AV LUIZ VIEIRA;RUA ANTONIO COSTA MENDES;;0;;NÃ£o Informado;Luz do Dia;Nublado;Seca;Cruz;Pare;Residencial;0;0;2;1;1;0;0;0;0;0;0;0;"-3,79398700000";"-38,58744400000";inter_gpsv
354657;10;1;2020;13:53;0;AV DUQ CAXIAS;RUA VINTE QUATRO DE MAIO;;;;ColisÃ£o Transversal;Luz do Dia;Chuva;Molhada;Meio de Quadra;SemÃ¡foro;Comercial;0;1;1;1;0;0;0;0;1;0;0;0;"-3,73070400000";"-38,53324900000";inter_gpsv
354658;10;1;2020;11:55;0;AV PRS CASTELO BRANCO;;;400;;ColisÃ£o Traseira;Luz do Dia;Bom;Seca;Meio de Quadra;NÃ£o HÃ¡ Controle;Comercial;0;0;2;1;0;0;0;0;0;0;0;0;"-3,72073600000";"-38,52905900000";mq_match
354659;10;1;2020;14:30;0;RUA PDE IBIAPINA;;;1680;;ColisÃ£o Traseira;Luz do Dia;Bom;Seca;Meio de Quadra;;;0;1;1;0;0;0;0;0;0;1;0;0;"-3,73003300000";"-38,54002850000";mq_qgis
354487;10;1;2020;08:50;0;AV CARAPINIMA;;;2200;;ColisÃ£o Lateral;Luz do Dia;Chuva;Molhada;Meio de Quadra;SemÃ¡foro;Comercial;0;1;1;0;1;0;0;0;0;1;0;0;"-3,73949950000";"-38,53970750000";mq_match
354488;10;1;2020;14:50;0;AV SGT HERMINIO SAMPAIO;;;1823;;ColisÃ£o Frontal;Luz do Dia;Bom;Seca;Meio de Quadra;NÃ£o HÃ¡ Controle;Residencial;0;1;0;1;0;0;0;0;0;1;0;0;"-3,72572700000";"-38,55701600000";mq_match
354489;10;1;2020;03:50;3860;AV DA UNIVERSIDADE;AV 13 DE MAIO;;;;ColisÃ£o Transversal;Via Iluminada;Bom;Seca;Cruz;SemÃ¡foro;Comercial;1;0;1;0;0;0;1;0;0;1;0;0;"-3,74096200000";"-38,53910700000";inter_match
354490;10;1;2020;23:30;5036;RUA PESSOA ANTA;RUA BORIS;;;;ColisÃ£o Lateral;Via Iluminada;Bom;Seca;;NÃ£o HÃ¡ Controle;Comercial;0;1;1;1;0;0;0;0;0;1;0;0;"-3,72097600000";"-38,52101700000";inter_match
354614;10;1;2020;17:40;0;RD BR 020;;;;KM 426;ColisÃ£o Transversal;Anoitecer;Nublado;Seca;Meio de Quadra;;;0;2;0;0;0;1;0;0;0;1;0;0;"-3,86300000000";"-38,52400000000";rod_match
354615;10;1;2020;19:50;0;RD BR 020;;;;KM 427;ColisÃ£o Lateral;;Bom;Seca;Meio de Quadra;;;0;1;1;1;0;0;0;0;0;1;0;0;"-3,86600000000";"-38,51500000000";rod_match
354805;10;1;2020;07:03;6564;AV H CJ CEARA;AV G CJ CEARA;;;;ColisÃ£o;Luz do Dia;;;T;Pare;Misto;0;1;0;1;0;1;0;0;0;0;0;0;"-3,77573900000";"-38,61016700000";inter_match
354806;10;1;2020;07:38;0;AV LINEU MACHADO;;;657;;ColisÃ£o;Luz do Dia;;;Meio de Quadra;;;0;1;0;1;0;0;0;0;0;1;0;0;"-3,76623100000";"-38,57707400000";mq_match
354807;10;1;2020;07:59;0;RUA ARISTIDES BARCELOS;;;839;;Queda;Luz do Dia;;;Meio de Quadra;;;0;1;0;0;0;1;0;0;0;0;0;0;"-3,72408000000";"-38,46903000000";mq_gpsv
354809;10;1;2020;09:16;13594;RUA CAP GUSTAVO;AV PONTES VIEIRA;;;;ColisÃ£o;Luz do Dia;;;Cruz;Gesto;Comercial;0;0;1;0;0;0;0;0;0;1;0;0;"-3,75315300000";"-38,51712500000";inter_match
354810;10;1;2020;09:28;0;RUA BENI DE CARVALHO;;;666;;ColisÃ£o;Luz do Dia;;;Meio de Quadra;;;0;1;0;1;0;0;0;0;0;1;0;0;"-3,74630100000";"-38,49407000000";mq_qgis
354813;10;1;2020;09:48;0;RUA STA MARLUCIA;;;490;;ColisÃ£o;Luz do Dia;;;Meio de Quadra;;;0;1;0;1;1;0;0;0;0;0;0;0;"-3,78374450000";"-38,50207120000";mq_gpsv
354842;10;1;2020;18:32;0;RUA ISABEL MADEIRA;;;22;;Queda;;;;Meio de Quadra;;;0;1;0;0;0;0;0;0;0;1;0;0;"-3,79001074000";"-38,48733180000";mq_qgis
354843;10;1;2020;19:21;0;AV BEZERRA DE MENEZES;;;2099;;Atropelamento;;;;Meio de Quadra;;;0;1;1;1;0;0;0;0;0;0;0;0;"-3,73542800000";"-38,56335700000";mq_qgis
354844;10;1;2020;19:41;0;RUA FLOR DE LIS;;;202;;Atropelamento;;;;Meio de Quadra;;;0;1;1;1;0;0;0;0;0;0;0;0;"-3,77757000000";"-38,55501000000";mq_gpsv
354839;10;1;2020;17:31;19776;RUA AZEVEDO BOLAO;RUA MOREIRA DE SOUSA;;;;ColisÃ£o;Anoitecer;;;Cruz;Pare;Residencial;0;1;1;1;0;0;0;0;0;1;0;0;"-3,73848900000";"-38,56673500000";inter_match
354840;10;1;2020;17:55;0;RD QUARTO ANEL VIARIO;;;2165;;ColisÃ£o;Anoitecer;;;Meio de Quadra;;;0;1;0;0;0;0;0;0;0;0;0;0;"-3,86662250000";"-38,51334810000";rod_match
354836;10;1;2020;17:15;9014;RUA FLORIANO PEIXOTO;RUA DEP JOAO PONTES;;;;ColisÃ£o;Anoitecer;;;Cruz;Pare;Comercial;0;1;0;0;0;0;0;0;0;0;0;0;"-3,74519200000";"-38,53304500000";inter_match
354828;10;1;2020;10:41;0;AV ENG LEAL LIMA VERDE (SAPIRANGA/COITE);;;2780;;ColisÃ£o;Luz do Dia;;;Meio de Quadra;;;0;1;0;1;0;1;0;0;0;0;0;0;"-3,81666350000";"-38,47447850000";mq_qgis
354829;10;1;2020;12:41;1337;RUA OSVALDO CRUZ (ALDEOTA);AV SANTOS DUMONT;;;;Atropelamento;Luz do Dia;;;Cruz;SemÃ¡foro;Comercial;0;1;1;0;0;0;0;0;0;1;0;0;"-3,73560200000";"-38,50031700000";inter_match
354830;10;1;2020;13:37;10807;RUA AUDISIO PINHEIRO;RUA PORTO VELHO;;;;ColisÃ£o;Luz do Dia;;;Cruz;Pare;Residencial;0;1;0;1;0;0;0;0;0;1;0;0;"-3,76357000000";"-38,59149000000";inter_match
354831;10;1;2020;13:50;5356;AV DUQ CAXIAS;RUA GAL SAMPAIO;;;;Atropelamento;Luz do Dia;;;Cruz;SemÃ¡foro;Comercial;0;1;1;1;0;0;0;0;0;0;0;0;"-3,73109600000";"-38,53202900000";inter_match
354833;10;1;2020;14:01;0;AV AUGUSTO DOS ANJOS;;;806;;ColisÃ£o;Luz do Dia;;;Meio de Quadra;;;0;1;0;1;0;0;0;0;0;1;0;0;"-3,77506659000";"-38,57465370000";mq_qgis
354871;10;1;2020;19:52;0;RUA ERETIDES MARTINS;;;1044;;Queda;;;;Meio de Quadra;;;0;1;0;0;0;1;0;0;0;0;0;0;"-3,72839934000";"-38,55972090000";mq_qgis
354872;10;1;2020;20:44;0;RUA SABIAGUABA;;;1381;;Queda;;;;Meio de Quadra;;;0;1;0;0;0;1;0;0;0;0;0;0;"-3,78234000000";"-38,43703000000";mq_gpsv
354873;10;1;2020;22:10;0;RUA BAR SOBRAL;;;583;;ColisÃ£o;;;;Meio de Quadra;;;0;1;0;0;0;0;0;0;0;1;0;0;"-3,76705100000";"-38,55412100000";mq_qgis
355554;10;1;2020;22:00;0;RUA CEL JOSE EUCLIDES;;;;;ColisÃ£o;;;;Meio de Quadra;;;0;0;1;0;0;0;0;0;0;0;0;0;;;
355552;10;1;2020;14:40;0;AV PRS CASTELO BRANCO;;;400;;ColisÃ£o;Luz do Dia;;;Meio de Quadra;;;0;0;1;1;0;0;0;0;0;0;0;0;"-3,72073600000";"-38,52905900000";mq_match
355555;11;1;2020;16:35;0;AV BAR STUDART;;;777;;NÃ£o Informado;Luz do Dia;;;Meio de Quadra;;;0;0;2;1;0;0;0;0;0;0;0;0;"-3,73100110000";"-38,50538600000";mq_match
355557;11;1;2020;13:30;0;AV PRS COSTA E SILVA;;;;;ColisÃ£o;Luz do Dia;;;Meio de Quadra;;;0;0;2;1;0;0;0;0;0;1;0;0;;;
355558;11;1;2020;00:40;5036;RUA PESSOA ANTA;RUA BORIS;;;;NÃ£o Informado;;;;;NÃ£o HÃ¡ Controle;Comercial;0;0;1;0;0;0;0;0;0;1;0;0;"-3,72097600000";"-38,52101700000";inter_match
354877;11;1;2020;00:28;0;RUA PDE PERDIGAO SAMPAIO;;;250;;Capotamento;;;;Meio de Quadra;;;0;1;0;1;0;0;0;0;0;0;0;0;"-3,73843050000";"-38,59486900000";mq_match
354879;11;1;2020;00:28;0;RUA PRS PRUDENTE;;;;;ColisÃ£o;;;;Meio de Quadra;;;0;1;0;1;0;0;0;0;0;0;0;0;;;
354880;11;1;2020;01:02;0;AV ENG HUMBERTO MONTE;;;1005;;ColisÃ£o;;;;Meio de Quadra;;;0;1;0;0;0;0;0;0;0;1;0;0;"-3,75019551000";"-38,55965710000";mq_qgis
354882;11;1;2020;02:25;23807;AV GAL OSORIO DE PAIVA;RUA LEBOM MAIA;;;;ColisÃ£o;;;;Cruz;SemÃ¡foro;Comercial;0;4;0;1;0;0;0;0;0;0;0;0;"-3,78448000000";"-38,58047100000";inter_match
354885;11;1;2020;04:57;0;RD BR 116;;;;;Queda;;;;Meio de Quadra;;;0;1;0;0;0;1;0;0;0;0;0;0;;;
354886;11;1;2020;05:33;0;RUA BERNARDO MANUEL;;;9180;;Queda;Amanhecer;;;Meio de Quadra;;;0;2;0;0;0;0;0;0;0;1;0;0;"-3,79979146000";"-38,55174870000";mq_qgis
354887;11;1;2020;06:52;0;RUA CON DE CASTRO;;;2780;;Atropelamento;Luz do Dia;;;Meio de Quadra;;;0;1;1;1;0;0;0;0;0;0;0;0;"-3,79356592000";"-38,58134300000";mq_qgis
354888;11;1;2020;08:27;0;AV PRS CASTELO BRANCO;;;70;;ColisÃ£o;Luz do Dia;;;Meio de Quadra;;;0;1;0;1;0;0;0;0;0;1;0;0;"-3,72291850000";"-38,52249300000";mq_match
354889;11;1;2020;08:33;0;AV OLIVEIRA PAIVA;;;2503;;ColisÃ£o;Luz do Dia;;;Meio de Quadra;;;0;1;0;1;0;0;0;0;0;1;0;0;"-3,79608700000";"-38,48413900000";mq_qgis
354890;11;1;2020;08:50;9006;AV JOSE BASTOS;AV 13 DE MAIO;;;;ColisÃ£o;Luz do Dia;;;Com Via FÃ©rrea;NÃ£o HÃ¡ Controle;Residencial;0;1;0;1;0;0;0;0;0;1;0;0;"-3,73999300000";"-38,54020400000";inter_gpsv
354891;11;1;2020;09:51;0;AV VICENTE DE CASTRO;;;;MOINHO DIAS BRANCO;ColisÃ£o;Luz do Dia;;;Meio de Quadra;;;0;1;1;0;0;1;1;0;0;0;0;0;"-3,71528000000";"-38,47436800000";ref_gpsv
354892;11;1;2020;09:53;0;AV G CJ JOSE WALTER;;;;;ColisÃ£o;Luz do Dia;;;Meio de Quadra;;;0;1;1;1;0;0;0;0;0;1;0;0;;;
354893;11;1;2020;10:10;0;AV PRS COSTA E SILVA;;;;;ColisÃ£o;Luz do Dia;;;Meio de Quadra;;;0;1;0;1;0;0;0;0;0;1;0;0;;;
354894;11;1;2020;10:23;0;RD QUARTO ANEL VIARIO;;;;;ColisÃ£o;Luz do Dia;;;Meio de Quadra;;;0;1;0;0;0;0;0;0;0;1;0;0;;;
354919;11;1;2020;11:47;0;RUA BAR RIO BRANCO;;;2915;;ColisÃ£o;Luz do Dia;;;Meio de Quadra;;;0;1;1;1;0;0;0;0;0;1;0;0;"-3,74376000000";"-38,53376000000";mq_gpsv
354917;11;1;2020;10:59;0;RUA JOSE EUCLIDES F GOMES;;;145;;Queda;Luz do Dia;;;Meio de Quadra;;;0;1;0;0;0;0;0;0;0;1;0;0;"-3,82971000000";"-38,46370000000";mq_gpsv
354995;11;1;2020;13:42;0;RUA JULIO BRAGA;;;1542;;ColisÃ£o;Luz do Dia;;;Meio de Quadra;;;0;1;1;1;0;0;0;0;0;1;0;0;"-3,77324600000";"-38,58440700000";mq_match
354996;11;1;2020;13:58;0;RUA BERNARDO MANUEL;;;13015;;Atropelamento;Luz do Dia;;;Meio de Quadra;;;0;2;0;0;0;0;0;0;0;1;0;0;"-3,83200180000";"-38,56135220000";mq_qgis
354997;11;1;2020;16:01;0;AV AUGUSTO DOS ANJOS;;;489;;ColisÃ£o;Luz do Dia;;;Meio de Quadra;;;0;1;0;1;0;0;0;0;0;1;0;0;"-3,77304700000";"-38,57279210000";mq_match
354998;11;1;2020;18:00;0;AV BEIRA MAR;;;;;ColisÃ£o;Anoitecer;;;Meio de Quadra;;;0;1;0;1;0;0;0;0;0;1;0;0;;;
354999;11;1;2020;18:40;0;AV BORGES DE MELO;;;124;;Atropelamento;;;;Meio de Quadra;;;0;1;1;1;0;0;0;0;0;0;0;0;"-3,76134200000";"-38,52003900000";mq_match
355000;11;1;2020;19:26;0;RUA TEN BENEVOLO;;;49;;Queda;;;;Meio de Quadra;;;0;1;0;0;0;0;0;0;0;1;0;0;"-3,72451291000";"-38,51997700000";mq_qgis
355001;11;1;2020;20:58;0;RUA ALBERTO MAGNO;;;1304;;ColisÃ£o;;;;Meio de Quadra;;;0;1;0;0;0;0;0;0;0;1;0;0;"-3,76508000000";"-38,55022000000";mq_gpsv
355002;11;1;2020;21:26;0;RUA PDE MORORO;;;;CEMITERIO S. JOAO BATISTA;Queda;;;;Meio de Quadra;;;0;1;0;0;0;1;0;0;0;0;0;0;"-3,72122700000";"-38,53618700000";ref_gpsv
355003;11;1;2020;22:38;0;RUA BERNARDO MANUEL;;;11464;;ColisÃ£o;;;;Meio de Quadra;;;0;1;0;0;0;0;0;0;0;1;0;0;"-3,82569970000";"-38,55921420000";mq_gpsv
354983;11;1;2020;11:53;0;RUA FAUSTO CABRAL;;;920;;ColisÃ£o;Luz do Dia;;;Meio de Quadra;;;0;1;1;1;0;0;0;0;0;1;0;0;"-3,73456857000";"-38,47330280000";mq_qgis
354984;11;1;2020;12:38;0;RUA CON DE CASTRO;;;6050;;ColisÃ£o;Luz do Dia;;;Meio de Quadra;;;0;1;0;1;0;0;0;0;0;1;0;0;"-3,81541800000";"-38,59939500000";mq_qgis
354985;11;1;2020;12:38;0;RUA CONTORNO DA UNIFOR;;;300;;Atropelamento;Luz do Dia;;;Meio de Quadra;;;0;1;1;0;0;0;0;0;0;0;0;0;"-3,80459110000";"-38,52087340000";mq_match
354986;11;1;2020;12:49;3316;RUA CHILE;RUA VIRIATO RIBEIRO;;;;ColisÃ£o;Luz do Dia;;;Cruz;Pare;Residencial;0;1;0;1;0;0;0;0;0;1;0;0;"-3,74617800000";"-38,56527600000";inter_match
354987;11;1;2020;12:55;0;RUA MONTE PASCOAL;;;225;;ColisÃ£o;Luz do Dia;;;Meio de Quadra;;;0;1;0;1;0;0;0;0;0;1;0;0;"-3,80450000000";"-38,60005000000";mq_gpsv
354616;11;1;2020;10:00;0;RD BR 020;;;;KM 430;Queda;Luz do Dia;Bom;Seca;Meio de Quadra;;;0;1;1;0;0;0;0;0;0;1;0;0;"-3,86876900000";"-38,50833300000";rod_match
354557;11;1;2020;00:05;0;AV SEN CARLOS JEREISSATI (AEROPORTO);;;;KM 01;ColisÃ£o;;;;Meio de Quadra;;;0;0;2;1;0;0;0;0;0;0;0;0;"-3,78375300000";"-38,52685000000";rod_match
354558;11;1;2020;12:00;0;RD CE-060;;;;KM-01;ColisÃ£o;Luz do Dia;;;Meio de Quadra;;;0;1;2;1;0;0;0;0;0;1;0;0;"-3,82613600000";"-38,57950000000";rod_match
354559;11;1;2020;14:25;0;RD CE-060;;;;KM-01;ColisÃ£o;Luz do Dia;;;Meio de Quadra;;;0;0;2;1;0;0;0;0;0;0;0;0;"-3,82613600000";"-38,57950000000";rod_match
354560;11;1;2020;23:15;0;RD CE-040;;;;KM-12;ColisÃ£o;;;;Meio de Quadra;;;0;0;2;1;0;0;0;0;0;0;0;0;"-3,85769094900";"-38,47204254000";rod_match
354660;11;1;2020;20:22;0;RUA DEP MOREIRA DA ROCHA;;;49;;ColisÃ£o Lateral;Via Iluminada;Bom;Seca;Meio de Quadra;Gesto;Comercial;0;1;1;0;1;0;0;0;0;1;0;0;"-3,72646000000";"-38,51326000000";mq_gpsv
354661;12;1;2020;04:30;0;AV GODOFREDO MACIEL;;;418;;Choque c/ ObstÃ¡culo Fixo;Luz do Dia;Bom;Seca;Meio de Quadra;NÃ£o HÃ¡ Controle;Comercial;0;1;0;1;0;0;0;0;0;0;0;0;"-3,77985117000";"-38,56480690000";mq_qgis