COD_ACIDENTE;DIA;MES;ANO;HORA;INTERSECAO;LOG1;LOG2;LOG3;NUMERO;REFERENCIA;NATUREZA;ILUMINACAO;TEMPO;SUPERFICIEPISTA;TIPOCRUZAMENTO;CONTROLETRAFEGO;USOSOLO;MORTOS;FERIDOS;ILESOS;AUTOMOVEL;ONIBUS;BICICLETA;CAMINHAO;MICROONIBUS;CICLOMOTOR;MOTOCICLETA;TRACAOANIMAL;TREM;LATITUDE;LONGITUDE;METODO
354569;15;1;2020;12:00;0;RD CE-040;;;;KM-06;ColisÃ£o;Luz do Dia;;;Meio de Quadra;;;0;0;2;1;0;0;0;0;0;0;0;0;"-3,80959680400";"-38,47873348000";rod_match
354570;15;1;2020;11:17;0;RD CE-040;;;;KM-06;ColisÃ£o;Luz do Dia;;;Meio de Quadra;;;0;0;2;1;0;0;0;0;0;0;0;0;"-3,80959680400";"-38,47873348000";rod_match
354571;15;1;2020;17:00;0;RD CE-040;;;;KM-12;ColisÃ£o;Anoitecer;;;Meio de Quadra;;;0;0;2;0;0;0;1;0;0;1;0;0;"-3,85769094900";"-38,47204254000";rod_match
354618;15;1;2020;06:10;0;AV MR HULL;;;5633;;Atropelamento;Luz do Dia;Nublado;Molhada;Meio de Quadra;;;0;2;0;0;0;0;0;0;0;1;0;0;"-3,74012500000";"-38,59471600000";mq_match
354572;16;1;2020;14:28;0;RD CE-040;;;;KM-06;ColisÃ£o;Luz do Dia;;;Meio de Quadra;;;0;0;1;1;0;0;0;0;0;0;0;0;"-3,80959680400";"-38,47873348000";rod_match
354678;16;1;2020;01:56;0;RUA BAR SOBRAL;;;0;;NÃ£o Informado;Via Iluminada;Bom;Seca;Cruz;NÃ£o HÃ¡ Controle;Residencial;0;1;0;1;0;0;0;0;0;0;0;0;"-3,76470000000";"-38,55835850000";mq_boat
354679;16;1;2020;07:30;0;AV SGT HERMINIO SAMPAIO;;;1998;;ColisÃ£o Frontal;Luz do Dia;Bom;Seca;Meio de Quadra;NÃ£o HÃ¡ Controle;Comercial;0;1;1;1;0;0;0;0;0;1;0;0;"-3,72594880000";"-38,55821440000";mq_match
354680;16;1;2020;13:15;12925;AV AGUANAMBI;AV DOMINGOS OLIMPIO;;;;ColisÃ£o Traseira;Luz do Dia;Bom;Seca;Cruz;SemÃ¡foro;Comercial;0;1;1;1;0;0;0;0;0;1;0;0;"-3,73868300000";"-38,52462800000";inter_match
354681;16;1;2020;16:58;19739;RUA GUSTAVO SAMPAIO;RUA MOREIRA DE SOUSA;;;;ColisÃ£o;Luz do Dia;Bom;Seca;Cruz;Pare;Comercial;0;2;1;1;0;0;0;0;0;1;0;0;"-3,73736700000";"-38,56665000000";inter_match
359433;16;1;2020;14:30;0;AV CASTELO DE CASTRO;;;;;Choque c/ ObstÃ¡culo Fixo;Luz do Dia;;;Meio de Quadra;;;1;0;0;0;0;0;0;0;0;1;0;0;"-3,84101500000";"-38,52173900000";fat_match
359435;16;1;2020;05:00;0;AV FRANCISCO SA;;;1360;;NÃ£o Informado;Amanhecer;;;Meio de Quadra;;;1;0;0;0;0;0;0;0;0;1;0;0;"-3,72257000000";"-38,54150000000";mq_gpsv
355572;16;1;2020;11:00;0;RUA JOAQUIM MAGALHAES;;;876;;ColisÃ£o;Luz do Dia;;;Meio de Quadra;;;0;0;2;1;0;0;0;0;0;1;0;0;"-3,73903000000";"-38,53090000000";mq_gpsv
355574;16;1;2020;17:30;0;AV WASHINGTON SOARES;;;;;ColisÃ£o;Anoitecer;;;Meio de Quadra;;;0;0;3;0;0;0;0;1;0;1;0;0;;;
355508;16;1;2020;16:02;0;RUA CARLOS CHAGAS;;;901;;ColisÃ£o;Luz do Dia;;;Meio de Quadra;;;0;1;0;0;0;0;0;0;0;1;0;0;"-3,77927300000";"-38,58826000000";mq_qgis
355509;16;1;2020;16:12;0;AV SGT HERMINIO SAMPAIO;;;992;;Atropelamento;Luz do Dia;;;Meio de Quadra;;;0;1;1;0;0;0;0;0;0;1;0;0;"-3,72457400000";"-38,54963200000";mq_match
355510;16;1;2020;16:33;0;RUA 123 CJ CEARA;;;7;;ColisÃ£o;Luz do Dia;;;Meio de Quadra;;;0;1;0;1;0;0;0;0;0;1;0;0;"-3,77393814000";"-38,60847340000";mq_qgis
355511;16;1;2020;16:52;0;AV DEP PAULINO ROCHA;;;2500;;ColisÃ£o;Luz do Dia;;;Meio de Quadra;;;0;1;0;0;0;0;0;0;0;1;0;0;"-3,81040761000";"-38,51831110000";mq_qgis
355512;16;1;2020;17:10;0;RUA CEL MATOS DOURADO;;;;;ColisÃ£o;Anoitecer;;;Meio de Quadra;;;0;1;0;1;0;0;0;0;0;1;0;0;;;
355513;16;1;2020;17:59;3320;RUA ARGENTINA;RUA VIRIATO RIBEIRO;;;;ColisÃ£o;Anoitecer;;;Cruz;Pare;Residencial;0;1;0;1;0;0;0;0;0;1;0;0;"-3,74718100000";"-38,56428400000";inter_match
355514;16;1;2020;18:01;15951;RUA PDE PEDRO DE ALENCAR;AV FRE CIRILO;;;;ColisÃ£o;Anoitecer;;;T;NÃ£o HÃ¡ Controle;Comercial;0;1;0;1;0;0;0;0;0;1;0;0;"-3,82778300000";"-38,49348500000";inter_match
355515;16;1;2020;18:17;10726;RUA PRO HERIBALDO COSTA;RUA CURITIBA;;;;ColisÃ£o;Anoitecer;;;;;;0;1;1;1;0;0;0;0;0;1;0;0;"-3,75999200000";"-38,58385300000";inter_match
355516;16;1;2020;18:49;0;AV DUQ CAXIAS;;;1452;;Atropelamento;;;;Meio de Quadra;;;0;1;1;1;0;0;0;0;0;0;0;0;"-3,72933500000";"-38,53745200000";mq_match
355517;16;1;2020;18:57;0;AV MOZART PINHEIRO DE LUCENA;;;770;;ColisÃ£o;;;;Meio de Quadra;;;0;1;1;1;0;0;0;0;0;1;0;0;"-3,70947650000";"-38,59313600000";mq_qgis
355518;16;1;2020;20:04;0;AV LINEU MACHADO;;;;;ColisÃ£o;;;;Meio de Quadra;;;0;2;0;1;0;0;0;0;0;1;0;0;;;
355519;16;1;2020;22:01;0;AV ALBERTO CRAVEIRO;;;2901;;ColisÃ£o;;;;Meio de Quadra;;;0;1;0;1;0;0;0;0;0;1;0;0;"-3,80673550000";"-38,52447000000";mq_match
355520;16;1;2020;22:53;0;AV ALM HENRIQUE SABOIA;;;;;Atropelamento;;;;Meio de Quadra;;;0;1;1;0;0;0;1;0;0;0;0;0;;;
355521;16;1;2020;23:35;0;RUA JOSE DANTAS VIEIRA;;;;;Atropelamento;;;;Meio de Quadra;;;0;1;1;0;0;1;0;0;0;0;0;0;;;
355522;16;1;2020;23:43;530;RUA CURITIBA;RUA VIRGILIO BRANDAO;;;;ColisÃ£o;;;;;;;0;1;0;0;0;0;0;0;0;0;0;0;"-3,75424600000";"-38,59646600000";inter_match
355463;16;1;2020;07:15;0;AV AUGUSTO DOS ANJOS;;;2171;;ColisÃ£o;Luz do Dia;;;Meio de Quadra;;;0;1;0;1;0;0;0;0;0;1;0;0;"-3,78486100000";"-38,58322500000";mq_match
355464;16;1;2020;07:38;0;RUA JAIME BENEVOLO;;;876;;ColisÃ£o;Luz do Dia;;;Meio de Quadra;;;0;2;1;1;0;0;0;0;0;1;0;0;"-3,73996000000";"-38,52791000000";mq_gpsv
355488;16;1;2020;09:57;0;AV BEIRA MAR;;;900;;Queda;Luz do Dia;;;Meio de Quadra;;;0;1;0;0;0;1;0;0;0;0;0;0;"-3,72022955000";"-38,51154800000";mq_qgis
355490;16;1;2020;13:17;0;AV DUQ CAXIAS;;;135;;Atropelamento;Luz do Dia;;;Meio de Quadra;;;0;1;1;1;0;0;0;0;0;0;0;0;"-3,73311000000";"-38,52578100000";mq_match
355491;16;1;2020;14:01;0;RUA POMPILIO GOMES;;;454;;Choque c/ ObstÃ¡culo Fixo;Luz do Dia;;;Meio de Quadra;;;1;0;0;0;0;0;0;0;0;1;0;0;"-3,81512200000";"-38,52094800000";mq_gpsv
355493;16;1;2020;14:07;0;AV ENG SANTANA JUNIOR;;;;;ColisÃ£o;Luz do Dia;;;Meio de Quadra;;;0;1;0;1;0;0;0;0;0;1;0;0;;;
355495;16;1;2020;15:29;0;RUA NELSON COELHO;;;600;;ColisÃ£o;Luz do Dia;;;Meio de Quadra;;;0;1;1;1;0;0;0;0;0;1;0;0;"-3,83129400000";"-38,46222500000";mq_qgis
355472;16;1;2020;07:44;0;AV JOSE BASTOS;;;3390;;Atropelamento;Luz do Dia;;;Meio de Quadra;;;0;1;1;0;0;0;0;0;0;1;0;0;"-3,74823250000";"-38,54878260000";mq_match
355473;16;1;2020;07:53;0;AV CEL CARVALHO;;;380;;ColisÃ£o;Luz do Dia;;;Meio de Quadra;;;0;1;0;1;0;0;0;0;0;1;0;0;"-3,70609950000";"-38,59086550000";mq_qgis
355474;16;1;2020;08:32;3831;AV 13 DE MAIO;RUA MAL DEODORO;;;;Atropelamento;Luz do Dia;;;Cruz;SemÃ¡foro;Comercial;0;1;1;0;0;0;0;0;0;1;0;0;"-3,74312200000";"-38,53658800000";inter_match
355475;16;1;2020;08:43;0;RUA RAIMUNDO CORREIA;;;1593;;ColisÃ£o;Luz do Dia;;;Meio de Quadra;;;0;1;0;1;0;0;0;0;0;1;0;0;;;
355476;16;1;2020;09:57;0;AV PRS COSTA E SILVA;;;1732;;ColisÃ£o;Luz do Dia;;;Meio de Quadra;;;0;1;0;0;0;0;0;0;0;0;0;0;"-3,81761800000";"-38,56539400000";mq_qgis
355577;17;1;2020;09:40;19261;RUA MON LEOPOLDO FEITOSA;AV GAL OSORIO DE PAIVA;;;;NÃ£o Informado;Luz do Dia;;;Cruz;Pare;Comercial;0;0;2;1;0;0;0;0;0;0;0;0;"-3,77171500000";"-38,56220800000";inter_match
354953;17;1;2020;17:36;0;AV GAL OSORIO DE PAIVA;;;;;Atropelamento;Anoitecer;;;Meio de Quadra;;;0;1;1;1;0;0;0;0;0;0;0;0;;;
354948;17;1;2020;16:38;0;RUA TULIPA NEGRA;;;1935;;ColisÃ£o;Luz do Dia;;;Meio de Quadra;;;0;1;1;1;0;1;0;0;0;0;0;0;"-3,81987800000";"-38,59698600000";mq_match
354949;17;1;2020;16:58;0;AV GENIBAU;;;764;;ColisÃ£o;Luz do Dia;;;Meio de Quadra;;;0;1;0;0;0;0;0;0;0;0;0;0;"-3,76044500000";"-38,60168150000";mq_qgis
354956;17;1;2020;20:53;0;RUA LICURGO MONTENEGRO;;;;;Queda;;;;Meio de Quadra;;;0;1;0;0;0;0;0;0;0;1;0;0;;;
354957;17;1;2020;21:02;0;RUA ANGELICA GURGEL;;;505;;ColisÃ£o;;;;Meio de Quadra;;;0;1;1;1;0;0;0;0;0;1;0;0;"-3,83686205000";"-38,49910780000";mq_qgis
354958;17;1;2020;21:26;0;AV A CJ CEARA;;;926;;ColisÃ£o;;;;Meio de Quadra;;;0;1;1;1;0;0;0;0;0;1;0;0;"-3,76845600000";"-38,60393500000";mq_match
354959;17;1;2020;22:00;0;AV BEIRA MAR;;;2580;;Queda;;;;Meio de Quadra;;;0;1;0;0;0;1;0;0;0;0;0;0;"-3,72551800000";"-38,49761400000";mq_match
354960;17;1;2020;22:07;0;RUA JOAQUIM MARTINS;;;500;;Queda;;;;Meio de Quadra;;;0;1;0;0;0;0;0;0;0;1;0;0;"-3,80517000000";"-38,54124000000";mq_gpsv
354927;17;1;2020;12:27;0;AV D CJ JOSE WALTER;;;220;;Atropelamento;Luz do Dia;;;Meio de Quadra;;;0;1;1;1;0;0;0;0;0;0;0;0;"-3,84144000000";"-38,56201000000";mq_gpsv
354931;17;1;2020;15:54;0;AV JOR THOMAZ COELHO;;;519;;Queda;Luz do Dia;;;Meio de Quadra;;;0;0;1;0;0;0;0;0;0;1;0;0;"-3,83236635000";"-38,50078890000";mq_qgis
354929;17;1;2020;15:42;0;RUA NEREU RAMOS;;;535;;Queda;Luz do Dia;;;Meio de Quadra;;;0;1;0;0;0;0;0;0;0;1;0;0;"-3,78554074000";"-38,57148070000";mq_qgis
354945;17;1;2020;16:24;18404;AV SGT HERMINIO SAMPAIO;AV GOV PARSIFAL BARROSO;;;;Atropelamento;Luz do Dia;;;Cruz;SemÃ¡foro;Comercial;0;1;1;1;0;0;0;0;0;0;0;0;"-3,72791600000";"-38,56927600000";inter_match
354946;17;1;2020;16:30;10119;RUA ITAJAI;RUA LONDRINA;;;;ColisÃ£o;Luz do Dia;;;Cruz;Pare;Comercial;0;1;1;1;0;0;0;0;0;1;0;0;"-3,78317600000";"-38,59559700000";inter_match
354916;17;1;2020;11:45;0;AV PRS COSTA E SILVA;;;1001;;Capotamento;Luz do Dia;;;Meio de Quadra;;;0;1;0;1;0;0;0;0;0;0;0;0;"-3,81325938000";"-38,57049710000";mq_qgis
354914;17;1;2020;10:36;0;AV AUGUSTO DOS ANJOS;;;1865;;ColisÃ£o;Luz do Dia;;;Meio de Quadra;;;0;1;1;1;0;0;0;0;0;1;0;0;"-3,78240634100";"-38,58110561700";mq_match
354910;17;1;2020;08:27;0;RUA MAL DEODORO;;;1274;;ColisÃ£o;Luz do Dia;;;Meio de Quadra;;;0;1;1;1;0;0;0;0;0;1;0;0;"-3,74642500000";"-38,53809000000";mq_qgis
354911;17;1;2020;09:05;0;AV GOV PARSIFAL BARROSO;;;2840;;ColisÃ£o;Luz do Dia;;;Meio de Quadra;;;0;1;1;1;0;0;0;0;0;1;0;0;;;
354912;17;1;2020;09:44;0;RUA 1127 CJ CEARA;;;;;ColisÃ£o;Luz do Dia;;;Meio de Quadra;;;0;1;1;0;0;0;0;0;0;1;0;0;;;
354908;17;1;2020;06:52;0;RUA MON HIPOLITO BRASIL;;;1198;;ColisÃ£o;Luz do Dia;;;Meio de Quadra;;;0;1;1;0;0;1;0;0;0;1;0;0;"-3,75852000000";"-38,57955000000";mq_gpsv
354905;17;1;2020;00:02;0;RUA VIRGILIO BRANDAO;;;600;;ColisÃ£o;;;;Meio de Quadra;;;0;3;0;0;0;0;0;0;0;1;0;0;"-3,75445000000";"-38,59644000000";mq_gpsv
354906;17;1;2020;06:21;0;AV OLIVEIRA PAIVA;;;;;ColisÃ£o;Luz do Dia;;;Meio de Quadra;;;0;1;2;1;1;0;0;0;0;0;0;0;;;
354682;17;1;2020;10:05;0;RUA RAUL CABRAL;;;847;;ColisÃ£o Lateral;Luz do Dia;Bom;Seca;Meio de Quadra;NÃ£o HÃ¡ Controle;Residencial;0;1;1;1;0;0;0;0;0;1;0;0;"-3,76798800000";"-38,54611600000";mq_qgis
354683;17;1;2020;14:20;0;AV BERNARDO MANUEL;;;10070;;ColisÃ£o Traseira;Luz do Dia;Bom;Seca;Meio de Quadra;NÃ£o HÃ¡ Controle;Comercial;0;0;2;1;0;0;0;0;0;0;0;0;"-3,82966000000";"-38,56059000000";mq_gpsv
354573;17;1;2020;17:00;0;RD CE-060;;;;KM-02;ColisÃ£o;Anoitecer;;;Meio de Quadra;;;0;0;2;1;0;0;0;0;0;0;0;0;"-3,83406400000";"-38,58211100000";rod_match
354684;18;1;2020;19:43;15571;AV FRE CIRILO;RUA LETICIA;;;;ColisÃ£o Lateral;Via Iluminada;Bom;Seca;Cruz;SemÃ¡foro;Residencial;0;0;2;0;0;0;0;0;0;1;0;0;"-3,82225700000";"-38,49526200000";inter_match
354685;18;1;2020;22:11;0;AV ABOLICAO;;;3690;;ColisÃ£o Traseira;Via Iluminada;Bom;Seca;Meio de Quadra;NÃ£o HÃ¡ Controle;Comercial;0;1;1;1;0;0;0;0;0;1;0;0;"-3,72590700000";"-38,48661300000";mq_match
354688;18;1;2020;16:47;16057;AV PRS COSTA E SILVA;AV GODOFREDO MACIEL;;0;;Choque c/ ObstÃ¡culo Fixo;Luz do Dia;Bom;Seca;Cruz;SemÃ¡foro;Comercial;0;0;1;0;0;0;0;0;0;0;0;0;"-3,81174300000";"-38,57473900000";inter_match
354961;18;1;2020;02:17;0;AV DR SILAS MUNGUBA;;;;;ColisÃ£o;;;;Meio de Quadra;;;0;2;0;0;0;0;0;0;0;1;0;0;;;
354962;18;1;2020;02:47;0;AV JOSE BASTOS;;;1945;;ColisÃ£o;;;;Meio de Quadra;;;1;0;0;0;0;0;0;0;0;1;0;0;"-3,73872000000";"-38,54347000000";mq_gpsv
354963;18;1;2020;05:44;0;AV BEZERRA DE MENEZES;;;1584;;Queda;Amanhecer;;;Meio de Quadra;;;0;1;0;0;0;1;0;0;0;0;0;0;"-3,73445356000";"-38,55867270000";mq_qgis
354964;18;1;2020;06:58;0;AV GAL OSORIO DE PAIVA;;;4356;;Queda;Luz do Dia;;;Meio de Quadra;;;0;1;0;0;0;0;0;0;0;1;0;0;"-3,79566063000";"-38,59328460000";mq_qgis
354969;18;1;2020;08:53;17285;RUA JOAO FIRMINO;RUA IRM BAZET;;;;ColisÃ£o;Luz do Dia;;;Cruz;Pare;Comercial;0;1;1;1;0;0;0;0;0;1;0;0;"-3,76280800000";"-38,55430800000";inter_match
354970;18;1;2020;09:30;0;AV ODILON GUIMARAES;;;1427;;ColisÃ£o;Luz do Dia;;;Meio de Quadra;;;0;1;1;1;0;0;0;0;0;1;0;0;"-3,82542400000";"-38,47932600000";mq_match
354966;18;1;2020;07:39;0;AV WASHINGTON SOARES;;;6450;;ColisÃ£o;Luz do Dia;;;Meio de Quadra;;;0;1;1;1;0;0;0;0;0;1;0;0;"-3,81515200000";"-38,48153300000";mq_match
354967;18;1;2020;08:00;0;RUA TOMAS CAVALCANTE;;;570;;ColisÃ£o;Luz do Dia;;;Meio de Quadra;;;0;1;1;0;0;0;0;0;0;1;0;0;"-3,75492322000";"-38,59584770000";mq_qgis
355223;18;1;2020;21:19;0;AV ABOLICAO;;;3690;;ColisÃ£o;;;;Meio de Quadra;;;0;1;1;0;0;0;0;0;0;1;0;0;"-3,72590700000";"-38,48661300000";mq_match
355225;18;1;2020;21:57;0;RUA NOSSA SRA DAS GRACAS;;;654;;ColisÃ£o;;;;Meio de Quadra;;;0;1;1;0;0;0;0;0;0;1;0;0;"-3,70984438000";"-38,55427240000";mq_qgis
355227;18;1;2020;22:15;0;RUA VITAL BRASIL;;;1871;;ColisÃ£o;;;;Meio de Quadra;;;0;1;0;0;0;0;0;0;0;0;0;0;"-3,77812019000";"-38,59761400000";mq_qgis
355189;18;1;2020;19:03;0;AV LUIZ VIEIRA;;;;;ColisÃ£o;;;;Meio de Quadra;;;0;1;1;1;0;0;0;0;0;1;0;0;;;
355190;18;1;2020;19:33;0;AV ANTONIO SALES;;;;;ColisÃ£o;;;;Meio de Quadra;;;0;1;1;1;0;0;0;0;0;0;0;0;;;
355220;18;1;2020;19:42;0;AV EDUARDO GIRAO;;;375;;Queda;;;;Meio de Quadra;;;0;1;0;0;0;1;0;0;0;0;0;0;"-3,74889593000";"-38,53960270000";mq_qgis
355221;18;1;2020;19:46;0;RUA ARACAJU;;;1366;;ColisÃ£o;;;;Meio de Quadra;;;0;1;0;0;0;0;0;0;0;0;0;0;"-3,76413989000";"-38,58987840000";mq_qgis
355230;18;1;2020;22:36;0;RUA PRO HERIBALDO COSTA;;;;;ColisÃ£o;;;;Meio de Quadra;;;0;1;1;1;0;0;0;0;0;1;0;0;;;
355231;18;1;2020;22:36;11630;RUA BOA VISTA;RUA PRO HERIBALDO COSTA;;;;ColisÃ£o;;;;Cruz;Pare;Comercial;0;1;1;0;0;0;0;0;0;1;0;0;"-3,76797400000";"-38,58803500000";inter_match
355185;18;1;2020;18:17;0;RUA AVARE;;;500;;Atropelamento;Anoitecer;;;Meio de Quadra;;;0;1;1;0;0;0;0;0;0;1;0;0;"-3,84364571000";"-38,52568060000";mq_qgis
355186;18;1;2020;18:47;0;AV AUGUSTO DOS ANJOS;;;747;;ColisÃ£o;;;;Meio de Quadra;;;0;1;1;1;0;0;0;0;0;1;0;0;"-3,77445000000";"-38,57404000000";mq_gpsv
355187;18;1;2020;18:58;0;AV DOLOR BARREIRA;;;550;;ColisÃ£o;;;;Meio de Quadra;;;0;1;0;0;0;0;0;0;0;0;0;0;"-3,72977471000";"-38,47237320000";mq_qgis
355075;18;1;2020;11:33;0;RUA GUSTAVO BRAGA;;;535;;ColisÃ£o;Luz do Dia;;;Meio de Quadra;;;0;1;1;1;0;0;0;0;0;1;0;0;"-3,74838184000";"-38,55549600000";mq_qgis
355076;18;1;2020;12:14;0;AV LUCIANO CARNEIRO;;;2120;;Atropelamento;Luz do Dia;;;Meio de Quadra;;;0;1;1;1;0;0;0;0;0;0;0;0;"-3,76665800000";"-38,53721900000";mq_match
355077;18;1;2020;12:52;0;RUA PESSOA ANTA;;;129;;ColisÃ£o;Luz do Dia;;;Meio de Quadra;;;0;1;1;1;0;0;0;0;0;1;0;0;"-3,72102380000";"-38,52178200000";mq_match
355078;18;1;2020;12:59;0;RUA DAS BELAS;;;;;ColisÃ£o;Luz do Dia;;;Meio de Quadra;;;0;1;0;0;0;0;0;0;0;0;0;0;;;
355079;18;1;2020;14:05;0;RUA CON DE CASTRO;;;4218;;ColisÃ£o;Luz do Dia;;;Meio de Quadra;;;0;1;0;0;0;0;0;0;0;0;0;0;"-3,80267762000";"-38,58987690000";mq_qgis
354973;18;1;2020;09:36;0;AV MAE LISBOA;;;3477;;Queda;Luz do Dia;;;Meio de Quadra;;;0;1;0;0;0;0;0;0;0;1;0;0;"-3,71971060000";"-38,56332290000";mq_gpsv
354974;18;1;2020;10:06;19805;AV ENG HUMBERTO MONTE;RUA JOSE PONTES;;;;ColisÃ£o;Luz do Dia;;;Cruz;SemÃ¡foro;Comercial;0;1;1;0;0;0;0;0;0;1;0;0;"-3,73941300000";"-38,56855300000";inter_match
355088;18;1;2020;14:09;21883;RUA EMILIA GONCALVES;RUA DEP MATOSO FILHO;;;;ColisÃ£o;Luz do Dia;;;Cruz;Pare;Residencial;0;1;1;0;0;0;0;0;0;1;0;0;"-3,73340000000";"-38,59257500000";inter_match
355098;18;1;2020;15:22;15815;RUA MANUEL CASTELO BRANCO;RUA CEL GUILHERME ALENCAR;;;;ColisÃ£o;Luz do Dia;;;Cruz;Pare;Comercial;0;1;1;1;0;0;0;0;0;1;0;0;"-3,83193400000";"-38,49182900000";inter_match
355093;18;1;2020;14:42;0;RUA DA PAZ;;;1602;;ColisÃ£o;Luz do Dia;;;Meio de Quadra;;;0;3;0;0;0;1;0;0;0;1;0;0;"-3,80895000000";"-38,62819000000";mq_gpsv
355090;18;1;2020;14:27;0;AV MR HULL;;;53222;;Atropelamento;Luz do Dia;;;Meio de Quadra;;;0;1;1;0;0;0;0;0;0;1;0;0;;;
355100;18;1;2020;15:22;0;RUA LUIS VIEIRA;;;911;;ColisÃ£o;Luz do Dia;;;Meio de Quadra;;;0;1;1;1;0;0;0;0;0;1;0;0;"-3,79083000000";"-38,58871000000";mq_gpsv
355095;18;1;2020;14:43;0;RUA GAL CASTELO BRANCO (CID. FUNCIONARIOS);;;;;ColisÃ£o;Luz do Dia;;;Meio de Quadra;;;0;1;0;0;0;0;0;0;0;0;0;0;;;
355105;18;1;2020;17:01;0;AV JOSE BASTOS;;;;;ColisÃ£o;Anoitecer;;;Meio de Quadra;;;0;0;2;1;0;0;0;0;0;1;0;0;;;
355103;18;1;2020;16:06;0;RUA VINTE E QUATRO DE MAIO;;;;;ColisÃ£o;Luz do Dia;;;Meio de Quadra;;;0;1;1;1;0;0;0;0;0;1;0;0;;;
355108;18;1;2020;17:27;0;RUA MARTINS DE LIMA;;;902;;ColisÃ£o;Anoitecer;;;Meio de Quadra;;;0;1;1;1;0;0;0;0;0;1;0;0;"-3,82824000000";"-38,60177000000";mq_gpsv
355583;18;1;2020;08:00;24939;AV BEZERRA DE MENEZES;RUA CEL MOZART GONDIM;;;;ColisÃ£o;Luz do Dia;;;Cruz;SemÃ¡foro;Comercial;0;0;2;1;0;0;0;0;0;1;0;0;"-3,73444900000";"-38,55865100000";inter_match
357587;18;1;2020;12:07;0;AV CONTORNO NORTE D71;;;1263;;ColisÃ£o;Luz do Dia;;;Meio de Quadra;;;0;1;1;1;0;1;0;0;0;0;0;0;"-3,81289900000";"-38,58862100000";mq_qgis
355585;19;1;2020;20:20;2830;AV GAL OSORIO DE PAIVA;RUA OSCAR FRANCA;;;;ColisÃ£o;;;;T;SemÃ¡foro;Comercial;0;0;1;0;0;0;0;0;0;0;0;0;"-3,79447300000";"-38,59211300000";inter_match
355232;19;1;2020;01:35;0;RUA BIAS MENDES;;;;;Queda;;;;Meio de Quadra;;;0;1;0;0;0;0;0;0;0;1;0;0;;;
355237;19;1;2020;02:28;0;AV DR SILAS MUNGUBA;;;1181;;ColisÃ£o;;;;Meio de Quadra;;;0;1;1;1;0;0;0;0;0;1;0;0;"-3,78237700000";"-38,55543400000";mq_match
355238;19;1;2020;02:40;0;AV CEL CARVALHO;;;1457;;Queda;;;;Meio de Quadra;;;0;1;0;0;0;0;0;0;0;1;0;0;"-3,71532556000";"-38,58848110000";mq_qgis
355235;19;1;2020;02:18;19656;AV BEZERRA DE MENEZES;RUA PRO JOSE DE BARCELOS;;;;ColisÃ£o;;;;Cruz;SemÃ¡foro;Comercial;0;1;1;1;0;0;0;0;0;1;0;0;"-3,73289800000";"-38,55106600000";inter_match
355260;19;1;2020;22:44;0;AV GAL OSORIO DE PAIVA;;;4176;;Atropelamento;;;;Meio de Quadra;;;0;1;1;1;0;0;0;0;0;0;0;0;"-3,79462120000";"-38,59238400000";mq_match
355261;19;1;2020;23:27;0;AV AMERICO BARREIRA;;;;;ColisÃ£o;;;;Meio de Quadra;;;0;1;1;1;0;0;0;0;0;1;0;0;;;
355240;19;1;2020;02:45;15189;AV ABOLICAO;RUA FRE MANSUETO;;;;ColisÃ£o;;;;Cruz;SemÃ¡foro;Comercial;0;1;1;1;0;0;0;0;0;1;0;0;"-3,72636800000";"-38,48932400000";inter_match
355241;19;1;2020;04:14;0;AV DIOGUINHO;;;146;;Queda;;;;Meio de Quadra;;;0;1;0;0;0;0;0;0;0;1;0;0;"-3,72678000000";"-38,46146000000";mq_gpsv
355242;19;1;2020;13:21;23430;RUA MON SALAZAR;RUA CAP MELO;;;;ColisÃ£o;Luz do Dia;;;Cruz;SemÃ¡foro;Misto;0;1;1;1;0;0;0;0;0;1;0;0;"-3,75601900000";"-38,51318000000";inter_match
355243;19;1;2020;13:50;0;RUA SEN POMPEU;;;;;Queda;Luz do Dia;;;Meio de Quadra;;;0;1;0;0;0;0;0;0;0;1;0;0;;;
355244;19;1;2020;14:07;21256;RUA DOM QUINTINO;RUA DOM HELIO CAMPOS D21;;;;ColisÃ£o;Luz do Dia;;;Duplo T;Pare;Residencial;0;1;0;0;0;0;0;0;0;0;0;0;"-3,71106000000";"-38,55471000000";inter_gpsv
355245;19;1;2020;14:57;17585;RUA RIO GRANDE DO SUL;RUA MARANHAO;;;;ColisÃ£o;Luz do Dia;;;Cruz;Pare;Comercial;0;1;1;0;0;0;0;0;0;1;1;0;"-3,75569500000";"-38,56568900000";inter_match
355246;19;1;2020;16:00;19703;RUA GUSTAVO SAMPAIO;RUA PEDRO DE QUEIROZ;;;;ColisÃ£o;Luz do Dia;;;Cruz;Pare;Residencial;0;1;1;1;0;0;0;0;0;1;0;0;"-3,73609700000";"-38,56057700000";inter_match
355247;19;1;2020;16:41;0;RUA DOM JERONIMO D06;;;795;;Queda;Luz do Dia;;;Meio de Quadra;;;0;1;0;0;0;1;0;0;0;0;0;0;"-3,73861000000";"-38,54217000000";mq_gpsv
355248;19;1;2020;17:07;0;AV GAL OSORIO DE PAIVA;;;7823;;ColisÃ£o;Anoitecer;;;Meio de Quadra;;;0;1;1;1;0;0;0;0;0;1;0;0;"-3,82053300000";"-38,61739100000";mq_match
355249;19;1;2020;17:36;0;AV BEIRA MAR;;;;;Queda;Anoitecer;;;Meio de Quadra;;;0;1;0;0;0;1;0;0;0;0;0;0;;;