COD_ACIDENTE;DIA;MES;ANO;HORA;INTERSECAO;LOG1;LOG2;LOG3;NUMERO;REFERENCIA;NATUREZA;ILUMINACAO;TEMPO;SUPERFICIEPISTA;TIPOCRUZAMENTO;CONTROLETRAFEGO;USOSOLO;MORTOS;FERIDOS;ILESOS;AUTOMOVEL;ONIBUS;BICICLETA;CAMINHAO;MICROONIBUS;CICLOMOTOR;MOTOCICLETA;TRACAOANIMAL;TREM;LATITUDE;LONGITUDE;METODO
355584;5;2;2020;18:55;0;AV ENG SANTANA JUNIOR;;;1;;ColisÃ£o;;;Outros;Meio de Quadra;;;0;0;2;1;0;0;0;0;0;0;0;0;"-3,74432560000";"-38,48841500000";mq_match
355578;5;2;2020;12:30;0;AV SEN CARLOS JEREISSATI (AEROPORTO);;;;KM 03;ColisÃ£o;Luz do Dia;;Seca;Meio de Quadra;;;0;0;2;1;0;0;0;0;0;0;0;0;"-3,77964100000";"-38,54403800000";rod_match
355579;5;2;2020;11:40;0;AV MIN JOSE AMERICO;;;2;;ColisÃ£o;Luz do Dia;;Seca;Meio de Quadra;;;0;0;3;1;0;0;0;0;0;0;0;0;"-3,81291000000";"-38,49932000000";mq_gpsv
355580;5;2;2020;17:08;0;AV SEN CARLOS JEREISSATI (AEROPORTO);;;1;KM 01;ColisÃ£o;Anoitecer;;Outros;Meio de Quadra;;;0;0;2;1;0;0;0;0;0;0;0;0;"-3,77892800000";"-38,54042400000";mq_match
356325;5;2;2020;06:48;0;RD BR 222;;;;;ColisÃ£o;Luz do Dia;;;Meio de Quadra;;;0;1;0;0;0;0;0;0;0;1;0;0;;;
356326;5;2;2020;06:48;0;AV ROGACIANO LEITE;;;1020;;ColisÃ£o;Luz do Dia;;;Meio de Quadra;;;0;1;0;1;0;0;0;0;0;1;0;0;"-3,76631470000";"-38,49641400000";mq_match
356327;5;2;2020;07:27;0;RUA ULISSES BEZERRA;;;;;ColisÃ£o;Luz do Dia;;;Meio de Quadra;;;0;1;0;1;0;0;0;0;0;1;0;0;;;
356328;5;2;2020;07:33;0;RUA PRA HELOISA F LIMA;;;640;;ColisÃ£o;Luz do Dia;;;Meio de Quadra;;;0;1;0;0;0;0;0;0;0;1;0;0;"-3,79582170000";"-38,49972820000";mq_match
356329;5;2;2020;08:13;0;AV DR SILAS MUNGUBA;;;1409;;ColisÃ£o;Luz do Dia;;;Meio de Quadra;;;0;1;0;1;0;0;0;0;0;1;0;0;"-3,78395000000";"-38,55391000000";mq_match
356330;5;2;2020;12:04;0;AV BAR STUDART;;;410;;ColisÃ£o;Luz do Dia;;;Meio de Quadra;;;0;1;0;1;0;0;0;0;0;1;0;0;"-3,72725400000";"-38,50423800000";mq_qgis
356331;5;2;2020;12:05;1325;RUA JOAQUIM NABUCO;AV SANTOS DUMONT;;;;Queda;Luz do Dia;;;Cruz;SemÃ¡foro;Comercial;0;1;0;0;0;0;0;0;0;1;0;0;"-3,73529500000";"-38,50128500000";inter_match
356332;5;2;2020;12:48;0;RUA MARIA JOSE TEIXEIRA;;;302;;Queda;Luz do Dia;;;Meio de Quadra;;;0;1;0;0;0;0;0;0;0;1;0;0;"-3,72735325000";"-38,59365150000";mq_qgis
356333;5;2;2020;13:06;0;RUA DEMETRIO MENEZES;;;3625;;Queda;Luz do Dia;;;Meio de Quadra;;;0;1;0;0;0;0;0;0;0;1;0;0;"-3,73520500000";"-38,58415900000";mq_match
356334;5;2;2020;16:23;0;AV N CJ JOSE WALTER;;;1475;;ColisÃ£o;Luz do Dia;;;Meio de Quadra;;;0;1;1;0;0;1;0;0;0;1;0;0;"-3,77560020000";"-38,49214490000";mq_gpsv
356335;5;2;2020;17:40;0;AV AUGUSTO DOS ANJOS;;;644;;Queda;Anoitecer;;;Meio de Quadra;;;0;1;0;0;0;0;0;0;0;1;0;0;"-3,77399192600";"-38,57367915000";mq_match
356337;5;2;2020;17:40;7417;RUA MACEIO;RUA MON HIPOLITO BRASIL;;;;ColisÃ£o;Anoitecer;;;;;;0;1;0;0;0;0;0;0;0;1;0;0;"-3,75506300000";"-38,58601600000";inter_match
356339;5;2;2020;18:11;17430;RUA EDITE BRAGA;RUA PRO TEODORICO;;;;ColisÃ£o;Anoitecer;;;Cruz;Pare;Comercial;0;1;0;1;0;0;0;0;0;1;0;0;"-3,76864300000";"-38,55377200000";inter_match
356340;5;2;2020;19:28;0;RUA PORFIRIO SAMPAIO;;;2258;;Atropelamento;;;;Meio de Quadra;;;0;1;1;0;0;0;0;0;0;1;0;0;"-3,74024508000";"-38,55241170000";mq_qgis
356343;5;2;2020;20:11;0;RUA DOM XISTO ALBANO;;;2210;;Queda;;;;Meio de Quadra;;;0;1;0;0;0;0;0;0;0;1;0;0;"-3,80071792000";"-38,58903810000";mq_qgis
356415;6;2;2020;08:37;0;AV JOSE BASTOS;;;;;Queda;Luz do Dia;;;Meio de Quadra;;;0;0;1;0;0;0;0;0;0;1;0;0;;;
356416;6;2;2020;10:10;0;RUA STA CATARINA (BELA VISTA / PAN AMERICANO);;;992;;ColisÃ£o;Luz do Dia;;;Meio de Quadra;;;0;1;1;0;0;1;0;0;0;1;0;0;"-3,75514655000";"-38,56617930000";mq_qgis
356417;6;2;2020;11:14;0;AV ZEZE DIOGO;;;;;ColisÃ£o;Luz do Dia;;;Meio de Quadra;;;0;1;0;1;0;0;0;0;0;1;0;0;;;
356418;6;2;2020;11:33;0;RUA JOSE MENDONCA;;;935;;ColisÃ£o;Luz do Dia;;;Meio de Quadra;;;0;1;0;0;0;0;0;0;0;1;0;0;"-3,75529869700";"-38,60184856200";mq_match
356419;6;2;2020;11:37;0;AV PRS CASTELO BRANCO;;;2667;;Queda;Luz do Dia;;;Meio de Quadra;;;0;1;0;0;0;0;0;0;0;1;0;0;"-3,71279448000";"-38,55168630000";mq_qgis
356420;6;2;2020;11:42;0;AV JOAO PESSOA;;;4961;;ColisÃ£o;Luz do Dia;;;Meio de Quadra;;;1;0;1;0;0;0;0;0;0;1;0;0;"-3,75553000000";"-38,55221000000";mq_gpsv
356421;6;2;2020;12:40;0;AV GODOFREDO MACIEL;;;3181;;ColisÃ£o;Luz do Dia;;;Meio de Quadra;;;0;1;0;1;0;0;0;0;0;1;0;0;"-3,80326400000";"-38,57204000000";mq_qgis
356382;6;2;2020;06:58;0;RUA JOSE FACANHA;;;692;;Queda;Luz do Dia;;;Meio de Quadra;;;0;1;0;0;0;0;0;0;0;1;0;0;"-3,75201900000";"-38,55739580000";mq_qgis
356383;6;2;2020;07:22;0;RUA CEL MATOS DOURADO;;;500;;ColisÃ£o;Luz do Dia;;;Meio de Quadra;;;0;1;0;1;0;0;0;0;0;1;0;0;"-3,74359000000";"-38,58519000000";mq_gpsv
356384;6;2;2020;07:55;7884;RUA VICENTE LEITE;AV ANTONIO SALES;;;;ColisÃ£o;Luz do Dia;;;Cruz;Pare;Comercial;0;1;0;1;0;0;0;0;0;1;0;0;"-3,74665600000";"-38,49846800000";inter_match
356385;6;2;2020;07:55;0;RD BR 116;;;13000;KM-13;ColisÃ£o;Luz do Dia;;;Meio de Quadra;;;0;1;0;1;0;0;0;0;0;1;0;0;"-3,86467000000";"-38,49772700000";rod_match
356386;6;2;2020;08:36;0;RUA CEL DIONISIO ALENCAR;;;2103;;Atropelamento;Luz do Dia;;;Meio de Quadra;;;0;1;0;1;0;0;0;0;0;0;0;0;;;
356450;6;2;2020;12:07;0;RUA MOZART ANSELMO (D65);;;111;;Queda;Luz do Dia;;;Meio de Quadra;;;0;1;0;0;0;0;0;0;0;1;0;0;"-3,84966000000";"-38,48282000000";mq_gpsv
356451;6;2;2020;13:58;0;RUA CON DE CASTRO;;;399;;Atropelamento;Luz do Dia;;;Meio de Quadra;;;0;1;0;0;0;0;0;0;0;1;0;0;"-3,77753983000";"-38,56662010000";mq_qgis
356452;6;2;2020;14:21;0;AV SEN VIRGILIO TAVORA;;;10;;ColisÃ£o;Luz do Dia;;;Meio de Quadra;;;0;1;0;0;0;0;1;0;0;1;0;0;"-3,74502000000";"-38,49577000000";mq_gpsv
356453;6;2;2020;15:53;0;AV DA INDEPENDENCIA;;;2445;;Atropelamento;Luz do Dia;;;Meio de Quadra;;;0;1;1;0;0;0;0;0;0;1;0;0;"-3,72368300000";"-38,60193100000";mq_match
356454;6;2;2020;15:54;0;AV GAL OSORIO DE PAIVA;;;1127;;Queda;Luz do Dia;;;Meio de Quadra;;;0;1;1;0;0;0;0;0;0;1;0;0;"-3,77914552500";"-38,57207319000";mq_match
356455;6;2;2020;16:08;3863;AV 13 DE MAIO;AV DOS EXPEDICIONARIOS;;;;ColisÃ£o;Luz do Dia;;;;;;0;1;1;1;1;0;0;0;0;0;0;0;"-3,74445870000";"-38,53494700000";inter_match
356456;6;2;2020;16:26;9198;RUA COSTA ARAUJO;RUA BAR ARATANHA;;;;ColisÃ£o;Luz do Dia;;;Cruz;Pare;Comercial;0;1;0;1;0;0;0;0;0;1;0;0;"-3,74694600000";"-38,53109900000";inter_match
356463;6;2;2020;16:47;0;AV PRUDENTE BRASIL;;;529;;ColisÃ£o;Luz do Dia;;;Meio de Quadra;;;0;1;0;1;0;0;0;0;0;1;0;0;"-3,80704027000";"-38,53353750000";mq_qgis
356467;6;2;2020;17:02;0;AV EDILSON B SOARES;;;1471;;Atropelamento;Anoitecer;;;Meio de Quadra;;;0;1;1;1;0;0;0;0;0;0;0;0;"-3,78878100000";"-38,47280500000";mq_match
356470;6;2;2020;18:33;16281;RUA ANTONIO BARBOSA;RUA ANTONIO PEREIRA;;;;ColisÃ£o;;;;Cruz;NÃ£o HÃ¡ Controle;Residencial;0;2;0;0;0;0;0;0;0;1;0;0;"-3,83295200000";"-38,56528900000";inter_match
356476;6;2;2020;18:51;0;RUA BERNARDO MANUEL;;;9195;;ColisÃ£o;;;;Meio de Quadra;;;0;1;0;1;0;0;0;0;0;1;0;0;"-3,80016187000";"-38,55186040000";mq_qgis
356483;6;2;2020;19:19;0;AV WASHINGTON SOARES;;;405;;ColisÃ£o;;;;Meio de Quadra;;;0;1;0;0;0;0;0;0;0;0;0;0;"-3,75796600000";"-38,48745900000";mq_match
356487;6;2;2020;20:22;0;AV PERIMETRAL;;;2000;;ColisÃ£o;;;;Meio de Quadra;;;0;1;0;1;0;0;0;0;0;1;0;0;;;
356488;6;2;2020;21:50;0;RUA LUIZ AZEVEDO;;;468;;ColisÃ£o;;;;Meio de Quadra;;;0;1;0;1;0;0;0;0;0;1;0;0;"-3,73513000000";"-38,47745000000";mq_gpsv
356494;6;2;2020;23:13;0;RUA PARANA;;;739;;ColisÃ£o;;;;Meio de Quadra;;;0;1;0;0;0;0;0;0;0;1;0;0;"-3,75707780000";"-38,56823860000";mq_qgis
356495;6;2;2020;23:25;0;RUA BANVAR BEZERRA;;;;;ColisÃ£o;;;;Meio de Quadra;;;0;1;1;1;0;0;0;0;0;1;0;0;;;
356492;6;2;2020;22:48;0;AV GAL OSORIO DE PAIVA;;;;;Queda;;;;Meio de Quadra;;;0;1;0;0;0;0;0;0;0;1;0;0;;;
356345;6;2;2020;06:03;0;AV PERIMETRAL;;;3602;;ColisÃ£o;Luz do Dia;;;Meio de Quadra;;;0;2;0;0;0;0;0;0;0;1;0;0;;;
356346;6;2;2020;06:48;10368;RUA JOSE MENDONCA;RUA NOSSA SRA APARECIDA;;;;Atropelamento;Luz do Dia;;;Cruz;Pare;Residencial;0;1;0;0;0;0;0;0;0;1;0;0;"-3,75792100000";"-38,60233200000";inter_match
355551;6;2;2020;12:30;0;AV BEZERRA DE MENEZES;;;1198;;ColisÃ£o;Luz do Dia;Chuva;Molhada;Meio de Quadra;NÃ£o HÃ¡ Controle;Comercial;0;1;1;1;0;0;0;0;0;1;0;0;"-3,73383174000";"-38,55558220000";mq_qgis
355548;6;2;2020;16:40;0;AV CEL CARVALHO;;;2421;;Atropelamento;Luz do Dia;Bom;Seca;Meio de Quadra;SemÃ¡foro;Comercial;1;1;1;0;1;0;0;0;0;0;0;0;"-3,72379600000";"-38,58625500000";mq_qgis
355546;6;2;2020;08:30;0;AV BEZERRA DE MENEZES;;;2216;;ColisÃ£o Lateral;Luz do Dia;Nublado;Molhada;Meio de Quadra;SemÃ¡foro;Comercial;1;0;1;0;0;0;1;0;0;1;0;0;"-3,73565289000";"-38,56438320000";mq_qgis
355650;6;2;2020;16:33;0;AV 13 DE MAIO;;;2081;;ColisÃ£o Lateral;Luz do Dia;Bom;Seca;Meio de Quadra;SemÃ¡foro;Escola;0;0;2;0;1;0;0;0;0;0;0;0;"-3,74416200000";"-38,53538300000";mq_match
355589;6;2;2020;08:00;0;RD CE-040;;;85;KM-04;ColisÃ£o;Luz do Dia;;Seca;Meio de Quadra;;;0;1;1;1;0;0;0;0;0;1;0;0;"-3,79161315600";"-38,48033084000";rod_match
355639;6;2;2020;13:05;0;RUA WALDIR DIOGO;;;700;;ColisÃ£o Lateral;Luz do Dia;Bom;Seca;Meio de Quadra;NÃ£o HÃ¡ Controle;Comercial;0;1;1;1;0;0;0;0;0;1;0;0;"-3,80515644300";"-38,58415010000";mq_match
355640;6;2;2020;15:10;0;RUA JULIO IBIAPINA;;;233;;ColisÃ£o Traseira;Luz do Dia;Bom;Seca;Meio de Quadra;Pare;Comercial;0;1;1;0;0;0;0;0;0;1;0;0;"-3,72752700000";"-38,49115500000";mq_qgis
355641;6;2;2020;13:30;25063;AV DOS EXPEDICIONARIOS;RUA ARMANDO MONTEIRO;;;;ColisÃ£o Lateral;Luz do Dia;Bom;Seca;Cruz;Pare;Comercial;0;1;2;1;0;0;0;0;0;1;0;0;"-3,76223000000";"-38,54037200000";inter_match
355642;6;2;2020;19:27;0;AV AGUANAMBI;;;1733;;ColisÃ£o Lateral;Anoitecer;Bom;Seca;Meio de Quadra;NÃ£o HÃ¡ Controle;Comercial;0;1;2;1;1;0;0;0;0;1;0;0;"-3,75249980000";"-38,52356700000";mq_match
355644;6;2;2020;21:00;0;AV DR THEBERGE;;;638;;ColisÃ£o Lateral;Via Iluminada;Bom;Seca;Meio de Quadra;SemÃ¡foro;Comercial;0;0;2;1;0;0;0;0;0;0;0;0;"-3,70927583800";"-38,56318143200";mq_match
355597;7;2;2020;12:00;0;RD CE-040;;;;KM-04;ColisÃ£o;Luz do Dia;;Seca;Meio de Quadra;;;0;0;2;1;0;0;0;0;0;0;0;0;"-3,79161315600";"-38,48033084000";rod_match
355598;7;2;2020;12:15;0;RD CE-040;;;8808;KM-08;ColisÃ£o;Luz do Dia;;Seca;Meio de Quadra;;;0;0;3;0;0;0;0;0;0;1;0;0;"-3,82551582200";"-38,48153832000";rod_match
355595;7;2;2020;09:00;0;RD CE-040;;;;KM-05;ColisÃ£o;Luz do Dia;;Seca;Meio de Quadra;;;0;0;2;1;0;0;0;1;0;0;0;0;"-3,80059582300";"-38,47953463000";rod_match
355646;7;2;2020;07:17;0;AV GAL MURILO BORGES;;;;;ColisÃ£o Traseira;Luz do Dia;Bom;Seca;Meio de Quadra;NÃ£o HÃ¡ Controle;Comercial;0;0;3;1;0;1;0;0;0;0;0;0;;;
355647;7;2;2020;07:00;15246;RUA TEN BENEVOLO;RUA CARLOS VASCONCELOS;;;;ColisÃ£o Transversal;Luz do Dia;Bom;Seca;Cruz;SemÃ¡foro;Residencial;0;2;1;1;0;0;0;0;0;0;0;0;"-3,72798900000";"-38,50917400000";inter_match
355648;7;2;2020;08:42;0;AV JOSE BASTOS;;;3390;HEMOCE;NÃ£o Informado;Luz do Dia;Bom;Seca;Meio de Quadra;NÃ£o HÃ¡ Controle;Comercial;0;0;1;1;0;0;0;0;0;0;0;0;"-3,74823250000";"-38,54878260000";mq_match
355649;7;2;2020;09:24;1375;AV SANTOS DUMONT;RUA BARBOSA DE FREITAS;;;;ColisÃ£o Transversal;Luz do Dia;Bom;Seca;Cruz;SemÃ¡foro;Comercial;0;1;0;0;0;0;0;0;0;1;0;0;"-3,73655100000";"-38,49736300000";inter_match
355561;7;2;2020;18:00;0;RUA JOR NERTAM MACEDO;;;309;;Outros;Via Iluminada;Bom;Seca;Meio de Quadra;Pare;Residencial;0;0;1;1;0;0;0;0;0;0;0;0;"-3,75014888000";"-38,47677490000";mq_qgis
355553;7;2;2020;10:51;5214;RUA PEREIRA FILGUEIRAS;RUA DNA LEOPOLDINA;;;;ColisÃ£o Lateral;Luz do Dia;Bom;Molhada;Cruz;Pare;Comercial;0;0;2;1;1;0;0;0;0;0;0;0;"-3,72664700000";"-38,51816700000";inter_match
356501;7;2;2020;06:42;0;AV GAL MURILO BORGES;;;;;Atropelamento;Luz do Dia;;;Meio de Quadra;;;0;1;1;1;0;0;0;0;0;0;0;0;;;
356503;7;2;2020;07:25;7391;RUA CURITIBA;RUA ARACAJU;;;;ColisÃ£o;Luz do Dia;;;Cruz;Pare;Misto;0;2;1;1;0;0;0;0;0;1;0;0;"-3,75840000000";"-38,58685000000";inter_gpsv
356504;7;2;2020;08:17;0;RUA STA ROSA D20/21 (JACARECANGA);;;493;;ColisÃ£o;Luz do Dia;;;Meio de Quadra;;;0;1;1;0;0;1;0;0;0;1;0;0;"-3,71363083000";"-38,55341000000";mq_qgis
356505;7;2;2020;10:33;0;RUA SOLON PINHEIRO;;;1070;;ColisÃ£o;Luz do Dia;;;Meio de Quadra;;;0;1;0;1;0;0;0;0;0;1;0;0;"-3,73572060000";"-38,50692400000";mq_match
356506;7;2;2020;10:47;0;AV JOR THOMAZ COELHO;;;1850;;Queda;Luz do Dia;;;Meio de Quadra;;;0;1;0;0;0;1;0;0;0;0;0;0;"-3,82931800000";"-38,51118100000";mq_qgis
356507;7;2;2020;12:02;0;RUA MARCONDES PEREIRA;;;1460;;ColisÃ£o;Luz do Dia;;;Meio de Quadra;;;0;1;0;1;0;0;0;0;0;1;0;0;"-3,75021221000";"-38,50454180000";mq_qgis
356508;7;2;2020;14:22;0;RUA GUILHERME PESSOA;;;870;;ColisÃ£o;Luz do Dia;;;Meio de Quadra;;;0;1;0;0;0;0;0;0;0;1;0;0;"-3,82711922000";"-38,48781250000";mq_qgis
356509;7;2;2020;14:32;25395;RUA TULIPA;RUA SAO BERNARDO;;;;ColisÃ£o;Luz do Dia;;;T;Outros;Residencial;0;1;0;1;0;0;0;0;0;1;0;0;"-3,71213900000";"-38,57867500000";inter_match
356871;7;2;2020;17:50;0;AV OLIVEIRA PAIVA;;;;;ColisÃ£o;Anoitecer;;;Meio de Quadra;;;0;0;2;0;0;0;0;0;0;1;0;0;;;
356675;7;2;2020;16:01;23746;AV GAL OSORIO DE PAIVA;RUA LEAO DO NORTE;;;;ColisÃ£o;Luz do Dia;;;Outros;Outros;Comercial;0;1;0;1;0;0;0;0;0;1;0;0;"-3,78314000000";"-38,57823000000";inter_gpsv
356676;7;2;2020;16:19;0;AV DOS JANGADEIROS;;;960;;ColisÃ£o;Luz do Dia;;;Meio de Quadra;;;0;2;0;1;0;0;0;0;0;1;0;0;"-3,72588000000";"-38,47881000000";mq_match
356677;7;2;2020;16:20;0;RUA SOBREIRA FILHO;;;374;;Queda;Luz do Dia;;;Meio de Quadra;;;0;1;0;0;0;1;0;0;0;0;0;0;"-3,77928753000";"-38,58266790000";mq_qgis
356678;7;2;2020;17:05;13089;RUA 41 CJ JOSE WALTER;AV C CJ JOSE WALTER;;;;ColisÃ£o;Anoitecer;;;Cruz;Pare;Residencial;0;2;0;1;0;0;0;0;0;1;0;0;"-3,82827900000";"-38,55716700000";inter_match
356679;7;2;2020;17:29;0;RUA GERALDO BARBOSA;;;770;;ColisÃ£o;Anoitecer;;;Meio de Quadra;;;0;1;0;1;0;0;0;0;0;1;0;0;"-3,79278847000";"-38,59927850000";mq_qgis
356680;7;2;2020;17:32;9654;RUA OSCAR ARARIPE;RUA FRANCISCO PAIVA;;;;ColisÃ£o;Anoitecer;;;Cruz;Pare;;0;1;0;1;0;0;0;0;0;1;0;0;"-3,78679500000";"-38,61296600000";inter_match
356681;7;2;2020;18:45;0;RUA MON CARNEIRO DA CUNHA;;;39;;ColisÃ£o;;;;Meio de Quadra;;;0;1;0;1;0;0;0;0;0;1;0;0;"-3,77210540000";"-38,50437070000";mq_gpsv
356682;7;2;2020;20:50;0;RUA FRE MARCELINO;;;1776;;ColisÃ£o;;;;Meio de Quadra;;;0;1;0;1;0;0;0;0;0;1;0;0;"-3,75008800000";"-38,55816900000";mq_match
356683;7;2;2020;21:13;0;RUA MONTE LIBANO;;;586;;ColisÃ£o;;;;Meio de Quadra;;;0;2;1;1;0;0;0;0;0;0;0;0;"-3,82525316000";"-38,56235650000";mq_qgis
356684;7;2;2020;22:01;0;RUA DOM HENRIQUE;;;365;;ColisÃ£o;;;;Meio de Quadra;;;0;1;0;1;0;0;0;0;0;1;0;0;"-3,78813400000";"-38,58088700000";mq_qgis
356685;7;2;2020;22:16;0;AV WASHINGTON SOARES;;;;;Atropelamento;;;;Meio de Quadra;;;0;1;0;1;0;0;0;0;0;0;0;0;;;
356686;7;2;2020;22:37;0;RUA CON DE CASTRO;;;3006;;ColisÃ£o;;;;Meio de Quadra;;;0;1;0;1;0;0;0;0;0;1;0;0;"-3,79514416000";"-38,58280490000";mq_qgis
356687;7;2;2020;23:06;0;AV ANTONIO SALES;;;2435;;ColisÃ£o;;;;Meio de Quadra;;;0;1;0;1;0;0;0;0;0;1;0;0;"-3,74558070000";"-38,50221300000";mq_match
356688;7;2;2020;23:35;7211;AV PRS CASTELO BRANCO;AV DR THEBERGE;;;;ColisÃ£o;;;;Cruz;SemÃ¡foro;Comercial;0;2;0;1;0;0;0;0;0;1;0;0;"-3,71007900000";"-38,56345600000";inter_match
356689;8;2;2020;11:11;6968;AV A CJ ESPERANCA;AV F CJ ESPERANCA;;;;Atropelamento;Luz do Dia;;;Cruz;SemÃ¡foro;Residencial;0;1;1;0;0;0;1;0;0;0;0;0;"-3,81773020000";"-38,58832600000";inter_match
356690;8;2;2020;11:41;0;AV PRS CASTELO BRANCO;;;;;ColisÃ£o;Luz do Dia;;;Meio de Quadra;;;0;1;0;0;0;0;0;0;0;0;0;0;;;
356691;8;2;2020;11:51;0;AV C CJ CEARA;;;1065;;ColisÃ£o;Luz do Dia;;;Meio de Quadra;;;0;1;0;0;0;0;0;0;0;0;0;0;"-3,76808150000";"-38,61251450000";mq_qgis
356692;8;2;2020;12:04;0;RUA DELMIRO FARIAS;;;1501;;ColisÃ£o;Luz do Dia;;;Meio de Quadra;;;0;1;0;1;0;0;0;0;0;1;0;0;"-3,74686700000";"-38,55129200000";mq_qgis
356693;8;2;2020;12:40;0;AV BAR STUDART;;;2988;;ColisÃ£o;Luz do Dia;;;Meio de Quadra;;;0;1;0;1;0;0;0;0;0;1;0;0;"-3,74983900000";"-38,51146350000";mq_qgis
356694;8;2;2020;15:04;0;AV DR SILAS MUNGUBA;;;3661;;Queda;Luz do Dia;;;Meio de Quadra;;;0;1;0;0;0;0;0;0;0;1;0;0;"-3,79013641200";"-38,54103241200";mq_match
356695;8;2;2020;15:16;0;AV BEZERRA DE MENEZES;;;;;ColisÃ£o;Luz do Dia;;;Meio de Quadra;;;0;1;0;0;0;0;0;0;0;0;0;0;;;
356696;8;2;2020;15:24;0;RUA VITORIA (AV. PERIMETRAL);;;1491;;ColisÃ£o;Luz do Dia;;;Meio de Quadra;;;0;1;1;1;0;0;0;0;0;1;0;0;"-3,76534373000";"-38,58862190000";mq_qgis
356749;8;2;2020;22:53;17585;RUA MARANHAO;RUA RIO GRANDE DO SUL;;;;ColisÃ£o;;;;Cruz;Pare;Comercial;0;1;0;1;0;0;0;0;0;1;0;0;"-3,75569500000";"-38,56568900000";inter_match
356723;8;2;2020;15:30;0;RUA FRE MANSUETO;;;1472;;ColisÃ£o;Luz do Dia;;;Meio de Quadra;;;0;1;0;1;0;0;0;0;0;1;0;0;"-3,73720228000";"-38,48854060000";mq_qgis
356724;8;2;2020;15:54;10007;RUA ANTONIO NERY;RUA TEODORO DE CASTRO;;;;ColisÃ£o;Luz do Dia;;;Cruz;Pare;Residencial;0;1;0;0;0;0;0;0;0;1;0;0;"-3,78089900000";"-38,60095300000";inter_match
356725;8;2;2020;16:35;0;AV SEN FERNANDES TAVORA;;;2433;;ColisÃ£o;Luz do Dia;;;Meio de Quadra;;;0;1;0;0;0;0;0;0;0;1;0;0;"-3,75595300000";"-38,59388900000";mq_match
356726;8;2;2020;17:43;0;AV GAL OSORIO DE PAIVA;;;3995;;ColisÃ£o;Anoitecer;;;Meio de Quadra;;;0;1;0;1;0;0;0;0;0;1;0;0;"-3,79250426700";"-38,59017210000";mq_match
356727;8;2;2020;19:30;0;RUA STA MARIA GORETE;;;2778;;ColisÃ£o;;;;Meio de Quadra;;;0;1;0;1;0;0;0;0;0;1;0;0;"-3,72797000000";"-38,60299000000";mq_gpsv
356728;8;2;2020;20:24;0;RUA ANTONIO ARRUDA;;;1700;;ColisÃ£o;;;;Meio de Quadra;;;0;2;0;1;0;0;0;0;0;1;0;0;"-3,72245943000";"-38,59468600000";mq_qgis
356733;8;2;2020;20:45;0;AV PRS COSTA E SILVA;;;1960;;ColisÃ£o;;;;Meio de Quadra;;;0;1;0;1;0;0;0;0;0;1;0;0;"-3,81830548000";"-38,56421150000";mq_qgis
356734;8;2;2020;21:16;0;RUA ALBANO AMARAL;;;354;;ColisÃ£o;;;;Meio de Quadra;;;0;1;1;0;0;0;1;0;0;1;0;0;"-3,79817735000";"-38,57836690000";mq_qgis
356735;8;2;2020;21:33;0;AV DOMINGOS OLIMPIO;;;200;;Atropelamento;;;;Meio de Quadra;;;0;1;0;1;0;0;0;0;0;0;0;0;"-3,73803000000";"-38,52623000000";mq_gpsv
356736;8;2;2020;21:37;0;AV MR HULL;;;;;ColisÃ£o;;;;Meio de Quadra;;;0;1;0;1;0;0;0;0;0;1;0;0;;;
356872;8;2;2020;05:40;0;RUA ALAN KARDEC;;;;;ColisÃ£o;Amanhecer;;;Meio de Quadra;;;0;0;1;1;0;0;0;0;0;0;0;0;;;
356874;8;2;2020;11:47;9153;AV 13 DE MAIO;RUA PAULA RODRIGUES;;;;ColisÃ£o;Luz do Dia;;;T;SemÃ¡foro;Comercial;0;0;2;1;0;0;0;0;0;1;0;0;"-3,75248340000";"-38,52626000000";inter_match
355562;8;2;2020;04:30;17326;RUA ALBERTO MAGNO;RUA ALAN KARDEC;;;;ColisÃ£o Transversal;Amanhecer;Outros;Outros;Cruz;Pare;Comercial;0;2;0;1;0;0;0;0;0;0;0;0;"-3,76479600000";"-38,54991800000";inter_match
355607;8;2;2020;07:00;20042;AV DEP PAULINO ROCHA;AV ALBERTO CRAVEIRO;;;;ColisÃ£o Frontal;Luz do Dia;Nublado;Molhada;RotatÃ³ria;Outros;Lazer;0;0;2;1;0;0;0;0;0;0;0;0;"-3,80722900000";"-38,52478200000";inter_match
355651;8;2;2020;03:04;0;AV GOV PARSIFAL BARROSO;;;0;;Choque c/ ObstÃ¡culo Fixo;Via Iluminada;Bom;Seca;Meio de Quadra;NÃ£o HÃ¡ Controle;Residencial;0;1;0;1;0;0;0;0;0;0;0;0;"-3,73573800000";"-38,56902000000";mq_match
355652;8;2;2020;11:17;0;AV 13 DE MAIO;;;497;;ColisÃ£o Traseira;Luz do Dia;Bom;Molhada;Outros;SemÃ¡foro;Comercial;0;1;1;1;0;0;0;0;0;1;0;0;"-3,75237560000";"-38,52580000000";mq_match
355653;8;2;2020;19:43;6819;RUA FRANCISCO MATOS;RUA VILEBALDO AGUIAR;;;;ColisÃ£o Transversal;Via Iluminada;Bom;Seca;Cruz;Gesto;Comercial;0;2;1;1;0;0;0;0;0;1;0;0;"-3,74629000000";"-38,46993000000";inter_gpsv