COD_ACIDENTE;DIA;MES;ANO;HORA;INTERSECAO;LOG1;LOG2;LOG3;NUMERO;REFERENCIA;NATUREZA;ILUMINACAO;TEMPO;SUPERFICIEPISTA;TIPOCRUZAMENTO;CONTROLETRAFEGO;USOSOLO;MORTOS;FERIDOS;ILESOS;AUTOMOVEL;ONIBUS;BICICLETA;CAMINHAO;MICROONIBUS;CICLOMOTOR;MOTOCICLETA;TRACAOANIMAL;TREM;LATITUDE;LONGITUDE;METODO
355654;8;2;2020;15:17;0;AV VIS RIO BRANCO;;;1209;;ColisÃ£o;Luz do Dia;Bom;Seca;Meio de Quadra;SemÃ¡foro;Residencial;0;1;0;0;0;0;0;0;0;1;0;0;"-3,73139160000";"-38,52503420000";mq_qgis
355655;8;2;2020;01:12;0;AV PRS CASTELO BRANCO;;;2989;COL. HILBERTO SILVA;ColisÃ£o;Via Iluminada;Bom;Seca;Outros;NÃ£o HÃ¡ Controle;Residencial;0;1;1;1;0;0;0;0;0;1;0;0;"-3,71182200000";"-38,55590470000";mq_qgis
355599;8;2;2020;23:20;0;AV SEN CARLOS JEREISSATI (AEROPORTO);;;;KM 04;Queda;;;Seca;Meio de Quadra;;;0;1;0;0;0;0;0;0;0;1;0;0;"-3,77402000000";"-38,55090700000";rod_match
355662;8;2;2020;15:20;0;AV CONTORNO SUL;AV A CJ ESPERANCA;;0;;Atropelamento;Luz do Dia;Bom;Seca;Meio de Quadra;NÃ£o HÃ¡ Controle;Comercial;0;1;1;0;1;0;0;0;0;0;0;0;"-3,81606000000";"-38,59063000000";inter_gpsv
355665;8;2;2020;20:02;0;AV GAL OSORIO DE PAIVA;;;5386;;ColisÃ£o Traseira;Via Iluminada;Bom;Seca;Meio de Quadra;NÃ£o HÃ¡ Controle;Comercial;0;1;1;1;0;0;0;0;0;0;0;0;"-3,80470800000";"-38,60205900000";mq_match
355922;8;2;2020;05:30;0;RD BR 116;;;5000;KM-05;Choque c/ ObstÃ¡culo Fixo;Amanhecer;Chuva;Molhada;Meio de Quadra;;;0;0;1;1;0;0;0;0;0;0;0;0;"-3,79650200000";"-38,50678700000";rod_match
355923;8;2;2020;22:30;0;RD BR 116;;;;KM-05;ColisÃ£o Lateral;;Bom;Seca;Meio de Quadra;;;0;0;3;1;0;0;0;0;0;0;0;0;"-3,79650200000";"-38,50678700000";rod_match
355779;8;2;2020;00:23;0;AV LINEU MACHADO;;;1140;;ColisÃ£o;;;;Meio de Quadra;;;0;1;0;1;0;0;0;0;0;1;0;0;"-3,76964964000";"-38,57887630000";mq_qgis
355780;8;2;2020;00:29;0;RUA RODRIGUES ANDRADE;;;362;;Queda;;;;Meio de Quadra;;;0;1;0;0;0;0;0;0;0;1;0;0;"-3,76319700000";"-38,56381130000";mq_qgis
355781;8;2;2020;01:02;0;RUA NOVA FORTALEZA (MONDUBIM);;;277;;Queda;;;;Meio de Quadra;;;0;2;0;0;0;0;0;0;0;1;0;0;"-3,84067190000";"-38,56941340000";mq_gpsv
355782;8;2;2020;04:34;0;RUA CON DE CASTRO;;;9463;;Queda;;;;Meio de Quadra;;;0;1;0;0;0;0;0;0;0;1;0;0;;;
355783;8;2;2020;07:03;0;AV DR SILAS MUNGUBA;;;;;ColisÃ£o;Luz do Dia;;;Meio de Quadra;;;0;0;1;1;0;0;0;0;0;0;0;0;;;
355784;8;2;2020;08:05;0;AV SGT HERMINIO SAMPAIO;;;1122;;Queda;Luz do Dia;;;Meio de Quadra;;;0;1;0;0;0;0;0;0;0;1;0;0;"-3,72465280800";"-38,55060546000";mq_match
355785;8;2;2020;08:15;0;AV ENG HUMBERTO MONTE;;;;;Queda;Luz do Dia;;;Meio de Quadra;;;0;1;0;0;0;0;0;0;0;1;0;0;;;
355786;8;2;2020;08:57;0;RUA 8 DE JUNHO UI 601;;;431;;Atropelamento;Luz do Dia;;;Meio de Quadra;;;0;1;0;1;0;0;0;0;0;0;0;0;"-3,75119000000";"-38,58005000000";mq_gpsv
355787;8;2;2020;09:23;7662;RUA RIO GRANDE DO NORTE;RUA MINAS GERAIS;;;;Queda;Luz do Dia;;;Cruz;Pare;Residencial;0;1;0;0;0;0;0;0;0;1;0;0;"-3,75911000000";"-38,56680000000";inter_gpsv
355788;8;2;2020;09:55;12954;RUA BERNARDO MANUEL;AV PRS COSTA E SILVA;;;;ColisÃ£o;Luz do Dia;;;Cruz;SemÃ¡foro;Comercial;0;1;0;1;0;0;0;0;0;1;0;0;"-3,82107900000";"-38,55827600000";inter_match
355789;8;2;2020;10:47;0;RUA VINTE QUATRO DE MAIO;;;80;;Queda;Luz do Dia;;;Meio de Quadra;;;0;1;0;0;0;0;0;0;0;1;0;0;"-3,83671000000";"-38,57391000000";mq_gpsv
359544;8;2;2020;23:21;0;AV PRS CASTELO BRANCO;;;2998;;ColisÃ£o;;;;Meio de Quadra;;;1;0;0;1;0;0;0;0;0;1;0;0;"-3,71184214000";"-38,55576990000";mq_qgis
355924;9;2;2020;20:55;0;RD BR 116;;;12000;KM-12;Queda;;Bom;Seca;Meio de Quadra;;;0;1;1;0;0;0;0;0;0;1;0;0;"-3,85574000000";"-38,49606600000";rod_match
355660;9;2;2020;22:57;0;RUA PIAUI;RUA TIMBAUBA;;0;;ColisÃ£o Transversal;Via Iluminada;Chuva;Seca;Outros;NÃ£o HÃ¡ Controle;Residencial;0;1;0;1;0;0;0;0;0;1;0;0;"-3,75414000000";"-38,57054000000";inter_gpsv
355656;9;2;2020;14:30;13233;AV F CJ JOSE WALTER;AV L CJ JOSE WALTER;;;;ColisÃ£o Transversal;Luz do Dia;Nublado;Seca;RotatÃ³ria;DÃª PreferÃªncia;Residencial;0;1;1;1;0;0;0;0;0;1;0;0;"-3,83532800000";"-38,55880500000";inter_match
355657;9;2;2020;20:42;0;RUA MIN ALBUQUERQUE LIMA;RUA 541 B CJ CEARA;;0;;ColisÃ£o Lateral;Via Iluminada;Bom;Seca;Cruz;Pare;Residencial;0;0;2;1;0;0;0;0;0;1;0;0;"-3,77065000000";"-38,60028000000";inter_gpsv
355658;9;2;2020;22:11;1303;AV DOM LUIS;RUA BARBOSA DE FREITAS;;;;ColisÃ£o Transversal;Via Iluminada;Bom;Seca;Cruz;SemÃ¡foro;Comercial;0;1;1;1;0;0;0;0;0;1;0;0;"-3,73356400000";"-38,49639600000";inter_match
356750;9;2;2020;00:17;0;AV BEZERRA DE MENEZES;;;1334;;Atropelamento;;;;Meio de Quadra;;;0;1;0;0;0;0;0;0;0;1;0;0;"-3,73404170000";"-38,55661900000";mq_qgis
356769;9;2;2020;00:35;0;AV PRO JOSE ARTHUR CARVALHO;;;1250;;ColisÃ£o;;;;Meio de Quadra;;;0;1;0;1;0;0;0;0;0;1;0;0;"-3,82697850000";"-38,47034100000";mq_match
356770;9;2;2020;01:49;0;RUA TABULEIRO DO NORTE;;;197;;Queda;;;;Meio de Quadra;;;0;1;0;0;0;0;0;0;0;1;0;0;"-3,75928522000";"-38,56111610000";mq_qgis
356771;9;2;2020;02:13;0;AV GAL OSORIO DE PAIVA;;;7484;;Queda;;;;Meio de Quadra;;;0;0;1;0;0;0;0;0;0;1;0;0;"-3,81751000000";"-38,61473000000";mq_gpsv
356772;9;2;2020;06:57;0;AV PERIMETRAL;;;5717;;Queda;Luz do Dia;;;Meio de Quadra;;;0;1;0;0;0;0;0;0;0;1;0;0;;;
356773;9;2;2020;08:05;0;AV C CJ CEARA;;;600;;ColisÃ£o;Luz do Dia;;;Meio de Quadra;;;0;1;1;1;0;0;0;0;0;1;0;0;"-3,76434000000";"-38,61053850000";mq_qgis
356798;9;2;2020;23:01;0;RUA GAL ALIPIO DOS SANTOS;;;120;;ColisÃ£o;;;;Meio de Quadra;;;0;1;0;1;0;0;0;0;0;1;0;0;"-3,72898010000";"-38,58646780000";mq_qgis
356799;9;2;2020;23:23;0;RUA GUSTAVO BARROSO;;;1092;;ColisÃ£o;;;;Meio de Quadra;;;0;1;0;1;0;0;0;0;0;1;0;0;"-3,78561000000";"-38,60044000000";mq_gpsv
356780;9;2;2020;10:46;0;RUA MONTE PASCOAL;;;1151;;ColisÃ£o;Luz do Dia;;;Meio de Quadra;;;0;1;0;1;0;0;0;0;0;1;0;0;"-3,75736340000";"-38,48314220000";mq_gpsv
356781;9;2;2020;12:22;0;AV MOZART PINHEIRO DE LUCENA;;;2291;;Atropelamento;Luz do Dia;;;Meio de Quadra;;;0;1;0;1;0;0;0;0;0;0;0;0;"-3,72346892200";"-38,59716623500";mq_match
356782;9;2;2020;12:40;0;RUA VALPARAISO;;;250;;Choque c/ ObstÃ¡culo Fixo;Luz do Dia;;;Meio de Quadra;;;1;1;0;0;0;0;0;0;0;1;0;0;"-3,84597000000";"-38,52314550000";mq_match
356784;9;2;2020;12:45;0;AV HILDEBRANDO DE MELO;;;1520;;ColisÃ£o;Luz do Dia;;;Meio de Quadra;;;0;1;0;0;0;0;0;0;0;1;0;0;"-3,72172000000";"-38,58897000000";mq_gpsv
356785;9;2;2020;13:38;0;RUA PEDRO SAMPAIO;;;911;;Atropelamento;Luz do Dia;;;Meio de Quadra;;;0;1;0;1;0;0;0;0;0;0;0;0;"-3,72349000000";"-38,59754000000";mq_gpsv
356786;9;2;2020;13:40;13208;AV L CJ JOSE WALTER;AV E CJ JOSE WALTER;;;;ColisÃ£o;Luz do Dia;;;Cruz;Pare;Residencial;0;1;1;1;0;0;0;0;0;1;0;0;"-3,83316000000";"-38,55820000000";inter_gpsv
356787;9;2;2020;14:15;0;RUA MON HIPOLITO BRASIL;;;1340;;Queda;Luz do Dia;;;Meio de Quadra;;;0;1;0;0;0;1;0;0;0;0;0;0;"-3,75799000000";"-38,58054000000";mq_gpsv
356788;9;2;2020;18:05;0;RUA EMILIA GONCALVES;;;1156;;Atropelamento;Anoitecer;;;Meio de Quadra;;;0;1;0;1;0;0;0;0;0;0;0;0;"-3,73254700000";"-38,59295500000";mq_match
356789;9;2;2020;18:11;0;RUA JOSE VILAR;;;935;;ColisÃ£o;Anoitecer;;;Meio de Quadra;;;0;1;0;1;0;0;0;0;0;1;0;0;"-3,73347178000";"-38,50392000000";mq_qgis
356790;9;2;2020;19:15;0;RUA SAO LUCAS;;;201;;Queda;;;;Meio de Quadra;;;0;1;0;0;0;0;0;0;0;1;0;0;"-3,81877000000";"-38,58431000000";mq_gpsv
356791;9;2;2020;19:46;5045;AV FILOMENO GOMES;RUA SAO PAULO;;;;ColisÃ£o;;;;Cruz;SemÃ¡foro;Comercial;0;1;0;1;0;0;0;0;0;1;0;0;"-3,72153900000";"-38,54120000000";inter_match
356792;9;2;2020;20:12;0;RUA JOSE BUSON;;;635;;Queda;;;;Meio de Quadra;;;0;1;0;0;0;0;0;0;0;1;0;0;"-3,76362903000";"-38,51154430000";mq_qgis
356793;9;2;2020;22:02;0;TERM TERMINAL DO ANTONIO BEZERRA;;;;;ColisÃ£o;;;;Meio de Quadra;;;0;1;0;1;0;0;0;0;0;1;0;0;;;
356794;9;2;2020;22:06;0;RUA CON DE CASTRO;;;2648;;ColisÃ£o;;;;Meio de Quadra;;;0;1;0;1;0;0;0;0;0;1;0;0;"-3,79258000000";"-38,58043700000";mq_match
356795;9;2;2020;22:22;0;AV CONTORNO NORTE D71;;;1660;;ColisÃ£o;;;;Meio de Quadra;;;0;1;0;1;0;0;0;0;0;1;0;0;"-3,81013700000";"-38,59084900000";mq_gpsv
356796;9;2;2020;22:35;0;AV GODOFREDO MACIEL;;;364;;Queda;;;;Meio de Quadra;;;0;1;0;0;0;1;0;0;0;0;0;0;"-3,77953200000";"-38,56471500000";mq_match
356880;10;2;2020;02:15;21109;RUA PIAUI;RUA TIMBAUBA;;;;ColisÃ£o;;;;;;;0;0;2;1;0;0;0;0;0;1;0;0;"-3,75414000000";"-38,57054000000";inter_gpsv
356882;10;2;2020;08:40;0;RD BR 116;;;8000;KM-08;ColisÃ£o;Luz do Dia;;;Meio de Quadra;;;0;0;2;0;0;0;0;0;0;0;0;0;"-3,82201800000";"-38,50326900000";rod_match
356883;10;2;2020;12:10;0;RUA OTO DE ALENCAR;;;121;;Atropelamento;Luz do Dia;;;Meio de Quadra;;;0;1;1;0;0;0;0;0;0;0;0;0;"-3,72331361000";"-38,54017440000";mq_qgis
356805;10;2;2020;00:28;0;RUA CARLOS AMORA;;;;;Queda;;;;Meio de Quadra;;;0;1;0;0;0;1;0;0;0;0;0;0;;;
356806;10;2;2020;01:04;0;AV JOSE TAVARES;;;1710;;ColisÃ£o;;;;Meio de Quadra;;;0;1;0;1;0;0;0;0;0;1;0;0;;;
356807;10;2;2020;04:58;0;AV PERIMETRAL;;;2190;;Queda;;;;Meio de Quadra;;;0;1;0;0;0;0;0;0;0;1;0;0;;;
356829;10;2;2020;15:19;0;AV SEN CARLOS JEREISSATI (AEROPORTO);;;;;ColisÃ£o;Luz do Dia;;;Meio de Quadra;;;0;1;0;1;0;0;0;0;0;1;0;0;;;
356830;10;2;2020;16:13;0;RUA MON BRUNO;;;1550;;ColisÃ£o;Luz do Dia;;;Meio de Quadra;;;0;1;0;0;0;0;0;0;0;1;0;0;"-3,73600000000";"-38,51057000000";mq_gpsv
356831;10;2;2020;18:49;0;RUA BAR RIO BRANCO;;;750;;ColisÃ£o;;;;Meio de Quadra;;;0;1;0;1;0;0;0;0;0;1;0;0;"-3,72487900000";"-38,52775200000";mq_qgis
356832;10;2;2020;19:23;0;RUA PORTO VELHO;;;765;;ColisÃ£o;;;;Meio de Quadra;;;0;1;0;1;0;0;0;0;0;1;0;0;"-3,76556700000";"-38,58778000000";mq_match
356833;10;2;2020;19:42;0;RUA VALPARAISO;;;;;ColisÃ£o;;;;Meio de Quadra;;;0;1;0;0;0;0;0;0;0;0;0;0;;;
356834;10;2;2020;21:17;0;RUA DES HERMES PARAHYBA;;;696;;ColisÃ£o;;;;Meio de Quadra;;;0;1;0;1;0;0;0;0;0;1;0;0;"-3,71361400000";"-38,58990900000";mq_qgis
356809;10;2;2020;06:36;0;AV ENG HUMBERTO MONTE;;;1645;;Queda;Luz do Dia;;;Meio de Quadra;;;0;1;0;0;0;0;0;0;0;1;0;0;"-3,74626221100";"-38,56286816000";mq_match
356810;10;2;2020;06:45;0;AV OLAVO BILAC;;;;;Atropelamento;Luz do Dia;;;Meio de Quadra;;;0;1;0;0;0;0;0;0;0;1;0;0;;;
356811;10;2;2020;07:04;0;AV GODOFREDO MACIEL;;;2220;;ColisÃ£o;Luz do Dia;;;Meio de Quadra;;;0;1;0;1;0;0;0;0;0;1;0;0;"-3,79527000000";"-38,56967000000";mq_gpsv
356812;10;2;2020;07:04;0;RUA WAGNER MARINHO;;;1185;;ColisÃ£o;Luz do Dia;;;Meio de Quadra;;;0;1;0;1;0;0;0;0;0;0;0;0;"-3,83337000000";"-38,57376000000";mq_gpsv
356813;10;2;2020;07:14;0;AV DR THEBERGE;;;448;;ColisÃ£o;Luz do Dia;;;Meio de Quadra;;;0;1;0;1;0;0;0;0;0;1;0;0;"-3,70789900000";"-38,56272000000";mq_qgis
356814;10;2;2020;07:21;0;AV BENJAMIM BRASIL;;;685;;Atropelamento;Luz do Dia;;;Meio de Quadra;;;0;1;1;0;0;1;0;0;0;0;0;0;"-3,80493000000";"-38,56668000000";mq_gpsv
356815;10;2;2020;07:26;0;RUA MATOS VASCONCELOS;;;1055;;ColisÃ£o;Luz do Dia;;;Meio de Quadra;;;0;1;0;1;0;0;0;0;0;1;0;0;"-3,75505953000";"-38,55396170000";mq_qgis
356816;10;2;2020;08:07;0;AV DEP PAULINO ROCHA;;;2035;;ColisÃ£o;Luz do Dia;;;Meio de Quadra;;;0;1;0;1;0;0;0;0;0;1;0;0;"-3,81136000000";"-38,51481000000";mq_gpsv
356817;10;2;2020;08:07;0;RUA BRAGANCA;;;565;;Queda;Luz do Dia;;;Meio de Quadra;;;0;1;0;0;0;0;0;0;0;1;0;0;"-3,77919402000";"-38,59614560000";mq_qgis
356818;10;2;2020;08:24;0;RUA VENEZA;;;861;;ColisÃ£o;Luz do Dia;;;Meio de Quadra;;;0;1;0;1;0;0;0;0;0;1;0;0;"-3,83635000000";"-38,49273000000";mq_gpsv
356819;10;2;2020;10:51;0;AV DOS JANGADEIROS;;;754;;ColisÃ£o;Luz do Dia;;;Meio de Quadra;;;0;2;0;0;0;0;0;0;0;1;0;0;"-3,72502450000";"-38,47820380000";mq_match
356820;10;2;2020;11:13;0;RUA BERNARDO MANUEL;;;12874;;ColisÃ£o;Luz do Dia;;;Meio de Quadra;;;0;1;0;1;0;0;0;0;0;1;0;0;"-3,82595500000";"-38,55926100000";mq_qgis
356821;10;2;2020;11:29;0;AV L CJ JOSE WALTER;;;561;;Capotamento;Luz do Dia;;;Meio de Quadra;;;0;1;0;0;0;0;0;0;0;0;0;0;"-3,83260000000";"-38,55791000000";mq_gpsv
356822;10;2;2020;11:34;17951;RUA JOAQUIM ALBANO;RUA DRACON BARRETO;;;;ColisÃ£o;Luz do Dia;;;Cruz;Pare;Residencial;0;1;0;1;0;0;0;0;0;0;0;0;"-3,73512200000";"-38,57899000000";inter_match
356824;10;2;2020;12:42;0;AV SEN FERNANDES TAVORA;;;3281;;Queda;Luz do Dia;;;Meio de Quadra;;;0;1;0;0;0;0;0;0;0;1;0;0;"-3,75449200000";"-38,60169600000";mq_qgis
356825;10;2;2020;12:51;0;RUA PRA FRANCISCA ALMEIDA DE SOUSA;;;530;;Queda;Luz do Dia;;;Meio de Quadra;;;0;1;0;0;0;0;0;0;0;1;0;0;"-3,75220000000";"-38,45539000000";mq_gpsv
356826;10;2;2020;14:14;0;RUA STA TEREZINHA DO MEN JES E DA SAG FACE;;;;;Queda;Luz do Dia;;;Meio de Quadra;;;0;1;0;0;0;0;0;0;0;1;0;0;;;
356827;10;2;2020;14:21;0;RUA DOM JOAQUIM DE MELO;;;240;;ColisÃ£o;Luz do Dia;;;Meio de Quadra;;;0;2;0;1;0;0;0;0;0;1;0;0;"-3,73967089000";"-38,54694470000";mq_qgis
355659;10;2;2020;01:02;25018;RUA TEODOMIRO DE CASTRO;RUA FRANCISCO CALACA;;;;ColisÃ£o;Via Iluminada;Bom;Seca;T;Pare;Comercial;0;1;1;1;0;0;0;0;0;0;0;0;"-3,71774800000";"-38,57438000000";inter_match
355608;10;2;2020;08:20;10696;RUA SILVA BAIMA;RUA ANTONIO IVO;;;;ColisÃ£o Transversal;Luz do Dia;Nublado;Seca;Cruz;Pare;Residencial;0;0;2;0;0;0;0;0;0;0;0;0;"-3,75716800000";"-38,57969200000";inter_match
355601;10;2;2020;13:50;0;RD CE-040;;;;KM-12;ColisÃ£o;Luz do Dia;;Seca;Meio de Quadra;;;0;0;2;1;0;0;0;0;0;0;0;0;"-3,85769094900";"-38,47204254000";rod_match
355661;10;2;2020;07:01;0;AV IMPERADOR;;;1347;;ColisÃ£o;Luz do Dia;Chuva;Molhada;Meio de Quadra;SemÃ¡foro;Comercial;0;1;1;1;0;0;0;0;0;0;0;0;"-3,73304500000";"-38,53617900000";mq_match
355663;10;2;2020;12:15;0;AV A CJ CEARA;RUA VITAL BRASIL;;;;ColisÃ£o Transversal;Luz do Dia;Bom;Seca;Meio de Quadra;Pare;Comercial;0;1;2;1;0;0;0;0;0;1;0;0;"-3,77581600000";"-38,60605200000";inter_match
355664;10;2;2020;10:40;0;AV PASTEUR;;;206;;ColisÃ£o;Luz do Dia;Bom;Seca;Meio de Quadra;NÃ£o HÃ¡ Controle;Residencial;0;0;2;1;0;0;0;0;0;0;0;0;"-3,70794150000";"-38,55791100000";mq_match
355666;10;2;2020;19:30;0;RUA VALPARAISO;RUA LUCIANO ALVES;;;;ColisÃ£o Transversal;Via Iluminada;Bom;Seca;Meio de Quadra;Pare;Comercial;0;1;1;1;0;0;0;0;0;0;0;0;"-3,84920000000";"-38,51096000000";inter_gpsv
355925;10;2;2020;07:30;0;RD BR 116;;;8000;KM-08;ColisÃ£o Traseira;Luz do Dia;Nublado;Seca;Meio de Quadra;;;0;0;3;0;0;0;0;0;0;0;0;0;"-3,82201800000";"-38,50326900000";rod_match
355926;11;2;2020;19:00;0;RD BR 116;;;1000;KM-01;Tombamento;;Bom;Seca;Meio de Quadra;;;0;1;0;0;0;0;0;0;0;1;0;0;"-3,76255400000";"-38,51870200000";rod_match
355927;11;2;2020;19:00;0;RD BR 116;;;14000;KM-14;Atropelamento;;Nublado;Seca;Meio de Quadra;;;0;1;1;1;0;0;0;0;0;0;0;0;"-3,87352300000";"-38,49924200000";rod_match
355667;11;2;2020;10:13;0;RUA BARBOSA DE FREITAS;;;2645;ASSEMBLEIA LEGISLATIVA;ColisÃ£o Lateral;Luz do Dia;Bom;Seca;Meio de Quadra;NÃ£o HÃ¡ Controle;Comercial;0;1;1;1;0;0;0;0;0;1;0;0;"-3,75070330000";"-38,50182000000";mq_match
355668;11;2;2020;10:40;0;RUA PEREIRA DE MIRANDA;;;575;;ColisÃ£o Lateral;Luz do Dia;Nublado;Seca;Meio de Quadra;NÃ£o HÃ¡ Controle;Comercial;0;1;1;1;0;0;0;0;0;1;0;0;"-3,74013930000";"-38,48082660000";mq_match
355669;11;2;2020;11:21;0;RUA PROF. MANOEL LOURENCO;;;0;;Queda;Luz do Dia;Bom;Seca;Meio de Quadra;NÃ£o HÃ¡ Controle;Comercial;0;1;0;0;0;0;0;0;0;1;0;0;"-3,76230140000";"-38,57258000000";mq_match
355670;11;2;2020;11:36;0;RUA CASTRO E SILVA;;;599;;Choque c/ ObstÃ¡culo Fixo;Luz do Dia;Bom;Seca;Cruz;SemÃ¡foro;Comercial;0;0;1;1;0;0;0;0;0;0;0;0;"-3,72274600000";"-38,53065300000";mq_qgis
355671;11;2;2020;13:39;9035;RUA SOUSA GIRAO;RUA CEL SOLON;;;;ColisÃ£o Transversal;Luz do Dia;Bom;Seca;Cruz;Pare;Residencial;0;1;1;1;0;0;0;0;0;1;0;0;"-3,74276300000";"-38,52497800000";inter_match
355672;11;2;2020;15:14;24287;RUA TAVARES COUTINHO;RUA CASTRO MONTE;;;;ColisÃ£o Lateral;Luz do Dia;Bom;Seca;Cruz;Pare;Comercial;0;1;0;1;0;0;0;0;0;1;0;0;"-3,73249630000";"-38,48605300000";inter_match
355673;11;2;2020;16:59;0;RUA DES GOMES PARENTE;;;605;;Choque c/ ObstÃ¡culo Fixo;Luz do Dia;Bom;Seca;Meio de Quadra;NÃ£o HÃ¡ Controle;Residencial;0;0;1;0;0;0;0;0;0;0;0;0;"-3,77410630000";"-38,57522000000";mq_match
355674;11;2;2020;14:30;10726;RUA PRO HERIBALDO COSTA;RUA CURITIBA;;;;ColisÃ£o Lateral;Luz do Dia;Bom;Seca;Cruz;Pare;Residencial;0;1;1;1;0;0;0;0;0;1;0;0;"-3,75999200000";"-38,58385300000";inter_match
355675;11;2;2020;21:22;0;AV FRE CIRILO;RUA FREDERICO SEVERO;;;;ColisÃ£o Transversal;Via Iluminada;Bom;Seca;Meio de Quadra;;;0;1;1;1;0;0;0;0;0;1;0;0;"-3,81987000000";"-38,49630700000";inter_match
355609;11;2;2020;07:25;0;RUA GAL ALIPIO DOS SANTOS;;;344;;ColisÃ£o Lateral;Luz do Dia;Bom;Molhada;Meio de Quadra;Pare;Residencial;0;1;1;1;0;0;0;0;0;1;0;0;"-3,72978703000";"-38,58826330000";mq_qgis
355610;11;2;2020;06:30;129;RUA CEL MATOS DOURADO;AV MR HULL;;;;Outros;Luz do Dia;Chuva;Molhada;Outros;NÃ£o HÃ¡ Controle;Comercial;1;0;1;0;0;0;1;0;0;1;0;0;"-3,73874300000";"-38,58537700000";inter_match
356835;11;2;2020;02:30;0;AV ENG SANTANA JUNIOR;;;2277;;Queda;;;;Meio de Quadra;;;0;1;0;0;0;0;0;0;0;1;0;0;"-3,74267800000";"-38,48653800000";mq_match
356844;11;2;2020;06:32;0;RUA BAR ARACATI;;;1108;;Acidente Pessoal;Luz do Dia;;;Meio de Quadra;;;0;1;0;0;0;0;0;0;0;1;0;0;"-3,73128731000";"-38,51141450000";mq_qgis
356845;11;2;2020;06:44;0;AV SEN FERNANDES TAVORA;;;1253;;Queda;Luz do Dia;;;Meio de Quadra;;;0;1;0;0;0;0;0;0;0;1;0;0;"-3,75995350000";"-38,58574300000";mq_match
356884;11;2;2020;16:52;7752;AV JOAO PESSOA;AV CARNEIRO DE MENDONCA;;;;ColisÃ£o;Luz do Dia;;;T;SemÃ¡foro;Comercial;0;2;0;0;0;0;0;0;0;0;0;0;"-3,76722200000";"-38,55980800000";inter_match
356847;11;2;2020;06:48;0;RUA JOAO CORDEIRO;;;740;;Atropelamento;Luz do Dia;;;Meio de Quadra;;;0;1;1;0;0;0;0;0;0;1;0;0;"-3,72438000000";"-38,51265000000";mq_match
356875;11;2;2020;12:41;0;RUA VINTE E QUATRO DE MAIO;;;1255;;ColisÃ£o;Luz do Dia;;;Meio de Quadra;;;0;2;0;1;0;0;0;0;0;1;0;0;"-3,73262600000";"-38,53384800000";mq_qgis
356876;11;2;2020;13:38;0;AV ALBERTO CRAVEIRO;;;1341;;Queda;Luz do Dia;;;Meio de Quadra;;;0;2;0;0;0;0;0;0;0;1;0;0;"-3,79215376900";"-38,51740185000";mq_match
356877;11;2;2020;14:40;0;RUA CAP DAKIR;;;127;;ColisÃ£o;Luz do Dia;;;Meio de Quadra;;;0;1;0;1;0;0;0;0;0;1;0;0;"-3,76312725000";"-38,51303730000";mq_qgis
356878;11;2;2020;15:42;0;AV PRS COSTA E SILVA;;;1734;;ColisÃ£o;Luz do Dia;;;Meio de Quadra;;;0;1;0;0;0;0;0;0;0;0;0;0;"-3,81761800000";"-38,56539400000";mq_match
356879;11;2;2020;16:49;3240;RUA OLIVEIRA SOBRINHO;RUA ARACA;;;;ColisÃ£o;Luz do Dia;;;Cruz;Pare;Residencial;0;1;0;1;0;0;0;0;0;1;0;0;"-3,78335900000";"-38,58422700000";inter_match
356849;11;2;2020;06:48;0;RUA EMILIO DE MENESES;;;151;;ColisÃ£o;Luz do Dia;;;Meio de Quadra;;;0;1;0;0;0;0;0;0;0;1;0;0;"-3,78295800000";"-38,58315260000";mq_qgis
356850;11;2;2020;07:31;0;RUA BAR ARACATI;;;1100;;ColisÃ£o;Luz do Dia;;;Meio de Quadra;;;0;1;0;1;0;0;0;0;0;1;0;0;"-3,73093206000";"-38,51129830000";mq_qgis
356851;11;2;2020;07:34;19875;RUA PDE JOAO PIAMARTA;RUA DULCINEIA GONDIM;;;;Queda;Luz do Dia;;;T;;Residencial;0;1;0;0;0;0;0;0;0;1;0;0;"-3,76088000000";"-38,54268000000";inter_gpsv
356852;11;2;2020;07:39;0;RUA MACAPA;;;633;;Queda;Luz do Dia;;;Meio de Quadra;;;0;1;0;0;0;0;0;0;0;1;0;0;"-3,75432000000";"-38,59209000000";mq_gpsv
356853;11;2;2020;07:50;0;RUA MARIA QUINTINO;;;184;;Queda;Luz do Dia;;;Meio de Quadra;;;0;1;0;0;0;0;0;0;0;1;0;0;"-3,85074000000";"-38,49999000000";mq_gpsv
356860;11;2;2020;08:37;0;RUA BARBOSA DE FREITAS;;;2645;;ColisÃ£o;Luz do Dia;;;Meio de Quadra;;;0;1;0;1;0;0;0;0;0;1;0;0;"-3,75070330000";"-38,50182000000";mq_match
356861;11;2;2020;09:08;0;AV PRS JUSCELINO KUBITSCHEK (PASSARÃ‰);;;;;ColisÃ£o;Luz do Dia;;;Meio de Quadra;;;0;1;0;0;0;0;0;0;0;1;0;0;;;
356862;11;2;2020;10:52;0;AV ALBERTO CRAVEIRO;;;;;ColisÃ£o;Luz do Dia;;;Meio de Quadra;;;0;1;0;1;0;0;0;0;0;1;0;0;;;