COD_ACIDENTE;DIA;MES;ANO;HORA;INTERSECAO;LOG1;LOG2;LOG3;NUMERO;REFERENCIA;NATUREZA;ILUMINACAO;TEMPO;SUPERFICIEPISTA;TIPOCRUZAMENTO;CONTROLETRAFEGO;USOSOLO;MORTOS;FERIDOS;ILESOS;AUTOMOVEL;ONIBUS;BICICLETA;CAMINHAO;MICROONIBUS;CICLOMOTOR;MOTOCICLETA;TRACAOANIMAL;TREM;LATITUDE;LONGITUDE;METODO
356863;11;2;2020;12:20;3901;AV EDUARDO GIRAO;RUA JORGE DUMAR;;;;Queda;Luz do Dia;;;Cruz;SemÃ¡foro;Residencial;0;1;0;0;0;0;0;0;0;1;0;0;"-3,74969100000";"-38,53869500000";inter_match
356887;11;2;2020;19:00;15349;RUA VICENTE LEITE;RUA REPUBLICA DO LIBANO;;;;ColisÃ£o;;;;Cruz;Pare;Residencial;0;0;2;1;0;0;0;0;0;1;0;0;"-3,73222400000";"-38,49384100000";inter_match
356888;11;2;2020;21:21;0;AV ENG HUMBERTO MONTE;;;;;ColisÃ£o;;;;Meio de Quadra;;;0;0;1;1;0;0;0;0;0;0;0;0;;;
356889;11;2;2020;00:40;2356;RUA SEN ROBERT KENNEDY;RUA ESTEVAO DE CAMPOS;;;;ColisÃ£o;;;;Cruz;Pare;Residencial;0;1;1;0;0;0;0;0;0;1;0;0;"-3,70513100000";"-38,57951600000";inter_match
356891;11;2;2020;18:09;0;RUA DOMINGOS JAGUARIBE;;;186;;Atropelamento;Anoitecer;;;Meio de Quadra;;;0;1;1;1;0;0;0;0;0;0;0;0;"-3,76770852000";"-38,53009860000";mq_qgis
356892;11;2;2020;18:25;0;RUA CEL JOAO CORREIA;;;2005;;ColisÃ£o;Anoitecer;;;Meio de Quadra;;;0;1;0;0;0;0;0;0;0;0;0;0;"-3,79016000000";"-38,60984000000";mq_gpsv
356857;11;2;2020;07:58;0;RUA SEBASTIAO DE ABREU;;;;;ColisÃ£o;Luz do Dia;;;Meio de Quadra;;;0;1;1;1;0;0;0;0;0;1;0;0;;;
356858;11;2;2020;08:03;0;AV DR SILAS MUNGUBA;;;4850;;Queda;Luz do Dia;;;Meio de Quadra;;;0;1;0;0;0;0;0;0;0;1;0;0;"-3,79566915400";"-38,53244580000";mq_match
356896;11;2;2020;18:29;8701;RUA ELISEU ORIA;RUA RANGEL PESTANA;;;;ColisÃ£o;Anoitecer;;;Cruz;NÃ£o HÃ¡ Controle;Residencial;0;1;0;1;0;1;0;0;0;0;0;0;"-3,79047000000";"-38,47784000000";inter_gpsv
356901;11;2;2020;18:33;0;AV N CJ JOSE WALTER;;;1631;;ColisÃ£o;;;;Meio de Quadra;;;0;1;0;1;0;1;0;0;0;0;0;0;"-3,77591290000";"-38,49116280000";mq_gpsv
356898;11;2;2020;18:32;0;AV JOAO DE ARAUJO LIMA;;;1631;;Queda;;;;Meio de Quadra;;;0;0;1;0;0;1;0;0;0;0;0;0;"-3,83602000000";"-38,56124900000";mq_match
356907;11;2;2020;18:46;0;AV SEN FERNANDES TAVORA;;;2432;;ColisÃ£o;;;;Meio de Quadra;;;0;1;0;1;0;0;0;0;0;1;0;0;"-3,75595300000";"-38,59388900000";mq_match
356911;11;2;2020;19:13;0;RUA ENG JOAO NOGUEIRA;;;253;;Queda;;;;Meio de Quadra;;;0;2;0;0;0;0;0;0;0;1;0;0;"-3,71315455000";"-38,55875320000";mq_qgis
356912;11;2;2020;19:36;0;RUA PRO JOAQUIM NOGUEIRA D29;;;333;;ColisÃ£o;;;;Meio de Quadra;;;0;1;1;1;0;0;0;0;0;1;0;0;"-3,74272200000";"-38,58988500000";mq_gpsv
356913;11;2;2020;21:36;0;RUA MARIA GOMES DE SA;;;1330;;ColisÃ£o;;;;Meio de Quadra;;;0;1;0;1;0;0;0;0;0;1;0;0;"-3,82476000000";"-38,58285850000";mq_qgis
356915;11;2;2020;22:44;0;AV FRANCISCO SA;;;;;ColisÃ£o;;;;Meio de Quadra;;;0;2;0;1;0;0;0;0;0;1;0;0;;;
356916;11;2;2020;23:33;0;AV PRO JOSE ARTHUR CARVALHO;;;2810;;Queda;;;;Meio de Quadra;;;0;1;0;0;0;0;0;0;0;1;0;0;"-3,82336440500";"-38,45432643800";mq_match
356909;11;2;2020;18:46;17951;RUA DRACON BARRETO;RUA JOAQUIM ALBANO;;;;ColisÃ£o;;;;Cruz;Pare;Residencial;0;1;0;1;0;0;0;0;0;1;0;0;"-3,73520200000";"-38,57902000000";inter_match
356917;12;2;2020;00:45;0;RUA SAO RAIMUNDO (PIRAMBU);;;499;;Queda;;;;Meio de Quadra;;;0;2;0;0;0;1;0;0;0;0;0;0;"-3,70861000000";"-38,55575000000";mq_gpsv
356918;12;2;2020;02:30;0;RUA CARLOS CHAGAS;;;183;;Atropelamento;;;;Meio de Quadra;;;0;1;1;1;0;0;0;0;0;0;0;0;"-3,78105837000";"-38,58198190000";mq_qgis
356919;12;2;2020;06:57;0;AV DOMINGOS OLIMPIO;;;187;;Queda;Luz do Dia;;;Meio de Quadra;;;0;1;0;0;0;1;0;0;0;0;0;0;"-3,73814542100";"-38,52614279000";mq_match
356920;12;2;2020;07:08;0;RUA PDE PEDRO DE ALENCAR;;;781;;ColisÃ£o;Luz do Dia;;;Meio de Quadra;;;0;1;0;1;0;0;0;0;0;1;0;0;"-3,83488500000";"-38,49411800000";mq_qgis
356921;12;2;2020;07:19;0;RUA CEL VIRGILIO NOGUEIRA (BOM JARDIM);;;791;;ColisÃ£o;Luz do Dia;;;Meio de Quadra;;;0;2;0;0;0;0;0;0;0;1;0;0;"-3,79070000000";"-38,60929000000";mq_match
356922;12;2;2020;07:42;0;AV GODOFREDO MACIEL;;;3441;;ColisÃ£o;Luz do Dia;;;Meio de Quadra;;;0;1;0;1;0;0;0;0;0;1;0;0;"-3,80564400000";"-38,57278000000";mq_match
356923;12;2;2020;07:58;0;AV GOV RAUL BARBOSA;;;;;ColisÃ£o;Luz do Dia;;;Meio de Quadra;;;0;0;1;1;0;0;0;0;0;1;0;0;;;
356924;12;2;2020;08:49;0;RUA COS LAFAYETE;;;52;;ColisÃ£o;Luz do Dia;;;Meio de Quadra;;;0;1;0;1;0;1;0;0;0;0;0;0;"-3,71841900000";"-38,57811900000";mq_qgis
356925;12;2;2020;09:19;0;AV LUCIANO CARNEIRO;;;1320;;Queda;Luz do Dia;;;Meio de Quadra;;;0;1;0;0;0;0;0;0;0;1;0;0;"-3,75915200000";"-38,53491700000";mq_match
356926;12;2;2020;09:55;0;AV B CJ HAB ST SAO JOAO;;;452;;Queda;Luz do Dia;;;Meio de Quadra;;;0;1;0;0;0;0;0;0;0;1;0;0;"-3,84989547000";"-38,51904710000";mq_qgis
356890;12;2;2020;08:20;0;LOGRADOURO SEM NOME;;;;;ColisÃ£o;Luz do Dia;;;Meio de Quadra;;;0;0;2;0;0;0;0;0;0;0;0;0;;;
356929;12;2;2020;09:56;0;AV JOAO PESSOA;;;6931;;ColisÃ£o;Luz do Dia;;;Meio de Quadra;;;0;1;0;0;0;0;0;0;0;0;0;0;"-3,77033690000";"-38,56101600000";mq_match
356931;12;2;2020;10:57;17600;RUA MARANHAO;RUA MATO GROSSO;;;;ColisÃ£o;Luz do Dia;;;Cruz;Pare;Residencial;0;1;0;1;0;1;0;0;0;0;0;0;"-3,75687000000";"-38,56389000000";inter_gpsv
356932;12;2;2020;11:54;0;AV GAL OSORIO DE PAIVA;;;;;ColisÃ£o;Luz do Dia;;;Meio de Quadra;;;0;1;0;1;0;0;0;0;0;1;0;0;;;
356933;12;2;2020;12:09;0;AV PERIMETRAL;;;317;;ColisÃ£o;Luz do Dia;;;Meio de Quadra;;;0;1;1;1;0;0;0;0;0;1;0;0;;;
356934;12;2;2020;13:08;0;AV AUGUSTO DOS ANJOS;;;2250;;ColisÃ£o;Luz do Dia;;;Meio de Quadra;;;0;1;0;0;0;0;0;0;0;0;0;0;"-3,78627300000";"-38,58427200000";mq_match
356935;12;2;2020;15:10;10502;RUA WILSON PEREIRA;RUA PRO JOSE HENRIQUE;;;;ColisÃ£o;Luz do Dia;;;Cruz;NÃ£o HÃ¡ Controle;Residencial;0;1;0;1;0;0;0;0;0;1;0;0;"-3,83078700000";"-38,47779000000";inter_match
356936;12;2;2020;15:10;0;AV MAJ ASSIS;;;2251;;ColisÃ£o;Luz do Dia;;;Meio de Quadra;;;0;1;0;1;0;0;0;0;0;1;0;0;"-3,72068761000";"-38,60010140000";mq_qgis
356937;12;2;2020;15:25;0;RUA DR AMADEU SA;;;605;;ColisÃ£o;Luz do Dia;;;Meio de Quadra;;;0;1;1;0;0;0;0;0;0;0;0;0;;;
356938;12;2;2020;15:30;0;AV ABOLICAO;;;5301;;ColisÃ£o;Luz do Dia;;;Meio de Quadra;;;0;1;0;0;0;0;1;0;0;1;0;0;;;
356939;12;2;2020;15:35;0;RUA PDE PEDRO DE ALENCAR;;;1465;;ColisÃ£o;Luz do Dia;;;Meio de Quadra;;;0;1;1;0;1;0;0;0;0;1;0;0;"-3,84080300000";"-38,49424400000";mq_match
356940;12;2;2020;17:27;0;RUA ANTONIO NOGUEIRA;;;271;;ColisÃ£o;Anoitecer;;;Meio de Quadra;;;0;2;0;0;0;0;0;0;0;0;0;0;"-3,74235000000";"-38,59007000000";mq_gpsv
356941;12;2;2020;17:48;0;AV MON TABOSA;;;1400;;ColisÃ£o;Anoitecer;;;Meio de Quadra;;;0;1;0;1;0;0;0;0;0;1;0;0;"-3,72436900000";"-38,50683300000";mq_qgis
356942;12;2;2020;19:49;0;AV DR THEBERGE;;;300;;ColisÃ£o;;;;Meio de Quadra;;;0;1;0;1;0;0;0;0;0;0;0;0;"-3,70702964700";"-38,56244611800";mq_match
356943;12;2;2020;18:00;0;RUA POE MARIO LINHARES (J.WALTER);;;567;;Queda;Anoitecer;;;Meio de Quadra;;;0;2;0;0;0;1;0;0;0;0;0;0;"-3,82220000000";"-38,55534000000";mq_gpsv
356944;12;2;2020;18:24;0;RUA LEONEL CHAVES;;;519;;ColisÃ£o;Anoitecer;;;Meio de Quadra;;;0;0;1;1;0;0;0;0;0;1;0;0;"-3,76868100000";"-38,57489400000";mq_qgis
356945;12;2;2020;18:26;0;RUA BRUMADO;;;58;;ColisÃ£o;Anoitecer;;;Meio de Quadra;;;0;0;1;1;0;0;0;0;0;1;0;0;"-3,81359843000";"-38,59723010000";mq_qgis
356946;12;2;2020;20:43;0;AV SIQUEIRA CAMPOS;;;1360;;Atropelamento;;;;Meio de Quadra;;;0;2;0;0;0;0;0;0;0;1;0;0;"-3,81354200000";"-38,62815100000";mq_match
356947;12;2;2020;22:24;1475;AV SANTOS DUMONT;RUA FONSECA LOBO;;;;ColisÃ£o;;;;Cruz;Pare;Comercial;0;1;0;1;0;0;0;0;0;1;0;0;"-3,73906200000";"-38,48960200000";inter_match
356948;12;2;2020;22:33;0;AV FRANCISCO SA;;;5445;;Acidente Pessoal;;;;Meio de Quadra;;;0;1;0;0;0;0;0;0;0;1;0;0;"-3,71208161300";"-38,57293169400";mq_match
356949;12;2;2020;23:50;0;RUA 6;;;1391;;ColisÃ£o;;;;Meio de Quadra;;;0;1;0;0;0;0;1;0;0;1;0;0;"-3,73424000000";"-38,59685000000";mq_gpsv
355676;12;2;2020;00:50;17462;AV ABOLICAO;AV BEIRA MAR;;0;;Choque c/ ObstÃ¡culo Fixo;Via Iluminada;Bom;Seca;T;SemÃ¡foro;Lazer;0;1;0;0;0;0;0;0;0;1;0;0;"-3,72157600000";"-38,47875900000";inter_match
355677;12;2;2020;04:50;23804;RUA RAIMUNDO NERY;AV GAL OSORIO DE PAIVA;;;;ColisÃ£o;Amanhecer;Bom;Seca;Cruz;SemÃ¡foro;Residencial;0;0;2;1;0;0;0;0;0;1;0;0;"-3,79030600000";"-38,58806500000";inter_match
355678;12;2;2020;09:57;12565;RUA CECIL SALGADO;RUA GEORGE CAVALCANTE;;;;ColisÃ£o Transversal;Luz do Dia;Bom;Seca;Cruz;Pare;Residencial;0;1;1;1;0;0;0;0;0;0;0;0;"-3,72334900000";"-38,59274800000";inter_match
355679;12;2;2020;12:00;0;AV GAL OSORIO DE PAIVA;;;112;GINASIO POLIESPORTIVO;ColisÃ£o Traseira;Luz do Dia;Bom;Seca;Meio de Quadra;NÃ£o HÃ¡ Controle;Residencial;0;1;1;0;0;0;0;0;0;1;0;0;"-3,77361100000";"-38,56400450000";mq_match
355680;12;2;2020;14:19;0;RUA POMPILIO GOMES;;;1024;;ColisÃ£o Traseira;Luz do Dia;Bom;Seca;Meio de Quadra;NÃ£o HÃ¡ Controle;Residencial;0;1;1;0;1;0;0;0;0;1;0;0;;;
355681;12;2;2020;19:58;0;AV BENJAMIM BRASIL;;;2112;;ColisÃ£o Transversal;Via Iluminada;Bom;Seca;Meio de Quadra;NÃ£o HÃ¡ Controle;Comercial;0;0;2;0;0;0;0;0;0;1;0;0;"-3,80829200000";"-38,55822900000";mq_match
355682;12;2;2020;19:45;18442;AV GOV PARSIFAL BARROSO;RUA HAROLDO TORRES;;;;ColisÃ£o Lateral;Via Iluminada;Bom;Seca;T;Pare;Comercial;0;2;2;1;0;0;0;0;0;1;0;0;"-3,72975000000";"-38,56928000000";inter_gpsv
355755;12;2;2020;04:00;0;AV FILOMENO GOMES;;;619;;Atropelamento;Via Iluminada;Bom;Seca;Meio de Quadra;NÃ£o HÃ¡ Controle;Residencial;0;1;1;1;0;0;0;0;0;0;0;0;"-3,72031391000";"-38,54136870000";mq_qgis
355928;12;2;2020;10:20;0;RD BR 116;;;7000;KM-07;ColisÃ£o Traseira;Luz do Dia;Bom;Seca;Meio de Quadra;;;0;1;3;1;0;0;1;0;0;0;0;0;"-3,78627635900";"-38,51156140000";rod_match
355929;12;2;2020;12:20;0;RD BR 116;;;15000;KM-15;Tombamento;Luz do Dia;Bom;Seca;Meio de Quadra;;;0;1;1;0;0;0;0;0;0;1;0;0;"-3,88232900000";"-38,50111300000";rod_match
355930;13;2;2020;13:00;0;RD BR 116;;;10000;KM-10;ColisÃ£o Traseira;Luz do Dia;Chuva;Molhada;Meio de Quadra;;;0;1;1;1;0;0;0;0;0;1;0;0;"-3,83443500000";"-38,50337300000";rod_match
355931;13;2;2020;15:15;0;RD BR 020;;;;KM 429;Choque c/ ObstÃ¡culo Fixo;Luz do Dia;Chuva;Molhada;Meio de Quadra;;;0;0;1;0;0;0;0;0;0;0;0;0;"-3,86900000000";"-38,50700000000";rod_match
355756;13;2;2020;03:50;2830;AV GAL OSORIO DE PAIVA;RUA OSCAR FRANCA;;;;ColisÃ£o Transversal;Via Iluminada;Chuva;Molhada;T;SemÃ¡foro;Comercial;0;1;1;1;0;0;0;0;0;1;0;0;"-3,79447300000";"-38,59211300000";inter_match
355757;13;2;2020;10:30;26254;AV AMERICO BARREIRA;RUA SERGIPE;;;;Engavetamento;Luz do Dia;Chuva;Molhada;T;SemÃ¡foro;Comercial;0;0;3;1;0;0;0;0;0;0;0;0;"-3,76369000000";"-38,56660000000";inter_gpsv
355683;13;2;2020;14:10;0;AV JOAO PESSOA;;;3577;CAMPO DO CEARA;Engavetamento;Luz do Dia;Chuva;Molhada;Meio de Quadra;NÃ£o HÃ¡ Controle;Comercial;0;1;1;1;0;0;0;0;0;0;0;0;"-3,74623000000";"-38,54383000000";mq_gpsv
355684;13;2;2020;15:20;13156;AV D CJ JOSE WALTER;AV J CJ JOSE WALTER;;;;ColisÃ£o Transversal;Luz do Dia;Nublado;Molhada;T;DÃª PreferÃªncia;Residencial;0;1;1;0;1;1;0;0;0;0;0;0;"-3,83159900000";"-38,55583200000";inter_match
355685;13;2;2020;17:45;0;AV JOSE BASTOS;;;3786;;ColisÃ£o Lateral;Anoitecer;Nublado;Molhada;Meio de Quadra;SemÃ¡foro;Comercial;0;1;2;1;0;0;0;0;0;1;0;0;"-3,75192400000";"-38,55237950000";mq_match
355686;13;2;2020;20:40;11582;AV ROGACIANO LEITE;RUA RICARDO A BRAGA;;;;ColisÃ£o Transversal;Via Iluminada;Bom;Seca;Cruz;Pare;Residencial;0;1;2;1;0;0;0;0;0;1;0;0;"-3,78667100000";"-38,50331500000";inter_match
356950;13;2;2020;00:31;0;AV FRANCISCO SA;;;7630;;ColisÃ£o;;;;Meio de Quadra;;;0;1;0;1;0;0;0;0;0;1;0;0;"-3,70595400000";"-38,58674650000";mq_match
356951;13;2;2020;06:24;0;AV DUQ CAXIAS;;;2136;;Acidente Pessoal;Luz do Dia;;;Meio de Quadra;;;0;1;0;0;0;0;0;0;0;1;0;0;"-3,72748400000";"-38,54314300000";mq_qgis
356952;13;2;2020;06:55;0;RUA CEL JOAO CORREIA;;;19000;;ColisÃ£o;Luz do Dia;;;Meio de Quadra;;;0;1;0;1;0;0;0;0;0;1;0;0;;;
356953;13;2;2020;06:58;0;AV FRE CIRILO;;;4186;;ColisÃ£o;Luz do Dia;;;Meio de Quadra;;;0;1;0;1;0;0;0;0;0;1;0;0;"-3,82063408300";"-38,49596966700";mq_match
356954;13;2;2020;07:29;0;RUA PRO TEODORICO;;;337;;ColisÃ£o;Luz do Dia;;;Meio de Quadra;;;0;1;0;0;0;0;0;0;0;0;0;0;"-3,76768600000";"-38,55643600000";mq_qgis
356955;13;2;2020;07:34;0;RUA OLIVEIRA FILHO;;;470;;Queda;Luz do Dia;;;Meio de Quadra;;;0;2;0;0;0;0;0;0;0;1;0;0;"-3,72224000000";"-38,46624000000";mq_gpsv
356956;13;2;2020;08:02;0;AV MR HULL;;;2013;;Queda;Luz do Dia;;;Meio de Quadra;;;0;1;0;0;0;0;0;0;0;1;0;0;"-3,73686000000";"-38,56968000000";mq_gpsv
356957;13;2;2020;08:07;0;RUA PDE MORORO;;;1493;;Atropelamento;Luz do Dia;;;Meio de Quadra;;;0;1;0;1;0;0;0;0;0;0;0;0;"-3,72992400000";"-38,53883700000";mq_qgis
356958;13;2;2020;08:29;0;AV OLAVO BILAC;;;1111;;ColisÃ£o;Luz do Dia;;;Meio de Quadra;;;0;1;0;1;0;1;0;0;0;0;0;0;"-3,73060352000";"-38,56470520000";mq_qgis
356893;13;2;2020;13:14;9149;RUA DOM SEBASTIAO LEME;RUA DR JOSE VITOR;;;;ColisÃ£o;Luz do Dia;;;Cruz;Pare;Residencial;0;0;2;1;0;0;0;0;0;0;0;0;"-3,74770300000";"-38,52600000000";inter_match
356894;13;2;2020;18:00;0;RUA ALBERTO MAGNO;;;1590;;ColisÃ£o;Anoitecer;;;Meio de Quadra;;;0;0;2;0;1;0;0;0;0;0;0;0;"-3,76799100000";"-38,55241700000";mq_match
356967;13;2;2020;08:40;5352;RUA PINTO MADEIRA;AV DOM MANUEL;;;;ColisÃ£o;Luz do Dia;;;Cruz;SemÃ¡foro;Comercial;0;1;0;1;0;0;0;0;0;1;0;0;"-3,73096400000";"-38,52195700000";inter_match
356968;13;2;2020;08:44;0;RUA JOAO REGINO;;;;;ColisÃ£o;Luz do Dia;;;Meio de Quadra;;;0;1;0;1;0;0;0;0;0;1;0;0;;;
356969;13;2;2020;08:50;0;AV BAR STUDART;;;168;;Queda;Luz do Dia;;;Meio de Quadra;;;0;1;0;0;0;0;0;0;0;1;0;0;"-3,72511983000";"-38,50355830000";mq_qgis
356970;13;2;2020;08:54;0;AV JOSE BASTOS;;;;;ColisÃ£o;Luz do Dia;;;Meio de Quadra;;;0;2;0;1;0;0;0;0;0;0;0;0;;;
356972;13;2;2020;08:54;0;RUA ALBERTO MAGNO;;;952;;Queda;Luz do Dia;;;Meio de Quadra;;;0;1;0;0;0;0;0;0;0;1;0;0;"-3,76315378000";"-38,54845660000";mq_qgis
356973;13;2;2020;08:58;0;AV DR SILAS MUNGUBA;;;4500;;ColisÃ£o;Luz do Dia;;;Meio de Quadra;;;0;1;0;0;0;0;0;0;0;1;0;0;"-3,79309000000";"-38,53504300000";mq_match
356975;13;2;2020;10:29;0;AV DEP PAULINO ROCHA;;;1333;;ColisÃ£o;Luz do Dia;;;Meio de Quadra;;;0;1;0;1;0;0;0;0;0;0;0;0;"-3,80911500000";"-38,50873000000";mq_match
356977;13;2;2020;10:31;0;RUA BAR ARATANHA;;;1323;;ColisÃ£o;Luz do Dia;;;Meio de Quadra;;;0;1;0;1;0;0;0;0;0;1;0;0;"-3,74433057000";"-38,53020070000";mq_qgis
356978;13;2;2020;11:16;0;TR TR ANTENOR ALMEIDA;;;36;;ColisÃ£o;Luz do Dia;;;Meio de Quadra;;;0;1;0;0;0;0;0;0;0;1;0;0;"-3,72472000000";"-38,57694000000";mq_gpsv
356980;13;2;2020;11:22;7873;AV PONTES VIEIRA;RUA BARBOSA DE FREITAS;;;;Atropelamento;Luz do Dia;;;Cruz;SemÃ¡foro;Comercial;0;1;1;1;0;0;0;0;0;0;0;0;"-3,75138100000";"-38,50209400000";inter_match
356981;13;2;2020;11:39;19693;RUA GUSTAVO SAMPAIO;RUA GAL PIRAGIBE;;;;ColisÃ£o;Luz do Dia;;;Cruz;Pare;Comercial;0;0;1;1;0;0;0;0;0;1;0;0;"-3,73566100000";"-38,55839800000";inter_match
356986;13;2;2020;16:15;0;AV GAL OSORIO DE PAIVA;;;1870;;Queda;Luz do Dia;;;Meio de Quadra;;;0;1;0;0;0;0;0;0;0;1;0;0;"-3,78346500000";"-38,57894900000";mq_qgis
356983;13;2;2020;11:52;0;RUA JOAQUIM DOS ANJOS;;;879;;Queda;Luz do Dia;;;Meio de Quadra;;;0;1;0;0;0;0;0;0;0;1;0;0;"-3,83098816000";"-38,56919810000";mq_qgis
356996;13;2;2020;17:05;0;RD BR 116;;;;;Queda;Anoitecer;;;Meio de Quadra;;;0;1;0;0;0;0;0;0;0;1;0;0;;;
357004;13;2;2020;18:36;0;RUA DEMETRIO MENEZES;;;;;Acidente Pessoal;;;;Meio de Quadra;;;0;1;0;0;1;0;0;0;0;0;0;0;;;
357006;13;2;2020;18:55;0;RUA MANUEL CASTELO BRANCO;;;841;;ColisÃ£o;;;;Meio de Quadra;;;0;1;0;1;0;0;0;0;0;1;0;0;"-3,83315300000";"-38,48727600000";mq_qgis
357008;13;2;2020;19:34;0;AV GODOFREDO MACIEL;;;;;ColisÃ£o;;;;Meio de Quadra;;;0;0;1;0;0;0;0;0;0;1;0;0;;;
357009;13;2;2020;20:02;0;RUA PRO CARVALHO;;;3020;;ColisÃ£o;;;;Meio de Quadra;;;0;1;0;1;0;0;0;0;0;1;0;0;"-3,75074500000";"-38,51533500000";mq_qgis
357011;13;2;2020;20:09;0;RUA CARLOS AMORA;;;;;Queda;;;;Meio de Quadra;;;0;1;0;0;0;1;0;0;0;0;0;0;;;
357012;13;2;2020;20:16;0;RD QUARTO ANEL VIARIO;;;2380;;Atropelamento;;;;Meio de Quadra;;;0;1;0;1;0;0;0;0;0;0;0;0;"-3,87055300000";"-38,50150700000";rod_match
357014;13;2;2020;20:18;0;AV WENEFRIDO MELO;;;859;;ColisÃ£o;;;;Meio de Quadra;;;0;1;0;1;0;0;0;0;0;1;0;0;;;
357016;13;2;2020;20:59;0;RUA CATOLE;;;2590;;ColisÃ£o;;;;Meio de Quadra;;;0;1;0;0;0;0;0;0;0;1;0;0;"-3,85249952000";"-38,52191750000";mq_qgis
357017;13;2;2020;21:37;0;AV H CJ CEARA;;;;;ColisÃ£o;;;;Meio de Quadra;;;0;2;0;0;0;0;0;0;0;0;0;0;;;
357019;13;2;2020;21:58;23517;AV GOV RAUL BARBOSA;RUA FLORO BARTOLOMEU;;;;Queda;;;;Meio de Quadra;NÃ£o HÃ¡ Controle;Comercial;0;2;0;0;0;0;0;0;0;1;0;0;"-3,75972300000";"-38,50462900000";inter_match
357021;13;2;2020;22:10;0;AV JOSE BASTOS;;;;;ColisÃ£o;;;;Meio de Quadra;;;0;1;0;0;0;0;0;0;0;1;0;0;;;
357022;13;2;2020;22:25;0;AV PRS COSTA E SILVA;;;;;ColisÃ£o;;;;Meio de Quadra;;;0;1;1;1;0;0;0;0;0;1;0;0;;;
357023;13;2;2020;22:27;0;RD BR 116;;;;;Queda;;;;Meio de Quadra;;;0;1;0;0;0;0;0;0;0;1;0;0;;;
357025;13;2;2020;23:56;13021;AV I CJ JOSE WALTER;AV A CJ JOSE WALTER;;;;ColisÃ£o;;;;Cruz;Pare;Residencial;0;1;0;0;0;0;0;0;0;1;0;0;"-3,82583400000";"-38,55093500000";inter_match
357026;14;2;2020;07:14;0;AV JOAO PESSOA;;;4693;;ColisÃ£o;Luz do Dia;;;Meio de Quadra;;;0;0;1;1;0;0;0;0;0;1;0;0;"-3,75546840000";"-38,55238300000";mq_match
357027;14;2;2020;07:15;0;RUA DIOGO CORREIA;;;329;;ColisÃ£o;Luz do Dia;;;Meio de Quadra;;;0;1;0;1;0;0;0;0;0;1;0;0;"-3,77099600000";"-38,59010200000";mq_match
357028;14;2;2020;07:44;0;AV BENJAMIM BRASIL;;;1137;;ColisÃ£o;Luz do Dia;;;Meio de Quadra;;;0;1;0;1;0;0;0;0;0;1;0;0;"-3,80552000000";"-38,56482000000";mq_match
357033;14;2;2020;08:39;3998;RUA ALBERTO MAGNO;RUA SAMUEL UCHOA;;;;Atropelamento;Luz do Dia;;;Cruz;NÃ£o HÃ¡ Controle;Comercial;0;1;1;0;1;0;0;0;0;0;0;0;"-3,75660850000";"-38,54290000000";inter_match
357044;14;2;2020;13:45;0;AV BEZERRA DE MENEZES;;;1665;;ColisÃ£o;Luz do Dia;;;Meio de Quadra;;;0;1;0;1;0;0;0;0;0;1;0;0;"-3,73466100000";"-38,55966000000";mq_match
357045;14;2;2020;14:09;0;RUA PRO HERIBALDO COSTA;;;1490;;ColisÃ£o;Luz do Dia;;;Meio de Quadra;;;0;1;0;1;0;0;0;0;0;1;0;0;"-3,76496100000";"-38,58647100000";mq_qgis
357046;14;2;2020;15:27;5407;RUA SOLON PINHEIRO;AV DUQ CAXIAS;;;;ColisÃ£o;Luz do Dia;;;Cruz;SemÃ¡foro;Comercial;0;1;1;1;0;0;0;0;0;1;0;0;"-3,73270400000";"-38,52703400000";inter_match
357047;14;2;2020;15:49;9543;RUA CEL FABRICIANO;RUA ARI MAIA;;;;ColisÃ£o;Luz do Dia;;;Cruz;Pare;Residencial;0;1;1;1;0;0;0;0;0;1;0;0;"-3,77936200000";"-38,62026700000";inter_match
357048;14;2;2020;18:54;0;AV GODOFREDO MACIEL;;;5200;;ColisÃ£o;;;;Meio de Quadra;;;0;1;0;1;0;1;0;0;0;0;0;0;"-3,81960500000";"-38,57706500000";mq_match
357049;14;2;2020;19:34;0;RUA ANTONIO BARBOSA;;;1572;;ColisÃ£o;;;;Meio de Quadra;;;0;1;0;1;0;0;0;0;0;1;0;0;"-3,83254000000";"-38,56519000000";mq_gpsv
357038;14;2;2020;10:35;0;AV JOVITA FEITOSA;;;2255;;ColisÃ£o;Luz do Dia;;;Meio de Quadra;;;0;2;1;1;0;0;0;0;0;1;0;0;"-3,74004900000";"-38,55748400000";mq_qgis
357039;14;2;2020;10:48;0;RUA ADOLFO PINHEIRO;;;320;;ColisÃ£o;Luz do Dia;;;Meio de Quadra;;;0;1;0;1;0;0;0;0;0;1;0;0;"-3,75037398000";"-38,51034690000";mq_qgis
357040;14;2;2020;11:42;0;AV HIS RAIMUNDO GIRAO;;;363;;ColisÃ£o;Luz do Dia;;;Meio de Quadra;;;0;1;1;1;0;0;0;0;0;1;0;0;"-3,72062560000";"-38,51264500000";mq_match
357041;14;2;2020;12:31;0;RUA BERNARDO MANUEL;;;9930;;ColisÃ£o;Luz do Dia;;;Meio de Quadra;;;0;1;0;1;0;0;0;0;0;1;0;0;"-3,80395312000";"-38,55298180000";mq_qgis