COD_ACIDENTE;DIA;MES;ANO;HORA;INTERSECAO;LOG1;LOG2;LOG3;NUMERO;REFERENCIA;NATUREZA;ILUMINACAO;TEMPO;SUPERFICIEPISTA;TIPOCRUZAMENTO;CONTROLETRAFEGO;USOSOLO;MORTOS;FERIDOS;ILESOS;AUTOMOVEL;ONIBUS;BICICLETA;CAMINHAO;MICROONIBUS;CICLOMOTOR;MOTOCICLETA;TRACAOANIMAL;TREM;LATITUDE;LONGITUDE;METODO
357042;14;2;2020;13:10;0;RUA PRO VIRGILIO DE MORAIS;;;500;;ColisÃ£o;Luz do Dia;;;Meio de Quadra;;;0;1;0;0;0;0;1;0;0;1;0;0;"-3,75296695000";"-38,59698000000";mq_qgis
357036;14;2;2020;08:42;0;AV BENJAMIM BRASIL;;;1080;;ColisÃ£o;Luz do Dia;;;Meio de Quadra;;;0;1;0;1;0;0;0;0;0;1;0;0;"-3,80540000000";"-38,56522000000";mq_match
357052;14;2;2020;20:06;15232;RUA DEP MOREIRA DA ROCHA;RUA SILVA PAULET;;;;ColisÃ£o;;;;Cruz;Pare;Comercial;0;1;0;1;0;0;0;0;0;1;0;0;"-3,72752600000";"-38,50319400000";inter_match
357054;14;2;2020;20:29;0;RUA ENG LUIS MONTENEGRO;;;600;;ColisÃ£o;;;;Meio de Quadra;;;0;1;0;1;0;0;0;0;0;1;0;0;"-3,81411000000";"-38,61807000000";mq_gpsv
357056;14;2;2020;23:05;0;AV CENTRAL IU 309;;;31;PRAÃ‡A CIDADE 2000;Queda;;;;Meio de Quadra;;;0;1;0;0;0;0;0;0;0;1;0;0;"-3,80916960000";"-38,53883670000";mq_gpsv
357061;14;2;2020;23:29;22353;AV BEZERRA DE MENEZES;AV OLAVO BILAC;;;;ColisÃ£o;;;;;;;0;1;0;1;0;1;0;0;0;0;0;0;"-3,73560100000";"-38,56415100000";inter_match
357065;14;2;2020;23:51;0;RUA ALVARO MARTINS;;;393;;ColisÃ£o;;;;Meio de Quadra;;;0;1;0;0;0;0;0;0;0;1;0;0;"-3,74889790000";"-38,54206010000";mq_qgis
357063;14;2;2020;23:48;0;AV JOR THOMAZ COELHO;;;2760;;ColisÃ£o;;;;Meio de Quadra;;;0;2;0;0;0;0;0;0;0;0;0;0;"-3,82839600000";"-38,51942400000";mq_match
356895;14;2;2020;01:45;0;RUA PARAGUACU D45;;;1213;;ColisÃ£o;;;;Meio de Quadra;;;0;0;2;1;0;0;0;0;0;1;0;0;"-3,78571889000";"-38,53916580000";mq_qgis
356902;14;2;2020;13:26;0;AV JOR THOMAZ COELHO;;;3173;;ColisÃ£o;Luz do Dia;;;Meio de Quadra;;;0;1;1;0;0;0;1;0;0;1;0;0;"-3,82897323300";"-38,52303147000";mq_match
356903;14;2;2020;20:50;0;AV CEL CARVALHO;;;956;;ColisÃ£o;;;;Meio de Quadra;;;0;0;2;0;0;0;0;0;0;0;0;0;"-3,71083000000";"-38,58971000000";mq_gpsv
356897;14;2;2020;10:30;0;RUA ROMEU ALDIGUERI;;;;;ColisÃ£o;Luz do Dia;;;Meio de Quadra;;;0;0;2;1;0;0;0;0;0;0;0;0;;;
355687;14;2;2020;06:40;0;RUA GAL CLARINDO DE QUEIROZ;RUA VINTE QUATRO DE MAIO;;;;ColisÃ£o Transversal;Luz do Dia;Bom;Seca;;;;0;2;1;1;1;0;0;0;0;0;0;0;"-3,73163490000";"-38,53363400000";inter_match
355688;14;2;2020;13:30;0;AV ANTONIO SALES;;;2460;;ColisÃ£o Lateral;Luz do Dia;Bom;Seca;Meio de Quadra;NÃ£o HÃ¡ Controle;Comercial;0;0;2;0;0;0;0;0;0;0;0;0;"-3,74562400000";"-38,50179470000";mq_qgis
355689;14;2;2020;18:29;18056;AV DIOGUINHO;RUA FRANCISCO TEIXEIRA DE ALCANTARA;;;;ColisÃ£o Transversal;Anoitecer;Bom;Seca;Cruz;Pare;Residencial;0;2;1;1;0;0;0;0;0;1;0;0;"-3,73723300000";"-38,45572100000";inter_match
355695;14;2;2020;13:30;10392;RUA JOSE MENDONCA;RUA STA ADELIA;;;;ColisÃ£o Transversal;Luz do Dia;Bom;Seca;Cruz;Pare;Residencial;0;1;1;0;0;0;0;0;0;1;0;0;"-3,75904300000";"-38,60254500000";inter_match
355758;14;2;2020;08:35;0;AV PRO GOMES DE MATOS;;;216;;Atropelamento;Luz do Dia;Nublado;Seca;Meio de Quadra;;;0;1;1;0;0;0;0;1;0;0;0;0;"-3,76173380000";"-38,54589580000";mq_match
355932;14;2;2020;22:55;0;RD BR 222;;;;KM-01;ColisÃ£o Lateral;;Bom;Seca;Meio de Quadra;;;0;2;0;0;0;0;0;0;0;1;0;0;"-3,73769844400";"-38,57814693000";rod_match
355604;14;2;2020;14:10;0;AV SEN CARLOS JEREISSATI (AEROPORTO);;;;;ColisÃ£o;Luz do Dia;;;Meio de Quadra;;;0;0;2;1;0;0;0;0;0;1;0;0;;;
355605;14;2;2020;17:00;0;RD CE-040;;;;KM-07;Engavetamento;Anoitecer;;Seca;Meio de Quadra;;;0;0;3;1;0;0;0;0;0;0;0;0;"-3,81715944500";"-38,48303286000";rod_match
356102;14;2;2020;00:13;0;RUA JUAZEIRO DO NORTE;;;20;;ColisÃ£o;;;;;;;0;1;1;1;0;0;0;0;0;1;0;0;"-3,72737629000";"-38,49319090000";mq_qgis
356103;15;2;2020;02:05;0;AV JOR THOMAZ COELHO;;;1578;;ColisÃ£o;;;;Meio de Quadra;;;0;1;1;0;0;0;0;0;0;0;0;0;"-3,82990427100";"-38,50913561000";mq_match
356104;15;2;2020;03:15;0;AV A CJ CEARA;;;1360;;Atropelamento;;;;Meio de Quadra;;;0;1;1;1;0;0;0;0;0;0;0;0;"-3,77327767000";"-38,60540400000";mq_qgis
356105;15;2;2020;03:39;25253;AV WASHINGTON SOARES;RUA VALMIR PONTES;;;;Capotamento;;;;Cruz;SemÃ¡foro;Comercial;0;2;0;0;0;0;0;0;0;0;0;0;"-3,77148200000";"-38,48201600000";inter_match
356106;15;2;2020;03:42;0;RUA ENG JAIME ROLEMBERG;;;90;;Queda;;;;Meio de Quadra;;;0;1;0;0;0;0;0;0;0;1;0;0;"-3,80164000000";"-38,56120000000";mq_gpsv
356107;15;2;2020;07:00;0;AV BEZERRA DE MENEZES;;;480;;Queda;Luz do Dia;;;Meio de Quadra;;;0;1;0;0;0;0;0;0;0;1;0;0;"-3,73250868000";"-38,54920780000";mq_qgis
356108;15;2;2020;07:07;0;RUA PEDRO MARTINS;;;937;;ColisÃ£o;Luz do Dia;;;Meio de Quadra;;;0;1;1;1;0;0;0;0;0;1;0;0;"-3,79790229000";"-38,60498120000";mq_qgis
356109;15;2;2020;08:42;0;RUA JOSE FACANHA;;;4160;;Queda;Luz do Dia;;;Meio de Quadra;;;0;2;0;0;0;0;0;0;0;1;0;0;"-3,75419000000";"-38,55498000000";mq_gpsv
356110;15;2;2020;09:02;0;AV CONTORNO NORTE D71;;;1699;;ColisÃ£o;Luz do Dia;;;Meio de Quadra;;;0;1;1;0;0;0;1;0;0;1;0;0;"-3,81013700000";"-38,59084900000";mq_gpsv
356111;15;2;2020;10:08;0;AV EDILSON B SOARES;;;36;;ColisÃ£o;Luz do Dia;;;Meio de Quadra;;;0;2;1;1;0;0;0;0;0;1;0;0;"-3,78986765000";"-38,48544240000";mq_qgis
356117;15;2;2020;13:20;0;RUA PEDRO DE SOUZA;;;339;;ColisÃ£o;Luz do Dia;;;Meio de Quadra;;;0;1;1;1;0;0;0;0;0;1;0;0;"-3,85254000000";"-38,49872000000";mq_gpsv
356118;15;2;2020;15:11;0;AV SEN FERNANDES TAVORA;;;2433;;Queda;Luz do Dia;;;Meio de Quadra;;;0;1;0;0;0;0;0;0;0;1;0;0;"-3,75595300000";"-38,59388900000";mq_match
356099;15;2;2020;00:01;0;AV CESAR CALS;;;433;;ColisÃ£o;;;;Meio de Quadra;;;0;2;1;1;0;0;0;0;0;1;0;0;"-3,72154500000";"-38,46415500000";mq_match
356100;15;2;2020;00:02;14357;RUA BAR CRATO;RUA HENRIQUE ELERY;;;;ColisÃ£o;;;;Cruz;Pare;Residencial;0;1;1;0;0;0;0;0;0;1;0;0;"-3,72162200000";"-38,56100200000";inter_match
356101;15;2;2020;00:02;0;RUA QUINTINO CUNHA;;;127;;ColisÃ£o;;;;Meio de Quadra;;;0;1;1;0;0;0;0;0;0;1;0;0;"-3,75096000000";"-38,57979000000";mq_gpsv
356113;15;2;2020;10:50;0;AV SEN VIRGILIO TAVORA;;;2620;;Queda;Luz do Dia;;;Meio de Quadra;;;0;1;0;0;0;1;0;0;0;0;0;0;"-3,74997800000";"-38,49735350000";mq_qgis
356114;15;2;2020;11:22;0;RUA VASCO DE ATAIDE;;;;;Queda;Luz do Dia;;;Meio de Quadra;;;0;1;0;0;0;1;0;0;0;0;0;0;;;
356115;15;2;2020;12:38;12955;AV A CJ JOSE WALTER;AV JOAO DE ARAUJO LIMA;;;;ColisÃ£o;Luz do Dia;;;Cruz;Pare;Comercial;0;1;1;1;0;0;0;0;0;1;0;0;"-3,82347400000";"-38,55869100000";inter_match
356140;15;2;2020;17:45;1030;RUA JOAQUIM FROTA;TR RAFAEL TOBIAS;;;;ColisÃ£o;Anoitecer;;;;;;0;1;1;1;0;0;0;0;0;1;0;0;"-3,80136000000";"-38,47180000000";inter_gpsv
356141;15;2;2020;18:20;0;RUA TIRADENTES;;;762;;Atropelamento;Anoitecer;;;Meio de Quadra;;;0;1;1;0;0;0;0;0;0;1;0;0;"-3,74047000000";"-38,55086100000";mq_qgis
356142;15;2;2020;18:48;0;AV JOR JOAO RAMOS;;;1260;;Atropelamento;;;;Meio de Quadra;;;0;1;1;0;0;0;0;0;0;1;0;0;;;
356143;15;2;2020;18:55;0;AV DEP PAULINO ROCHA;;;1001;;ColisÃ£o;;;;Meio de Quadra;;;0;1;1;1;0;0;0;0;0;1;0;0;"-3,80762000000";"-38,50840000000";mq_match
356144;15;2;2020;21:33;0;AV 13 DE MAIO;;;858;;Atropelamento;;;;Meio de Quadra;;;0;1;1;1;0;0;0;0;0;0;0;0;"-3,75118840000";"-38,52715160000";mq_qgis
356145;15;2;2020;22:01;0;AV CENTRAL;;;1036;;Queda;;;;Meio de Quadra;;;0;1;0;0;0;0;0;0;0;1;0;0;"-3,81473000000";"-38,53771000000";mq_gpsv
356146;15;2;2020;22:13;0;AV GAL OSORIO DE PAIVA;;;1805;PADARIA PERY;ColisÃ£o;;;;Meio de Quadra;;;0;1;1;1;0;0;0;0;0;1;0;0;"-3,78310300000";"-38,57829400000";mq_match
356123;15;2;2020;17:45;0;RUA TEODOMIRO DE CASTRO;;;2880;;ColisÃ£o;Anoitecer;;;Meio de Quadra;;;0;1;1;0;0;0;0;0;0;0;0;0;"-3,71946000000";"-38,57076000000";mq_gpsv
356120;15;2;2020;15:30;0;AV SGT HERMINIO SAMPAIO;;;4530;;ColisÃ£o;Luz do Dia;;;Meio de Quadra;;;0;2;1;1;0;1;0;0;0;0;0;0;"-3,73198200000";"-38,58041100000";mq_qgis
355606;15;2;2020;20:40;0;AV SEN CARLOS JEREISSATI (AEROPORTO);;;114;KM 01;Atropelamento;;;Seca;Meio de Quadra;;;0;2;0;0;0;0;0;0;0;1;0;0;"-3,78388000000";"-38,51715000000";mq_gpsv
355933;15;2;2020;23:15;0;RD BR 116;;;;KM-09;Choque c/ ObstÃ¡culo Fixo;;Chuva;Molhada;Meio de Quadra;;;0;1;0;0;0;0;0;0;0;0;0;0;"-3,83083700000";"-38,50486500000";rod_match
355759;15;2;2020;16:10;22209;AV SGT HERMINIO SAMPAIO;RUA ARISTIDES B NETO;;;;ColisÃ£o Lateral;Luz do Dia;Nublado;Seca;Duplo T;Pare;Comercial;0;1;1;1;0;0;0;0;0;1;0;0;"-3,72550900000";"-38,55582000000";inter_match
355760;15;2;2020;18:46;15700;RUA GUILHERME PESSOA;RUA VICENTE NOBRE MACEDO;;;;ColisÃ£o Transversal;Via Iluminada;Bom;Seca;Cruz;Pare;Residencial;1;1;1;0;1;0;0;0;0;1;0;0;"-3,82749800000";"-38,48465400000";inter_match
355690;15;2;2020;09:00;19734;RUA AZEVEDO BOLAO;RUA PEDRO DE QUEIROZ;;;;ColisÃ£o Transversal;Luz do Dia;Nublado;Seca;Cruz;Pare;Residencial;0;1;1;1;0;0;0;0;0;1;0;0;"-3,73720000000";"-38,56034400000";inter_match
356737;15;2;2020;03:20;0;AV MR HULL;;;;;ColisÃ£o;;;;Meio de Quadra;;;0;0;2;1;0;0;0;0;0;0;0;0;;;
355691;16;2;2020;23:02;0;RUA AFONSO LOPES;RUA PEDRO WILSON (ITAPERI);;251;;ColisÃ£o Transversal;Via Iluminada;Bom;Seca;;;;0;1;1;1;0;0;0;0;0;1;0;0;"-3,79063600000";"-38,54744210000";inter_match
355692;16;2;2020;07:40;17387;RUA ZACARIAS GONDIM;RUA PRO TEODORICO;;;;NÃ£o Informado;Amanhecer;Chuva;Molhada;Cruz;Pare;Comercial;0;0;1;0;0;0;0;0;0;0;0;0;"-3,76708000000";"-38,55812100000";inter_match
355693;16;2;2020;03:49;17326;RUA ALBERTO MAGNO;RUA ALAN KARDEC;;;;ColisÃ£o;Via Iluminada;Nublado;Seca;Cruz;Pare;Comercial;0;2;1;1;0;0;0;0;0;1;0;0;"-3,76479600000";"-38,54991800000";inter_match
355694;16;2;2020;09:00;0;RUA MARIA JULIA ROCHA;RUA OSCAR FRANCA;;684;;NÃ£o Informado;Luz do Dia;Nublado;Seca;;;;0;0;2;0;0;0;0;0;0;1;0;0;"-3,79189000000";"-38,59974000000";inter_gpsv
355696;16;2;2020;16:12;19688;RUA PRO RAIMUNDO ARRUDA;RUA AZEVEDO BOLAO;;;;ColisÃ£o Transversal;Luz do Dia;Bom;Seca;Cruz;Gesto;Comercial;0;2;0;0;0;0;0;0;0;1;0;0;"-3,73541400000";"-38,55170100000";inter_match
355769;16;2;2020;18:00;0;AV ALBERTO CRAVEIRO;;;;;ColisÃ£o Traseira;Via Iluminada;Bom;Seca;Meio de Quadra;SemÃ¡foro;Comercial;0;1;1;1;0;0;0;0;0;1;0;0;;;
355770;16;2;2020;15:00;24472;AV CEL CARVALHO;RUA RIO JURUA;;;;ColisÃ£o;Luz do Dia;Bom;Seca;T;SemÃ¡foro;Comercial;0;1;1;0;0;1;1;0;0;0;0;0;"-3,70632200000";"-38,59080700000";inter_match
355934;16;2;2020;06:10;0;RD BR 116;;;;KM-05;Choque c/ ObstÃ¡culo Fixo;Luz do Dia;Chuva;Molhada;Meio de Quadra;;;0;0;1;0;0;0;0;0;0;0;0;0;"-3,79650200000";"-38,50678700000";rod_match
355935;16;2;2020;07:45;0;RD BR 222;;;;KM-01;ColisÃ£o Transversal;Luz do Dia;Chuva;Molhada;Meio de Quadra;;;0;0;3;1;0;0;0;0;0;0;0;0;"-3,73769844400";"-38,57814693000";rod_match
356165;16;2;2020;13:39;13208;AV E CJ JOSE WALTER;AV L CJ JOSE WALTER;;;;ColisÃ£o;Luz do Dia;;;Cruz;Pare;Residencial;0;1;1;1;0;0;0;0;0;1;0;0;"-3,83316000000";"-38,55820000000";inter_gpsv
356166;16;2;2020;13:50;0;RUA NOSSA SRA DAS GRACAS;;;525;;ColisÃ£o;Luz do Dia;;;Meio de Quadra;;;0;2;0;0;0;0;0;0;0;1;0;0;"-3,71031000000";"-38,55300000000";mq_gpsv
356167;16;2;2020;13:52;19161;RUA PRO OTAVIO LOBO;RUA LAURO NOGUEIRA;;;;Atropelamento;Luz do Dia;;;Cruz;SemÃ¡foro;Residencial;0;1;1;1;0;0;0;0;0;0;0;0;"-3,74067300000";"-38,47645200000";inter_match
356168;16;2;2020;15:27;0;RUA DIADEMA;;;267;;Choque c/ ObstÃ¡culo Fixo;Luz do Dia;;;Meio de Quadra;;;0;1;0;1;0;0;0;0;0;0;0;0;"-3,84477972200";"-38,52255879000";mq_match
356147;16;2;2020;01:23;0;RUA AMARO JOSE DE SOUZA;;;360;;Queda;;;;Meio de Quadra;;;0;1;0;0;0;0;0;0;0;1;0;0;"-3,82553050000";"-38,56714100000";mq_qgis
356148;16;2;2020;02:22;0;AV PRS CASTELO BRANCO;;;6281;POLO DE LAZER DA BARRA DO CEARA;Atropelamento;;;;Meio de Quadra;;;0;1;1;0;0;0;0;0;0;1;0;0;"-3,70089000000";"-38,58600000000";mq_gpsv
356149;16;2;2020;02:39;0;AV GAL OSORIO DE PAIVA;;;;;ColisÃ£o;;;;Meio de Quadra;;;0;2;1;1;0;0;0;0;0;1;0;0;;;
356150;16;2;2020;06:34;0;RUA HONORIO VIEIRA;;;1507;;ColisÃ£o;Luz do Dia;;;Meio de Quadra;;;0;1;1;1;0;0;0;0;0;1;0;0;;;
356151;16;2;2020;07:49;0;AV AUGUSTO DOS ANJOS;;;1885;;ColisÃ£o;Luz do Dia;;;Meio de Quadra;;;0;2;1;1;0;0;0;0;0;1;0;0;"-3,78253740000";"-38,58121810000";mq_qgis
356153;16;2;2020;07:59;9132;AV 13 DE MAIO;RUA JAIME BENEVOLO;;;;ColisÃ£o;Luz do Dia;;;Cruz;SemÃ¡foro;Comercial;0;2;1;1;1;0;0;0;0;0;0;0;"-3,74812200000";"-38,53074100000";inter_match
356154;16;2;2020;08:03;0;AV JOR THOMAZ COELHO;;;1578;;ColisÃ£o;Luz do Dia;;;Meio de Quadra;;;0;1;1;1;0;0;0;0;0;1;0;0;"-3,82990427100";"-38,50913561000";mq_match
356155;16;2;2020;08:04;11642;TR RIO DE JANEIRO;RUA VITORIA (AV. PERIMETRAL);;;;ColisÃ£o;Luz do Dia;;;;;;0;1;1;1;0;0;0;0;0;1;0;0;"-3,76882600000";"-38,59036900000";inter_match
356156;16;2;2020;11:41;0;RUA CAP HUGO BEZERRA;;;1131;;Queda;Luz do Dia;;;Meio de Quadra;;;0;1;0;0;0;0;0;0;0;1;0;0;"-3,82032945200";"-38,51315619000";mq_match
356157;16;2;2020;11:54;0;RUA ALUISIO AZEVEDO;;;577;;Atropelamento;Luz do Dia;;;Meio de Quadra;;;0;1;1;0;0;0;0;0;0;0;0;0;"-3,77081319000";"-38,57801750000";mq_qgis
356158;16;2;2020;12:14;0;AV ENG SANTANA JUNIOR;;;383;;Atropelamento;Luz do Dia;;;Meio de Quadra;;;0;1;1;1;0;0;0;0;0;0;0;0;"-3,73261000000";"-38,48012000000";mq_gpsv
356171;16;2;2020;16:17;0;RUA SAQUAREMA;;;256;;Queda;Luz do Dia;;;Meio de Quadra;;;0;1;0;0;0;0;0;0;0;1;0;0;"-3,84324716000";"-38,52543230000";mq_qgis
356172;16;2;2020;17:41;0;AV MIN JOSE AMERICO;;;80;;ColisÃ£o;Anoitecer;;;Meio de Quadra;;;0;1;1;1;0;0;0;0;0;1;0;0;"-3,81241550000";"-38,49841800000";mq_match
356173;16;2;2020;18:30;0;RUA PEDRO MARTINS;;;370;;Atropelamento;Anoitecer;;;Meio de Quadra;;;1;0;1;0;1;0;0;0;0;0;0;0;"-3,79948696000";"-38,60139620000";mq_qgis
356174;16;2;2020;18:33;0;AV CONTORNO LESTE D71;;;8;;ColisÃ£o;;;;Meio de Quadra;;;0;1;1;1;0;1;0;0;0;0;0;0;"-3,81462575000";"-38,58393037000";mq_gpsv
356175;16;2;2020;19:18;9243;AV EDUARDO GIRAO;AV DOS EXPEDICIONARIOS;;;;Queda;;;;Cruz;SemÃ¡foro;Comercial;0;1;0;0;0;1;0;0;0;0;0;0;"-3,75071200000";"-38,53684900000";inter_match
356176;16;2;2020;19:36;0;AV JOR THOMAZ COELHO;;;3469;;ColisÃ£o;;;;Meio de Quadra;;;0;1;1;1;0;0;0;0;0;1;0;0;"-3,82957000000";"-38,52714970000";mq_gpsv
356177;16;2;2020;19:56;0;RUA 11 CJ HAB ST S JOAO;;;456;;ColisÃ£o;;;;Meio de Quadra;;;0;1;1;1;0;0;0;0;0;1;0;0;"-3,83616930000";"-38,51713460000";mq_gpsv
356178;16;2;2020;20:03;0;RUA TEBAS;;;959;;ColisÃ£o;;;;Meio de Quadra;;;0;2;0;0;0;0;0;0;0;1;0;0;"-3,81570000000";"-38,62173000000";mq_gpsv
356179;16;2;2020;20:19;0;AV GODOFREDO MACIEL;;;2575;;ColisÃ£o;;;;Meio de Quadra;;;0;1;1;1;0;0;0;0;0;1;0;0;"-3,79829520000";"-38,57047560000";mq_match
356180;16;2;2020;20:33;0;RUA SERGIPE;;;1244;;ColisÃ£o;;;;Meio de Quadra;;;0;1;1;1;0;0;0;0;0;1;0;0;"-3,76140250000";"-38,56952870000";mq_qgis
356181;16;2;2020;21:01;0;RUA NETUNO;;;1244;;Queda;;;;Meio de Quadra;;;0;1;0;0;0;0;0;0;0;1;0;0;"-3,76064370000";"-38,57115740000";mq_gpsv
356182;16;2;2020;23:56;0;RUA PEDRO DANTAS;;;446;;Atropelamento;;;;Meio de Quadra;;;0;1;1;1;0;0;0;0;0;0;0;0;"-3,78597536000";"-38,52156740000";mq_qgis
359042;16;2;2020;20:26;7497;RUA BOA VENTURA;RUA PEDRO DANTAS;;;;ColisÃ£o Transversal;Via Iluminada;Bom;Seca;Cruz;Pare;Residencial;0;0;2;0;0;0;0;0;0;1;0;0;"-3,78556200000";"-38,52388500000";inter_match
359043;16;2;2020;07:20;22167;AV JOSE BASTOS;RUA TAVARES IRACEMA;;;;ColisÃ£o Transversal;Luz do Dia;Bom;Seca;T;NÃ£o HÃ¡ Controle;Comercial;0;1;1;1;0;0;0;0;0;1;0;0;"-3,75231300000";"-38,55277000000";inter_match
356183;17;2;2020;00:13;2837;RUA BOM JESUS (GRANJA LISBOA);RUA MARIA JULIA;;;;ColisÃ£o;;;;Cruz;Pare;Residencial;0;1;1;1;0;0;0;0;0;1;0;0;"-3,79464000000";"-38,60060300000";inter_match
356184;17;2;2020;02:03;0;RUA STA TEREZINHA UI 806;;;115;;Queda;;;;Meio de Quadra;;;0;1;0;0;0;1;0;0;0;0;0;0;"-3,79010000000";"-38,58946000000";mq_gpsv
356185;17;2;2020;02:24;0;AV MIN JOSE AMERICO;;;513;;Queda;;;;Meio de Quadra;;;0;1;0;0;0;0;0;0;0;1;0;0;"-3,81093480000";"-38,49513340000";mq_qgis
356186;17;2;2020;06:12;0;AV AUGUSTO DOS ANJOS;;;312;;Queda;Luz do Dia;;;Meio de Quadra;;;0;1;0;0;0;0;0;0;0;1;0;0;"-3,77193600000";"-38,57174900000";mq_match
356192;17;2;2020;07:33;13439;RUA BAR ARACATI;RUA TOMAS ACIOLI;;;;ColisÃ£o;Luz do Dia;;;Cruz;Gesto;Residencial;0;1;1;1;0;1;0;0;0;0;0;0;"-3,74305600000";"-38,51533900000";inter_match
356193;17;2;2020;08:15;5484;RUA JAGUARETAMA;RUA JOAO CORDEIRO;;;;ColisÃ£o;Luz do Dia;;;Cruz;Pare;Residencial;0;1;1;1;0;0;0;0;0;1;0;0;"-3,73648900000";"-38,51681500000";inter_match
356194;17;2;2020;08:28;0;AV FRANCISCO SA;;;4431;;ColisÃ£o;Luz do Dia;;;Meio de Quadra;;;0;2;0;0;0;0;0;0;0;0;0;0;"-3,71507142000";"-38,56427460000";mq_qgis
356195;17;2;2020;08:35;0;RUA SGT JOAO PINHEIRO;;;;;Queda;Luz do Dia;;;Meio de Quadra;;;0;1;0;0;0;0;0;0;0;1;0;0;;;
356196;17;2;2020;09:23;17378;RUA ALBERTO MAGNO;RUA ROMEU MARTINS;;;;ColisÃ£o;Luz do Dia;;;Cruz;Pare;Comercial;0;1;1;1;0;0;0;0;0;1;0;0;"-3,76691400000";"-38,55175800000";inter_match
356197;17;2;2020;09:34;0;AV ANTONIO SALES;;;;;Queda;Luz do Dia;;;Meio de Quadra;;;0;1;0;0;0;0;0;0;0;1;0;0;;;
356198;17;2;2020;09:45;4662;RUA PEDRO LAZAR;RUA HOMERO C BRANCO;;;;Queda;Luz do Dia;;;Cruz;Pare;Residencial;0;1;0;0;0;0;0;0;0;1;0;0;"-3,80412860000";"-38,48834000000";inter_match
356199;17;2;2020;10:07;7774;RUA JOAQUIM NABUCO;AV ANTONIO SALES;;;;Queda;Luz do Dia;;;Cruz;SemÃ¡foro;Comercial;0;1;0;0;0;0;0;0;0;1;0;0;"-3,74483200000";"-38,50437100000";inter_match
356200;17;2;2020;10:43;0;RUA 1018 CJ CEARA;;;148;;Atropelamento;Luz do Dia;;;Meio de Quadra;;;0;1;1;0;0;0;0;0;0;1;0;0;"-3,77021133300";"-38,61644367000";mq_match
356201;17;2;2020;11:46;0;RUA GUILHERME PESSOA;;;1318;;ColisÃ£o;Luz do Dia;;;Meio de Quadra;;;0;1;1;0;0;0;0;0;0;0;0;0;"-3,82770000000";"-38,48346000000";mq_gpsv
356203;17;2;2020;12:18;0;RUA DEMETRIO MENEZES;;;;;Outros;Luz do Dia;;;Meio de Quadra;;;0;1;1;0;1;0;0;0;0;0;0;0;;;
356204;17;2;2020;13:17;0;RUA JOAQUIM ALFREDO;;;378;;Queda;Luz do Dia;;;Meio de Quadra;;;0;1;0;0;0;0;0;0;0;1;0;0;"-3,80705282000";"-38,58389180000";mq_qgis
356205;17;2;2020;13:56;0;RUA JOSE TORRES;;;763;;ColisÃ£o;Luz do Dia;;;Meio de Quadra;;;0;1;1;1;0;0;0;0;0;1;0;0;"-3,77772144400";"-38,60664406000";mq_match
356206;17;2;2020;14:11;16709;RUA JOAQUIM CORREIA;RUA PLANALTINA (PL AYRTON SENNA);;;;ColisÃ£o;Luz do Dia;;;;;;0;1;1;1;0;0;0;0;0;1;0;0;"-3,83566500000";"-38,56888500000";inter_match
356208;17;2;2020;14:13;7383;RUA CURITIBA;RUA SAO LUIS D30;;;;ColisÃ£o;Luz do Dia;;;;;;0;2;1;1;0;0;0;0;0;1;0;0;"-3,75623000000";"-38,59089000000";inter_gpsv
356209;17;2;2020;15:15;8069;RUA DES PRAXEDES;RUA WALDERY UCHOA;;;;ColisÃ£o;Luz do Dia;;;Cruz;Pare;Comercial;0;1;1;1;0;0;0;0;0;1;0;0;"-3,75815700000";"-38,55170500000";inter_match
356210;17;2;2020;15:59;0;RUA COS ARAUJO LIMA;;;1050;;ColisÃ£o;Luz do Dia;;;Meio de Quadra;;;0;1;1;1;0;0;0;0;0;1;0;0;"-3,75164500000";"-38,58706150000";mq_qgis
356211;17;2;2020;16:58;12071;AV MON AMARILIO RODRIGUES;RUA 301 CJ SAO CRISTOVAO;;;;Queda;Luz do Dia;;;;;;0;1;0;0;0;0;0;0;0;1;0;0;"-3,83531300000";"-38,51951800000";inter_gpsv
356212;17;2;2020;17:00;0;AV BORGES DE MELO;;;;;ColisÃ£o;Anoitecer;;;Meio de Quadra;;;0;1;1;0;0;0;1;0;0;1;0;0;;;
356213;17;2;2020;18:06;0;AV SGT HERMINIO SAMPAIO;;;3485;;ColisÃ£o;Anoitecer;;;Meio de Quadra;;;0;1;1;1;0;0;0;0;0;1;0;0;"-3,72854000000";"-38,57175900000";mq_match
356214;17;2;2020;18:23;0;AV H CJ CEARA;;;1051;;Atropelamento;Anoitecer;;;Meio de Quadra;;;0;2;1;0;0;0;0;0;0;1;0;0;"-3,77537300000";"-38,60712000000";mq_qgis
356215;17;2;2020;19:18;0;RUA LUIS VIEIRA;;;555;;ColisÃ£o;;;;Meio de Quadra;;;0;1;1;1;0;0;0;0;0;1;0;0;"-3,79373541700";"-38,58750868000";mq_match