COD_ACIDENTE;DIA;MES;ANO;HORA;INTERSECAO;LOG1;LOG2;LOG3;NUMERO;REFERENCIA;NATUREZA;ILUMINACAO;TEMPO;SUPERFICIEPISTA;TIPOCRUZAMENTO;CONTROLETRAFEGO;USOSOLO;MORTOS;FERIDOS;ILESOS;AUTOMOVEL;ONIBUS;BICICLETA;CAMINHAO;MICROONIBUS;CICLOMOTOR;MOTOCICLETA;TRACAOANIMAL;TREM;LATITUDE;LONGITUDE;METODO
356392;20;2;2020;23:14;0;AV BENJAMIM BRASIL;;;1583;;ColisÃ£o;;;;Meio de Quadra;;;0;1;1;1;0;0;0;0;0;1;0;0;"-3,80676113000";"-38,56155050000";mq_qgis
356377;20;2;2020;16:12;0;RUA ANGELA DINIZ;;;30;;ColisÃ£o;Luz do Dia;;;Meio de Quadra;;;0;1;1;0;0;1;0;0;0;0;0;0;"-3,85045223000";"-38,52164090000";mq_qgis
356381;20;2;2020;18:04;0;RUA GERMANO FRANCK;;;935;;ColisÃ£o;Anoitecer;;;Meio de Quadra;;;0;1;1;0;0;0;0;0;0;0;0;0;"-3,77905807400";"-38,56415163000";mq_match
356422;21;2;2020;11:46;0;RUA GONCALA A RODRIGUES;;;420;;Queda;Luz do Dia;;;Meio de Quadra;;;0;2;0;0;0;1;0;0;0;0;0;0;"-3,74951000000";"-38,57303000000";mq_gpsv
356425;21;2;2020;11:53;0;RUA CON DE CASTRO;;;8617;;ColisÃ£o;Luz do Dia;;;Meio de Quadra;;;0;1;1;1;0;0;0;0;0;1;0;0;"-3,82110600000";"-38,60367580000";mq_match
356426;21;2;2020;12:16;7622;RUA STA CATARINA (BELA VISTA / PAN AMERICANO);RUA PERNAMBUCO;;;;ColisÃ£o;Luz do Dia;;;Cruz;Pare;Residencial;0;1;1;0;0;0;0;0;0;0;0;0;"-3,75960500000";"-38,56906700000";inter_match
356427;21;2;2020;12:18;0;RUA F CJ ITAPERI;;;164;;ColisÃ£o;Luz do Dia;;;Meio de Quadra;;;0;1;1;1;0;0;0;0;0;1;0;0;"-3,79687155000";"-38,54717820000";mq_qgis
356428;21;2;2020;13:50;0;AV GAL OSORIO DE PAIVA;;;600;;ColisÃ£o;Luz do Dia;;;Meio de Quadra;;;0;1;1;1;0;0;0;0;0;1;0;0;"-3,77649772700";"-38,56787518000";mq_match
356429;21;2;2020;16:04;0;RUA GUSTAVO SAMPAIO;;;430;;ColisÃ£o;Luz do Dia;;;Meio de Quadra;;;0;1;1;1;0;0;0;0;0;1;0;0;"-3,73363900000";"-38,54865700000";mq_match
356430;21;2;2020;16:12;0;RUA FREI HUMBERTO;;;226;;ColisÃ£o;Luz do Dia;;;Meio de Quadra;;;0;1;1;1;0;1;0;0;0;0;0;0;"-3,78432000000";"-38,59442000000";mq_gpsv
356431;21;2;2020;16:51;0;RUA TAQUATIARA;;;220;;ColisÃ£o;Luz do Dia;;;Meio de Quadra;;;0;1;1;1;0;0;0;0;0;1;0;0;"-3,83040006000";"-38,50194040000";mq_qgis
356437;21;2;2020;17:33;0;AV MOZART PINHEIRO DE LUCENA;;;810;;ColisÃ£o;Anoitecer;;;Meio de Quadra;;;0;2;0;0;0;1;0;0;0;1;0;0;"-3,70997400000";"-38,59328250000";mq_qgis
356438;21;2;2020;18:34;10943;RUA ZACARIAS GONDIM;RUA DOM CARLOTO TAVORA;;;;ColisÃ£o;;;;Cruz;Pare;Comercial;0;1;1;0;0;0;0;0;0;1;0;0;"-3,76894500000";"-38,55878500000";inter_match
356439;21;2;2020;19:42;0;LOGRADOURO SEM NOME;;;303;;ColisÃ£o;;;;Meio de Quadra;;;0;1;1;1;0;0;0;0;0;1;0;0;"-3,82164686000";"-38,54385840000";mq_qgis
356440;21;2;2020;21:46;24913;AV DA INDEPENDENCIA;AV MOZART PINHEIRO DE LUCENA;;;;ColisÃ£o;;;;Cruz;SemÃ¡foro;Comercial;0;1;1;1;0;0;0;0;0;1;0;0;"-3,72495700000";"-38,59761500000";inter_match
356441;21;2;2020;22:18;0;RUA CATOLE;;;2365;;Atropelamento;;;;Meio de Quadra;;;0;1;1;0;0;0;0;0;0;1;0;0;"-3,85052900000";"-38,52134100000";mq_match
356393;21;2;2020;00:00;0;AV F CJ CEARA;;;342;;Queda;;;;Meio de Quadra;;;0;1;0;0;0;0;0;0;0;1;0;0;"-3,76384094000";"-38,60675470000";mq_qgis
356394;21;2;2020;04:39;26192;AV GAL OSORIO DE PAIVA;AV SIQUEIRA CAMPOS;;;;Queda;;;;Cruz;NÃ£o HÃ¡ Controle;Residencial;0;1;0;0;0;0;0;0;0;1;0;0;"-3,82182100000";"-38,61865100000";inter_match
356395;21;2;2020;07:24;0;RUA DR JOSE ROBERTO SALES;;;305;;ColisÃ£o;Luz do Dia;;;Meio de Quadra;;;0;2;1;1;0;0;0;0;0;1;0;0;"-3,69686000000";"-38,57847000000";mq_gpsv
356396;21;2;2020;10:04;0;AV DR SILAS MUNGUBA;;;3363;;ColisÃ£o;Luz do Dia;;;Meio de Quadra;;;0;2;1;1;0;0;0;0;0;1;0;0;"-3,78919200000";"-38,54378300000";mq_match
356397;21;2;2020;10:27;0;AV JOVITA FEITOSA;;;3335;;ColisÃ£o;Luz do Dia;;;Meio de Quadra;;;0;1;1;1;0;0;0;0;0;1;0;0;"-3,74297100000";"-38,56741500000";mq_match
356398;21;2;2020;10:40;0;RUA 19 CJ NOVA ASSUNCAO;;;70;;ColisÃ£o;Luz do Dia;;;Meio de Quadra;;;0;2;0;0;0;0;0;0;0;0;0;0;"-3,82466956000";"-38,51704040000";mq_qgis
356399;21;2;2020;10:42;0;TERM TERMINAL DA PARANGABA;;;168;;Atropelamento;Luz do Dia;;;Meio de Quadra;;;0;1;1;1;0;0;0;0;0;0;0;0;"-3,77607000000";"-38,56440000000";mq_gpsv
356400;21;2;2020;11:09;0;RUA DEZESSETE (VL VELHA);;;981;;ColisÃ£o;Luz do Dia;;;Meio de Quadra;;;0;2;0;0;0;0;0;0;0;1;0;0;"-3,71382000000";"-38,59531000000";mq_gpsv
356433;21;2;2020;16:53;0;RUA VIRIATO RIBEIRO;;;721;;Atropelamento;Luz do Dia;;;Meio de Quadra;;;0;2;0;0;0;0;0;0;0;1;0;0;"-3,75125057000";"-38,56029890000";mq_qgis
356435;21;2;2020;17:11;0;AV PRS CASTELO BRANCO;;;;;ColisÃ£o;Anoitecer;;;Meio de Quadra;;;0;1;1;0;0;0;0;0;0;0;0;0;;;
355943;21;2;2020;10:43;0;RD BR 116;;;2920;KM-07;ColisÃ£o Traseira;Luz do Dia;Bom;Seca;Meio de Quadra;;;0;1;1;1;0;0;0;0;0;1;0;0;"-3,78627635900";"-38,51156140000";rod_match
355944;21;2;2020;14:40;0;RD BR 222;;;;KM-01;ColisÃ£o;Luz do Dia;Bom;Seca;Meio de Quadra;;;0;2;1;1;0;0;0;0;0;1;0;0;"-3,73769844400";"-38,57814693000";rod_match
355956;21;2;2020;19:30;0;AV SEN CARLOS JEREISSATI (AEROPORTO);;;;KM 02;ColisÃ£o;;Bom;Seca;Meio de Quadra;;;0;2;1;1;0;0;0;0;0;1;0;0;"-3,78219400000";"-38,53542400000";rod_match
355723;21;2;2020;07:58;0;RUA DR WANDA SIDOU;RUA E ESPL CASTELAO;;0;;ColisÃ£o Lateral;Luz do Dia;Bom;Seca;;;;0;1;1;1;0;0;0;0;0;1;0;0;"-3,81015000000";"-38,50687000000";inter_gpsv
355778;21;2;2020;01:30;7766;AV ANTONIO SALES;RUA TIBURCIO CAVALCANTE;;;;ColisÃ£o Lateral;Via Iluminada;Bom;Seca;Cruz;SemÃ¡foro;Residencial;0;0;2;1;0;0;0;0;0;0;0;0;"-3,74454300000";"-38,50533300000";inter_match
356757;21;2;2020;11:40;0;AV DEP PAULINO ROCHA;;;2417;;ColisÃ£o;Luz do Dia;;;Meio de Quadra;;;0;0;2;1;0;0;0;0;0;0;0;0;"-3,81056000000";"-38,51809000000";mq_gpsv
355724;22;2;2020;12:59;0;AV PRS COSTA E SILVA;;;2464;;Choque c/ ObstÃ¡culo Fixo;Luz do Dia;Chuva;Molhada;Meio de Quadra;NÃ£o HÃ¡ Controle;Comercial;0;1;0;1;0;0;0;0;0;0;0;0;"-3,82035423000";"-38,55994040000";mq_qgis
355728;22;2;2020;15:39;25036;RUA CAP MELO;RUA EDUARDO BEZERRA;;;;ColisÃ£o Transversal;Luz do Dia;Nublado;Seca;Cruz;SemÃ¡foro;Residencial;0;1;1;1;0;0;0;0;0;1;0;0;"-3,75380300000";"-38,51360700000";inter_match
355957;22;2;2020;22:00;0;RD CE-040;;;;KM-05;Atropelamento;Via Iluminada;Bom;Seca;Meio de Quadra;;;1;0;1;1;0;0;0;0;0;0;0;0;"-3,80059582300";"-38,47953463000";rod_match
355949;22;2;2020;14:20;0;RD BR 020;;;;KM 426;ColisÃ£o Lateral;Luz do Dia;Chuva;Molhada;Meio de Quadra;;;0;1;2;1;0;0;1;0;0;0;0;0;"-3,86300000000";"-38,52400000000";rod_match
356021;22;2;2020;01:21;0;RUA EDUARDO PERDIGAO;;;;;ColisÃ£o;;;;Meio de Quadra;;;0;0;1;0;0;0;0;0;0;0;0;0;;;
356022;22;2;2020;01:44;0;RUA CARLOS AMORA;;;;;ColisÃ£o;;;;Meio de Quadra;;;0;1;1;0;0;1;0;0;0;1;0;0;;;
356023;22;2;2020;05:05;0;RUA PINTO MADEIRA;;;;;ColisÃ£o;Amanhecer;;;Meio de Quadra;;;0;0;1;1;0;0;0;0;0;1;0;0;;;
356024;22;2;2020;05:21;0;AV HIS RAIMUNDO GIRAO;;;363;;Queda;Amanhecer;;;Meio de Quadra;;;0;1;0;0;0;0;0;0;0;1;0;0;"-3,72062560000";"-38,51264500000";mq_match
356025;22;2;2020;06:16;0;RUA TRES MARIAS;;;181;;ColisÃ£o;Luz do Dia;;;Meio de Quadra;;;0;1;0;1;0;0;0;0;0;1;0;0;"-3,79930000000";"-38,59826000000";mq_gpsv
356026;22;2;2020;07:01;0;AV PRS COSTA E SILVA;;;2315;;Atropelamento;Luz do Dia;;;Meio de Quadra;;;0;1;1;1;0;0;0;0;0;0;0;0;"-3,81983400000";"-38,56102960000";mq_qgis
356027;22;2;2020;07:13;0;AV PRS COSTA E SILVA;;;2615;;ColisÃ£o;Luz do Dia;;;Meio de Quadra;;;0;1;0;1;0;1;0;0;0;0;0;0;"-3,82088400000";"-38,55883131000";mq_match
356028;22;2;2020;09:11;12526;RUA CARNAUBAL;RUA PIERRE LUZ;;;;ColisÃ£o;Luz do Dia;;;Cruz;Pare;Residencial;1;0;1;1;0;0;0;0;0;1;0;0;"-3,72206200000";"-38,58821700000";inter_match
356029;22;2;2020;12:02;246;RUA DOM LINO;AV JOVITA FEITOSA;;;;Outros;Luz do Dia;;;Cruz;SemÃ¡foro;Comercial;0;1;0;0;0;0;0;0;0;1;0;0;"-3,73985000000";"-38,55641300000";inter_match
356030;22;2;2020;12:21;0;AV SGT HERMINIO SAMPAIO;;;709;;Atropelamento;Luz do Dia;;;Meio de Quadra;;;1;1;0;0;0;0;0;0;0;1;0;0;"-3,72460200000";"-38,54699100000";mq_match
356031;22;2;2020;16:58;0;AV MAJ ASSIS;;;1480;;ColisÃ£o;Luz do Dia;;;Meio de Quadra;;;0;1;0;1;0;0;0;0;0;1;0;0;"-3,72261436400";"-38,59257885000";mq_match
356032;22;2;2020;16:59;0;AV ANTONIO SALES;;;3346;;Atropelamento;Luz do Dia;;;Meio de Quadra;;;0;1;1;1;0;0;0;0;0;0;0;0;"-3,74823000000";"-38,49373000000";mq_gpsv
356033;22;2;2020;17:52;9328;RUA GAL MARIO HERMES;RUA CESAR CORREIA;;;;ColisÃ£o;Anoitecer;;;Cruz;Pare;Residencial;0;1;0;1;0;0;0;0;0;1;0;0;"-3,71513400000";"-38,57444800000";inter_match
356034;22;2;2020;17:54;241;AV JOVITA FEITOSA;RUA COS VIEIRA DA SILVA;;;;Queda;Anoitecer;;;Cruz;Pare;Comercial;0;1;0;0;0;0;0;0;0;1;0;0;"-3,73946000000";"-38,55423000000";inter_gpsv
356035;22;2;2020;18:34;0;RUA MIGUEL GURGEL;;;;;Queda;;;;Meio de Quadra;;;0;1;0;0;0;0;0;0;0;1;0;0;;;
356036;22;2;2020;18:58;0;AV GAL OSORIO DE PAIVA;;;1470;;Atropelamento;;;;Meio de Quadra;;;0;2;0;0;0;0;0;0;0;1;0;0;"-3,78093009100";"-38,57487539000";mq_match
356037;22;2;2020;19:54;0;AV TEN LISBOA;;;1774;;ColisÃ£o;;;;Meio de Quadra;;;0;2;0;0;0;0;0;0;0;0;0;0;"-3,71771000000";"-38,55146000000";mq_gpsv
356038;22;2;2020;20:46;0;RUA MACEIO;;;180;;Atropelamento;;;;Meio de Quadra;;;0;1;1;0;0;0;0;0;0;1;0;0;"-3,75467000000";"-38,58573000000";mq_gpsv
356040;22;2;2020;23:08;0;RUA TEN BENEVOLO;;;320;;ColisÃ£o;;;;Meio de Quadra;;;0;1;0;1;0;0;0;0;0;1;0;0;"-3,72510000000";"-38,51807700000";mq_qgis
356041;22;2;2020;23:44;0;AV SEN FERNANDES TAVORA;;;;;ColisÃ£o;;;;Meio de Quadra;;;0;1;0;0;0;0;0;0;0;1;0;0;;;
356042;23;2;2020;00:47;0;RUA ESTADO DO RIO;;;702;;Queda;;;;Meio de Quadra;;;0;1;0;0;0;0;0;0;0;1;0;0;"-3,75712811000";"-38,57000820000";mq_qgis
356043;23;2;2020;01:37;0;RUA ALBERTO MAGNO;;;628;;ColisÃ£o;;;;Meio de Quadra;;;0;3;0;0;0;0;0;0;0;1;0;0;"-3,76117000000";"-38,54674100000";mq_match
356044;23;2;2020;02:28;0;AV JOSE BASTOS;;;;;ColisÃ£o;;;;Meio de Quadra;;;0;2;0;0;0;0;0;0;0;1;0;0;;;
356045;23;2;2020;06:39;1580;RUA PDE VALDEVINO;RUA NUNES VALENTE;;;;ColisÃ£o;Luz do Dia;;;Cruz;Pare;Comercial;0;1;0;1;0;0;0;0;0;1;0;0;"-3,74260800000";"-38,50578200000";inter_match
356046;23;2;2020;11:06;0;RUA ANTONIO COSTA MENDES (PQ SÃƒO JOSÃ‰);;;1524;;ColisÃ£o;Luz do Dia;;;Meio de Quadra;;;0;1;0;0;0;0;0;0;0;0;0;0;"-3,79534000000";"-38,58879000000";mq_gpsv
356088;23;2;2020;13:16;0;RUA ALBANO AMARAL;;;674;;ColisÃ£o;Luz do Dia;;;Meio de Quadra;;;0;2;1;1;0;0;0;0;0;1;0;0;"-3,79804428000";"-38,58118050000";mq_qgis
356089;23;2;2020;16:48;0;RUA PEDRO DANTAS;;;345;;Queda;Luz do Dia;;;Meio de Quadra;;;0;1;0;0;0;0;0;0;0;1;0;0;"-3,78609400000";"-38,52090900000";mq_qgis
356090;23;2;2020;19:42;0;RD BR 116;;;;;Atropelamento;;;;Meio de Quadra;;;0;1;1;1;0;0;0;0;0;0;0;0;;;
356091;23;2;2020;19:50;0;AV JOSE BASTOS;;;;;ColisÃ£o;;;;Meio de Quadra;;;0;1;0;0;0;0;0;0;0;0;0;0;;;
356092;23;2;2020;20:07;0;RD BR 116;;;5317;;Atropelamento;;;;Meio de Quadra;;;0;1;1;1;0;0;0;0;0;0;0;0;"-3,79650200000";"-38,50678700000";rod_match
356093;23;2;2020;21:05;0;RUA MARIA CLARA;;;677;;Atropelamento;;;;Meio de Quadra;;;0;1;1;0;0;0;0;0;0;1;0;0;"-3,72548100000";"-38,58473850000";mq_qgis
356094;23;2;2020;21:22;0;AV CANAL D71;;;545;;Atropelamento;;;;Meio de Quadra;;;0;1;1;1;0;0;0;0;0;0;0;0;"-3,81547200000";"-38,58937900000";mq_gpsv
356095;23;2;2020;21:25;0;RUA URUCUTUBA;;;2448;;Queda;;;;Meio de Quadra;;;0;1;0;0;0;0;0;0;0;1;0;0;"-3,79913766700";"-38,61999200000";mq_match
356096;23;2;2020;21:47;26236;RUA BERNARDO MANUEL;AV DR SILAS MUNGUBA;;;;Atropelamento;;;;Cruz;SemÃ¡foro;Comercial;0;1;1;1;0;0;0;0;0;0;0;0;"-3,78753800000";"-38,54796000000";inter_match
356097;23;2;2020;22:31;15152;AV MON TABOSA;AV BAR STUDART;;;;ColisÃ£o;;;;;;;0;1;1;0;0;0;0;0;0;1;0;0;"-3,72476200000";"-38,50344500000";inter_match
355945;23;2;2020;18:10;0;RD BR 222;;;;KM-03;ColisÃ£o Traseira;Anoitecer;Bom;Seca;Meio de Quadra;;;0;1;1;1;0;1;0;0;0;0;0;0;"-3,74030084800";"-38,59594097000";rod_match
355736;23;2;2020;09:27;5191;AV DOM MANUEL;RUA PEREIRA FILGUEIRAS;;;;ColisÃ£o Transversal;Luz do Dia;Nublado;Seca;Cruz;SemÃ¡foro;Comercial;0;0;2;1;0;0;0;0;0;0;0;0;"-3,72594300000";"-38,52033800000";inter_match
355725;23;2;2020;08:44;13381;RUA JOAO CORDEIRO;RUA JOAO BRIGIDO;;;;ColisÃ£o Transversal;Luz do Dia;Nublado;Molhada;Cruz;SemÃ¡foro;Comercial;0;0;2;1;0;0;0;0;0;0;0;0;"-3,73992700000";"-38,51787000000";inter_match
355726;23;2;2020;06:57;23458;RUA PAULO FIRMEZA;RUA PRO CARVALHO;;;;ColisÃ£o Transversal;Luz do Dia;Nublado;Molhada;Cruz;Pare;Residencial;0;3;0;1;0;0;0;0;0;1;0;0;"-3,75723200000";"-38,51407800000";inter_match
355750;23;2;2020;13:10;15982;RUA CEL MANUEL ALBANO;RUA PAURILO BARROSO;;;;ColisÃ£o Lateral;Luz do Dia;Nublado;Molhada;Cruz;Pare;Residencial;0;1;1;1;0;0;0;0;0;1;0;0;"-3,80611000000";"-38,57128000000";inter_gpsv
355746;23;2;2020;12:29;9150;RUA CEL PERGENTINO FERREIRA;RUA DOM SEBASTIAO LEME;;;;ColisÃ£o Lateral;Luz do Dia;Nublado;Seca;Cruz;Pare;Escola;0;1;1;1;0;0;0;0;0;1;0;0;"-3,74882050000";"-38,52575700000";inter_match
356758;23;2;2020;08:30;23458;RUA PAULO FIRMEZA;RUA PRO CARVALHO;;;;ColisÃ£o;Luz do Dia;;;Cruz;Pare;Residencial;0;0;1;0;0;0;0;0;0;0;0;0;"-3,75723200000";"-38,51407800000";inter_match
355729;24;2;2020;09:09;7899;AV ANTONIO SALES;RUA MON CATAO;;;;Choque c/ ObstÃ¡culo Fixo;Luz do Dia;Bom;Seca;Cruz;Pare;Comercial;0;1;0;0;0;0;0;0;0;0;0;0;"-3,74817400000";"-38,49364200000";inter_match
355946;24;2;2020;20:10;0;RD BR 116;;;;KM-10;Queda;;Nublado;Seca;Meio de Quadra;;;0;1;0;0;0;0;0;0;0;1;0;0;"-3,83443500000";"-38,50337300000";rod_match
356098;24;2;2020;01:49;0;RUA MON SALAZAR;;;161;;Choque c/ ObstÃ¡culo Fixo;;;;Meio de Quadra;;;0;3;0;1;0;0;0;0;0;0;0;0;"-3,75656938000";"-38,51859030000";mq_qgis
356125;24;2;2020;10:29;0;RUA GAL CLARINDO DE QUEIROZ;;;1440;;ColisÃ£o;Luz do Dia;;;Meio de Quadra;;;0;1;1;1;0;0;0;0;0;1;0;0;"-3,73056000000";"-38,53674000000";mq_gpsv
356126;24;2;2020;13:26;0;AV PERIMETRAL;;;1067;;Atropelamento;Luz do Dia;;;Meio de Quadra;;;0;1;1;1;0;0;0;0;0;0;0;0;"-3,78535846000";"-38,58995590000";mq_qgis
356127;24;2;2020;19:52;19833;AV JOVITA FEITOSA;AV ENG HUMBERTO MONTE;;;;Queda;;;;Cruz;SemÃ¡foro;Residencial;0;0;1;0;0;0;0;0;0;1;0;0;"-3,74196300000";"-38,56654400000";inter_match
356128;24;2;2020;20:16;0;AV DUQ CAXIAS;;;;;Atropelamento;;;;Meio de Quadra;;;0;1;0;0;0;0;0;0;0;1;0;0;;;
356129;24;2;2020;20:45;25859;AV TRAJANO DE MEDEIROS;RUA VIS CAIRU;;;;ColisÃ£o;;;;;;;0;1;1;1;0;0;0;0;0;1;0;0;"-3,72741000000";"-38,46600000000";inter_gpsv
356130;24;2;2020;21:06;0;RUA HERMINIA BONAVIDES;;;;;ColisÃ£o;;;;Meio de Quadra;;;0;2;0;0;0;0;0;0;0;1;0;0;;;
356131;24;2;2020;21:13;0;RUA SEN JAGUARIBE;;;538;;Atropelamento;;;;Meio de Quadra;;;0;1;0;0;0;0;0;0;0;1;0;0;"-3,72181236000";"-38,52762570000";mq_qgis
356132;24;2;2020;21:57;0;AV LUIZ VIEIRA;;;;;ColisÃ£o;;;;Meio de Quadra;;;0;2;0;0;0;0;0;0;0;1;0;0;;;
356133;25;2;2020;01:12;0;RUA FIS ASSIS SARAIVA;;;883;;Queda;;;;Meio de Quadra;;;0;0;1;0;0;0;0;0;0;1;0;0;"-3,80151620000";"-38,52800490000";mq_gpsv
356134;25;2;2020;02:13;0;RD BR 116;;;7200;;ColisÃ£o;;;;Meio de Quadra;;;0;1;1;1;0;1;0;0;0;0;0;0;"-3,78627635900";"-38,51156140000";rod_match
356135;25;2;2020;03:48;0;RUA ENG LUIS MONTENEGRO;;;832;;ColisÃ£o;;;;Meio de Quadra;;;0;0;1;0;0;0;0;0;0;0;0;0;"-3,81346000000";"-38,62003000000";mq_gpsv
356136;25;2;2020;04:11;0;RUA ILDEFONSO ALBANO;;;68;;ColisÃ£o;;;;Meio de Quadra;;;0;1;0;0;0;0;0;0;0;0;0;0;"-3,72132700000";"-38,50946650000";mq_qgis
356137;25;2;2020;07:13;0;RD BR 020;;;;;Tombamento;Luz do Dia;;;Meio de Quadra;;;0;0;1;0;0;0;0;0;0;0;0;0;;;
356159;25;2;2020;11:09;6803;RUA ALMEIDA PRADO;RUA DR GILBERTO STUDART;;;;ColisÃ£o;Luz do Dia;;;Cruz;Pare;Residencial;0;2;1;1;0;0;0;0;0;1;0;0;"-3,74532300000";"-38,47566500000";inter_match
356160;25;2;2020;12:58;0;AV PRS JUSCELINO KUBITSCHEK (PASSARÃ‰);;;3753;;Queda;Luz do Dia;;;Meio de Quadra;;;0;1;0;0;0;0;0;0;0;1;0;0;"-3,81493000000";"-38,53050000000";mq_gpsv
356161;25;2;2020;13:17;9019;RUA BAR ARATANHA;RUA SALDANHA MARINHO;;;;Tombamento;Luz do Dia;;;Cruz;SemÃ¡foro;Comercial;0;0;1;0;0;0;0;0;0;0;0;0;"-3,74282000000";"-38,52969700000";inter_match
356162;25;2;2020;13:19;0;RUA ZACARIAS GONDIM;;;882;;ColisÃ£o;Luz do Dia;;;Meio de Quadra;;;0;0;1;1;0;1;0;0;0;0;0;0;"-3,77068200000";"-38,55938150000";mq_qgis
356163;25;2;2020;13:44;3005;RUA MARIA JULIA;RUA PDE FRANCISCO ARAQUEM;;;;ColisÃ£o;Luz do Dia;;;;;;0;1;0;1;0;0;0;0;0;1;0;0;"-3,80405000000";"-38,60438000000";inter_gpsv
356164;25;2;2020;16:56;0;RUA GUADALAJARA D62;;;420;;Atropelamento;Luz do Dia;;;Meio de Quadra;;;0;1;0;1;0;0;0;0;0;0;0;0;"-3,79690988900";"-38,51711167000";mq_gpsv
356152;25;2;2020;09:58;0;RUA VER PEDRO PAULO MOREIRA;;;832;;Atropelamento;Luz do Dia;;;Meio de Quadra;;;0;1;1;0;0;0;0;0;0;1;0;0;"-3,78710000000";"-38,48792710000";mq_qgis
356169;25;2;2020;18:10;0;AV H CJ CEARA;;;1772;;ColisÃ£o;Anoitecer;;;Meio de Quadra;;;0;1;0;0;0;0;0;0;0;0;0;0;"-3,77628942000";"-38,61429930000";mq_qgis
356170;25;2;2020;18:33;0;AV ALBERTO CRAVEIRO;;;;;Queda;;;;Meio de Quadra;;;0;1;0;0;0;0;0;0;0;1;0;0;;;
356250;25;2;2020;18:34;24229;AV ENG SANTANA JUNIOR;AV ENG ALBERTO SA;;;;Atropelamento;;;;Cruz;SemÃ¡foro;Comercial;0;1;0;1;0;0;0;0;0;0;0;0;"-3,73335700000";"-38,48062400000";inter_match
356251;25;2;2020;19:39;0;RUA ACARAPE;;;229;;Atropelamento;;;;Meio de Quadra;;;0;1;0;0;0;0;0;0;0;1;0;0;"-3,79950395000";"-38,55153010000";mq_qgis
356252;25;2;2020;20:25;0;AV F CJ CEARA;;;434;;ColisÃ£o;;;;Meio de Quadra;;;0;1;0;0;0;0;0;0;0;1;0;0;"-3,76414828000";"-38,60598670000";mq_qgis
356253;25;2;2020;21:01;0;AV CARAPINIMA;;;;;Atropelamento;;;;Meio de Quadra;;;0;1;0;1;0;0;0;0;0;0;0;0;;;
356254;25;2;2020;21:01;0;AV L CJ CEARA;;;;;Queda;;;;Meio de Quadra;;;0;1;0;0;0;0;0;0;0;1;0;0;;;
356255;25;2;2020;21:10;0;AV CARAPINIMA;;;;;Atropelamento;;;;Meio de Quadra;;;0;1;1;0;1;0;0;0;0;0;0;0;;;
356256;25;2;2020;22:21;0;RUA NOSSA SRA DAS GRACAS;;;429;;ColisÃ£o;;;;Meio de Quadra;;;0;1;0;0;0;0;0;0;0;0;0;0;"-3,71054851000";"-38,55221220000";mq_qgis
356257;25;2;2020;22:38;0;RUA CONFIANCA D63;;;467;;ColisÃ£o;;;;Meio de Quadra;;;0;0;1;1;0;0;0;0;0;1;0;0;"-3,81934895700";"-38,51154704000";mq_gpsv
355947;25;2;2020;07:20;0;RD BR 116;;;13000;KM-13;Outros;Luz do Dia;Chuva;Molhada;Meio de Quadra;;;0;0;1;0;0;0;1;0;0;0;0;0;"-3,86467000000";"-38,49772700000";rod_match
355948;25;2;2020;07:50;0;RD BR 020;;;;KM 430;Tombamento;Luz do Dia;Nublado;Molhada;Meio de Quadra;;;0;1;4;1;0;0;0;0;0;0;0;0;"-3,86876900000";"-38,50833300000";rod_match
355730;25;2;2020;13:49;9019;RUA BAR ARATANHA;RUA SALDANHA MARINHO;;0;;Capotamento;Luz do Dia;Bom;Seca;Cruz;SemÃ¡foro;Comercial;0;1;1;1;0;0;0;0;0;0;0;0;"-3,74282000000";"-38,52969700000";inter_match
355731;26;2;2020;16:25;0;AV GAL MURILO BORGES;;;0;;ColisÃ£o Traseira;Luz do Dia;Bom;Seca;Meio de Quadra;NÃ£o HÃ¡ Controle;Comercial;0;0;2;1;0;0;0;0;0;1;0;0;"-3,76404980000";"-38,50668000000";mq_match
355732;26;2;2020;18:00;14677;AV OLIVEIRA PAIVA;RUA GAL CAIADO DE CASTRO;;0;;ColisÃ£o Transversal;Luz do Dia;Bom;Seca;T;Pare;Comercial;0;1;1;1;0;0;0;0;0;1;0;0;"-3,79587000000";"-38,49042000000";inter_gpsv
355733;26;2;2020;19:28;19539;RUA EQUADOR;AV DR SILAS MUNGUBA;;0;;NÃ£o Informado;Via Iluminada;Bom;Seca;Cruz;SemÃ¡foro;Comercial;0;0;2;1;0;0;0;0;0;1;0;0;"-3,78240600000";"-38,55546000000";inter_match
355950;26;2;2020;15:00;0;RD BR 020;;;;KM 428;Queda;Luz do Dia;Bom;Seca;Meio de Quadra;;;0;2;0;0;0;0;0;0;0;1;0;0;"-3,86900000000";"-38,50700000000";rod_match
355951;26;2;2020;19:40;0;RD BR 020;;;;KM 427;Tombamento;;Bom;Seca;Meio de Quadra;;;0;2;0;0;0;0;0;0;0;1;0;0;"-3,86600000000";"-38,51500000000";rod_match