COD_ACIDENTE;DIA;MES;ANO;HORA;INTERSECAO;LOG1;LOG2;LOG3;NUMERO;REFERENCIA;NATUREZA;ILUMINACAO;TEMPO;SUPERFICIEPISTA;TIPOCRUZAMENTO;CONTROLETRAFEGO;USOSOLO;MORTOS;FERIDOS;ILESOS;AUTOMOVEL;ONIBUS;BICICLETA;CAMINHAO;MICROONIBUS;CICLOMOTOR;MOTOCICLETA;TRACAOANIMAL;TREM;LATITUDE;LONGITUDE;METODO
355958;26;2;2020;22:05;0;AV SEN CARLOS JEREISSATI (AEROPORTO);;;;KM 01;ColisÃ£o;Mal Iluminada;;Seca;Meio de Quadra;;;0;0;1;0;0;0;1;0;0;0;0;0;"-3,78375300000";"-38,52685000000";rod_match
355749;26;2;2020;20:30;0;AV JOVITA FEITOSA;;;314;;ColisÃ£o Traseira;Via Iluminada;Bom;Seca;Meio de Quadra;NÃ£o HÃ¡ Controle;Residencial;0;1;1;1;0;0;0;0;0;1;0;0;"-3,73776300000";"-38,54630100000";mq_qgis
356259;26;2;2020;00:36;0;RUA DIADEMA;;;267;;ColisÃ£o;;;;Meio de Quadra;;;0;1;1;1;0;0;0;0;0;0;0;0;"-3,84477972200";"-38,52255879000";mq_match
356265;26;2;2020;01:29;13304;AV I CJ JOSE WALTER;AV G CJ JOSE WALTER;;;;ColisÃ£o;;;;Cruz;Pare;Residencial;0;1;0;0;0;0;0;0;0;0;0;0;"-3,83906100000";"-38,55495600000";inter_match
356266;26;2;2020;06:01;0;RUA FENELON BOMILCAR;;;399;;ColisÃ£o;Luz do Dia;;;Meio de Quadra;;;0;1;0;1;0;0;0;0;0;1;0;0;"-3,71581000000";"-38,58220000000";mq_gpsv
356267;26;2;2020;07:11;0;AV GAL OSORIO DE PAIVA;;;7819;;ColisÃ£o;Luz do Dia;;;Meio de Quadra;;;0;1;0;0;0;0;0;0;0;0;0;0;"-3,82053334700";"-38,61739076000";mq_match
356268;26;2;2020;12:18;0;RUA MANUEL SATIRO;;;218;;ColisÃ£o;Luz do Dia;;;Meio de Quadra;;;0;1;0;0;0;0;1;0;0;1;0;0;"-3,79531400000";"-38,57498700000";mq_qgis
356269;26;2;2020;12:42;0;AV HIS RAIMUNDO GIRAO;;;474;;Queda;Luz do Dia;;;Meio de Quadra;;;0;1;0;0;0;0;0;0;0;1;0;0;"-3,72105840000";"-38,51127000000";mq_match
356270;26;2;2020;14:03;0;AV WASHINGTON SOARES;;;;;ColisÃ£o;Luz do Dia;;;Meio de Quadra;;;0;0;1;1;0;0;0;0;0;1;0;0;;;
356271;26;2;2020;14:23;0;RUA GERALDO BARBOSA;;;1197;;ColisÃ£o;Luz do Dia;;;Meio de Quadra;;;0;1;0;0;0;0;0;0;0;0;0;0;"-3,79162235000";"-38,60288710000";mq_qgis
356272;26;2;2020;14:42;0;RUA B PLANALTO COACU;;;1775;;Atropelamento;Luz do Dia;;;Meio de Quadra;;;0;1;0;1;0;0;0;0;0;0;0;0;"-3,81504170000";"-38,52930270000";mq_gpsv
356273;26;2;2020;15:03;0;AV GAL MURILO BORGES;;;;;ColisÃ£o;Luz do Dia;;;Meio de Quadra;;;0;1;0;1;0;0;0;0;0;1;0;0;;;
356275;26;2;2020;15:39;0;RUA PENSAMENTO;;;601;;ColisÃ£o;Luz do Dia;;;Meio de Quadra;;;0;1;0;1;0;0;0;0;0;1;0;0;"-3,84241105000";"-38,52874370000";mq_qgis
356276;26;2;2020;16:48;1389;RUA DES LEITE ALBUQUERQUE;RUA VIS MAUA;;;;ColisÃ£o;Luz do Dia;;;Cruz;DÃª PreferÃªncia;Comercial;0;0;1;1;0;0;0;0;0;1;0;0;"-3,73688600000";"-38,49969900000";inter_match
356277;26;2;2020;17:30;0;AV GAL OSORIO DE PAIVA;;;7020;;Atropelamento de Animal;Anoitecer;;;Meio de Quadra;;;0;1;0;0;0;0;0;0;0;1;0;0;"-3,81447890000";"-38,61191600000";mq_match
356278;26;2;2020;17:42;0;AV OLIVEIRA PAIVA;;;1881;;ColisÃ£o;Anoitecer;;;Meio de Quadra;;;0;1;0;0;0;0;0;0;0;0;0;0;"-3,79596500000";"-38,49013500000";mq_match
356279;26;2;2020;18:00;0;AV ENG SANTANA JUNIOR;;;1259;;Atropelamento;Anoitecer;;;Meio de Quadra;;;1;0;1;0;0;0;0;0;0;1;0;0;"-3,73896300000";"-38,48415800000";mq_match
356280;26;2;2020;18:48;0;RUA DA SORTE;;;26;;Choque c/ ObstÃ¡culo Fixo;;;;Meio de Quadra;;;0;1;0;0;0;0;0;0;0;1;0;0;"-3,80927560000";"-38,51098700000";mq_gpsv
356281;26;2;2020;18:49;0;RUA CEL MATOS DOURADO;;;814;;Queda;;;;Meio de Quadra;;;0;0;1;0;0;0;0;0;0;1;0;0;"-3,74650915000";"-38,58482880000";mq_qgis
356282;26;2;2020;20:33;0;RUA PERGENTINO MAIA;;;621;;Queda;;;;Meio de Quadra;;;0;1;0;0;0;1;0;0;0;0;0;0;"-3,83138000000";"-38,48905800000";mq_match
356283;26;2;2020;23:12;0;AV JOSE BASTOS;;;5070;;ColisÃ£o;;;;Meio de Quadra;;;0;0;1;1;0;1;0;0;0;0;0;0;"-3,75752000000";"-38,56176500000";mq_qgis
358661;26;2;2020;;0;RUA E LOT CAJAZEIRAS II;;;3705;;Queda;;;;Meio de Quadra;;;0;1;0;0;0;0;0;0;0;1;0;0;"-3,81505000000";"-38,52754000000";mq_gpsv
358662;26;2;2020;13:06;0;RUA OSCAR ARARIPE;;;2641;;ColisÃ£o;Luz do Dia;;;Meio de Quadra;;;0;1;1;1;0;0;0;0;0;1;0;0;"-3,78634300000";"-38,61436900000";mq_qgis
358663;27;2;2020;16:43;0;AV G CJ CEARA;;;160;;ColisÃ£o;Luz do Dia;;;Meio de Quadra;;;0;1;1;0;0;0;0;0;0;1;0;0;"-3,77091350000";"-38,61332900000";mq_qgis
356285;27;2;2020;01:41;0;RUA FRE MANSUETO;;;968;;ColisÃ£o;;;;Meio de Quadra;;;0;1;1;1;0;0;0;0;0;1;0;0;"-3,73269557900";"-38,48878111000";mq_match
356299;27;2;2020;05:27;0;AV FRANCISCO SA;;;4780;;ColisÃ£o;Amanhecer;;;Meio de Quadra;;;0;1;0;0;0;0;0;0;0;0;0;0;"-3,71388600000";"-38,56770800000";mq_match
356300;27;2;2020;07:12;0;RD BR 116;;;6285;;ColisÃ£o;Luz do Dia;;;Meio de Quadra;;;0;1;0;0;0;0;0;0;0;0;0;0;"-3,80469100000";"-38,50305300000";rod_match
356301;27;2;2020;07:32;0;RUA JUNIOR ROCHA;;;820;;ColisÃ£o;Luz do Dia;;;Meio de Quadra;;;0;1;0;1;0;0;0;0;0;1;0;0;"-3,79089893000";"-38,48783570000";mq_qgis
356302;27;2;2020;07:57;0;AV PRS CASTELO BRANCO;;;;;Queda;Luz do Dia;;;Meio de Quadra;;;0;1;0;0;0;1;0;0;0;0;0;0;;;
356303;27;2;2020;10:31;0;RUA MARGARIDA DE QUEIROZ;;;444;;ColisÃ£o;Luz do Dia;;;Meio de Quadra;;;0;2;1;1;0;0;0;0;0;1;0;0;;;
356304;27;2;2020;10:32;0;AV MAE LISBOA;;;2080;;ColisÃ£o;Luz do Dia;;;Meio de Quadra;;;0;1;0;1;0;0;0;0;0;1;0;0;"-3,80759100000";"-38,46100300000";mq_qgis
356305;27;2;2020;12:19;0;RD BR 116;;;3315;;Queda;Luz do Dia;;;Meio de Quadra;;;0;1;0;0;0;0;0;0;0;1;0;0;"-3,77983800000";"-38,51437200000";rod_match
356306;27;2;2020;12:36;10300;AV SEN FERNANDES TAVORA;RUA JOSE MENDONCA;;;;ColisÃ£o;Luz do Dia;;;Cruz;SemÃ¡foro;Comercial;0;1;0;1;0;0;0;0;0;1;0;0;"-3,75449200000";"-38,60169600000";inter_match
356307;27;2;2020;16:14;0;RUA COELHO NETO;;;327;;NÃ£o Informado;Luz do Dia;;;Meio de Quadra;;;0;1;0;0;0;0;0;0;0;1;0;0;"-3,71879950000";"-38,56950220000";mq_qgis
356308;27;2;2020;16:35;0;RUA COSTA FREIRE;;;1340;;ColisÃ£o;Luz do Dia;;;Meio de Quadra;;;0;3;0;0;0;0;0;0;0;1;0;0;"-3,79119954000";"-38,58373370000";mq_qgis
356309;27;2;2020;18:24;0;AV WASHINGTON SOARES;;;;;ColisÃ£o;Anoitecer;;;Meio de Quadra;;;0;1;0;1;0;0;0;0;0;1;0;0;;;
356310;27;2;2020;18:37;0;RUA VASCO DE ATAIDE;;;905;;ColisÃ£o;;;;Meio de Quadra;;;0;1;0;1;0;0;0;0;0;1;0;0;"-3,82413716000";"-38,48608480000";mq_qgis
356311;27;2;2020;21:47;0;RUA 448 F CJ CEARA;;;291;;ColisÃ£o;;;;Meio de Quadra;;;0;2;0;1;0;0;0;0;0;1;0;0;"-3,76356000000";"-38,60703000000";mq_gpsv
356312;27;2;2020;21:52;0;AV SEN FERNANDES TAVORA;;;2983;;ColisÃ£o;;;;Meio de Quadra;;;0;1;1;1;0;0;0;0;0;1;0;0;"-3,75488000000";"-38,59957800000";mq_match
356313;27;2;2020;21:56;0;AV WASHINGTON SOARES;;;;;ColisÃ£o;;;;Meio de Quadra;;;0;0;1;0;0;0;0;0;0;0;0;0;;;
355952;27;2;2020;07:09;0;RD BR 222;;;;KM-03;ColisÃ£o Traseira;Luz do Dia;Bom;Seca;Meio de Quadra;;;0;1;1;1;0;0;0;0;0;1;0;0;"-3,74030084800";"-38,59594097000";rod_match
355734;27;2;2020;05:25;0;AV FRANCISCO SA;;;4780;;ColisÃ£o Frontal;Amanhecer;Bom;Seca;Meio de Quadra;NÃ£o HÃ¡ Controle;Comercial;0;1;1;0;1;0;0;0;0;1;0;0;"-3,71388600000";"-38,56770800000";mq_match
355735;27;2;2020;07:20;14619;AV JOSE LEON;RUA JUNIOR ROCHA;;0;;ColisÃ£o Transversal;Luz do Dia;Bom;Seca;T;NÃ£o HÃ¡ Controle;Residencial;0;0;2;1;0;0;0;0;0;1;0;0;"-3,79126000000";"-38,48768000000";inter_gpsv
355737;27;2;2020;10:40;5695;RUA CHICO LEMOS;RUA MARGARIDA DE QUEIROZ;;;;ColisÃ£o Transversal;Luz do Dia;Bom;Seca;Cruz;Pare;Residencial;0;2;1;0;0;0;0;0;0;1;0;0;"-3,79188100000";"-38,49886900000";inter_match
355738;27;2;2020;15:07;10300;AV SEN FERNANDES TAVORA;RUA JOSE MENDONCA;;;;ColisÃ£o Transversal;NÃ£o Informado;Bom;Seca;Cruz;SemÃ¡foro;Comercial;0;1;1;1;0;0;0;0;1;0;0;0;"-3,75449200000";"-38,60169600000";inter_match
355751;27;2;2020;21:30;24988;RUA FRE MANSUETO;RUA TAVARES COUTINHO;;;;ColisÃ£o Transversal;Via Iluminada;Bom;Seca;Cruz;SemÃ¡foro;Comercial;0;0;2;1;0;0;0;0;0;1;0;0;"-3,73263800000";"-38,48878400000";inter_match
356759;27;2;2020;01:25;0;AV DOM MANUEL;;;;;ColisÃ£o;;;;Meio de Quadra;;;0;0;2;1;0;0;1;0;0;0;0;0;;;
356760;28;2;2020;02:12;10951;RUA DOM CARLOTO TAVORA;RUA EQUADOR;;;;ColisÃ£o;;;;Cruz;Pare;Comercial;0;0;1;0;0;0;0;0;0;0;0;0;"-3,77150000000";"-38,55164500000";inter_match
355752;28;2;2020;07:15;25435;AV ALBERTO CRAVEIRO;RUA PAULA FRANCINETE;;;;Atropelamento;Luz do Dia;Bom;Seca;T;Pare;Comercial;0;3;0;0;0;0;0;0;0;1;0;0;"-3,79523800000";"-38,51804400000";inter_match
355739;28;2;2020;08:30;0;RUA VERBENA;;;1019;;ColisÃ£o Traseira;Luz do Dia;Bom;Seca;Meio de Quadra;NÃ£o HÃ¡ Controle;Comercial;0;1;1;0;1;0;0;0;0;1;0;0;"-3,78503000000";"-38,58989000000";mq_gpsv
355740;28;2;2020;09:14;0;AV PRS CASTELO BRANCO;RUA ADRIANO MARTINS;;2031;;ColisÃ£o Lateral;Luz do Dia;Bom;Seca;Cruz;SemÃ¡foro;Residencial;0;0;2;1;0;0;0;0;0;1;0;0;"-3,71486400000";"-38,54564500000";inter_match
355741;28;2;2020;11:45;0;AV GODOFREDO MACIEL;;;3101;;ColisÃ£o Traseira;Luz do Dia;Bom;Seca;Meio de Quadra;SemÃ¡foro;Comercial;0;1;1;1;0;0;0;0;0;1;0;0;"-3,80308700000";"-38,57218600000";mq_match
355742;28;2;2020;20:40;0;AV BEZERRA DE MENEZES;;;2018;;Engavetamento;Mal Iluminada;Bom;Seca;Meio de Quadra;SemÃ¡foro;Comercial;0;0;3;1;0;0;0;0;0;0;0;0;"-3,73530547100";"-38,56273876000";mq_match
355743;28;2;2020;22:50;0;RUA LUIS GIRAO;;;1391;;ColisÃ£o Transversal;Mal Iluminada;Bom;Seca;Meio de Quadra;NÃ£o HÃ¡ Controle;Residencial;0;1;1;1;0;0;0;0;0;1;0;0;"-3,80040000000";"-38,48276000000";mq_gpsv
355953;28;2;2020;07:20;0;RD BR 116;;;;KM-05;ColisÃ£o Traseira;Luz do Dia;Nublado;Seca;Meio de Quadra;;;0;1;1;1;0;0;0;0;0;1;0;0;"-3,79650200000";"-38,50678700000";rod_match
355954;28;2;2020;08:00;0;RD BR 116;;;;KM-02;ColisÃ£o Traseira;Luz do Dia;Nublado;Seca;Meio de Quadra;;;0;0;2;0;0;0;0;0;0;0;0;0;"-3,77139100000";"-38,51678000000";rod_match
356314;28;2;2020;02:19;0;AV SAO FRANCISCO UI 505;;;930;;ColisÃ£o;;;;Meio de Quadra;;;0;3;0;0;0;0;0;0;0;1;0;0;;;
356318;28;2;2020;06:53;0;RUA CON DE CASTRO;;;4683;;ColisÃ£o;Luz do Dia;;;Meio de Quadra;;;0;1;0;1;0;0;0;0;0;1;0;0;"-3,80653209000";"-38,59333090000";mq_qgis
356376;28;2;2020;10:57;9150;RUA DOM SEBASTIAO LEME;RUA CEL PERGENTINO FERREIRA;;;;ColisÃ£o;Luz do Dia;;;Cruz;Pare;Escola;0;1;0;1;0;0;0;0;0;1;0;0;"-3,74882050000";"-38,52575700000";inter_match
356338;28;2;2020;07:29;0;AV PERIMETRAL;;;973;;ColisÃ£o;Luz do Dia;;;Meio de Quadra;;;0;1;1;0;1;0;0;0;0;1;0;0;"-3,78482000000";"-38,58980900000";mq_qgis
356380;28;2;2020;13:29;0;AV DUQ CAXIAS;;;1011;;ColisÃ£o;Luz do Dia;;;Meio de Quadra;;;0;1;0;1;0;0;0;0;0;1;0;0;"-3,73092000000";"-38,53330000000";mq_gpsv
356401;28;2;2020;14:06;0;AV PRS CASTELO BRANCO;;;2995;;Atropelamento;Luz do Dia;;;Meio de Quadra;;;0;2;0;0;0;0;0;0;0;1;0;0;"-3,71179800000";"-38,55605100000";mq_match
356402;28;2;2020;15:10;0;AV DR SILAS MUNGUBA;;;4956;;ColisÃ£o;Luz do Dia;;;Meio de Quadra;;;0;1;0;1;0;0;0;0;0;1;0;0;"-3,79717180000";"-38,53155500000";mq_match
356403;28;2;2020;15:32;10429;RUA DAS PEDRINHAS;RUA 30 DE MAIO D73;;;;Queda;Luz do Dia;;;Cruz;Pare;Residencial;0;1;0;0;0;0;0;0;0;1;0;0;"-3,76305800000";"-38,60034900000";inter_match
356404;28;2;2020;16:47;0;RUA VALPARAISO;;;282;;ColisÃ£o;Luz do Dia;;;;;;0;0;1;1;0;0;0;0;0;1;0;0;"-3,84595900000";"-38,52322400000";mq_match
356405;28;2;2020;16:50;0;RUA FRE MANSUETO;;;909;;ColisÃ£o;Luz do Dia;;;Meio de Quadra;;;0;0;1;1;0;0;0;0;0;1;0;0;"-3,73255500000";"-38,48878800000";mq_match
356406;28;2;2020;17:16;0;AV N CJ JOSE WALTER;;;536;;ColisÃ£o;Anoitecer;;;Meio de Quadra;;;0;0;1;1;0;0;0;0;0;1;0;0;"-3,77300500000";"-38,50016260000";mq_gpsv
356407;28;2;2020;17:50;0;RUA ANA FACO;;;402;;Queda;Anoitecer;;;Meio de Quadra;;;0;1;0;0;0;1;0;0;0;0;0;0;"-3,71297000000";"-38,56349000000";mq_gpsv
356408;28;2;2020;17:55;0;RUA PIN ANTONIO BANDEIRA;;;1230;;Queda;Anoitecer;;;Meio de Quadra;;;0;1;0;0;0;0;0;0;0;1;0;0;"-3,73466000000";"-38,45899000000";mq_gpsv
356409;28;2;2020;18:13;251;RUA GAL BERNARDO FIGUEIREDO;RUA DOM JOSE LOURENCO  D27;;;;ColisÃ£o;Anoitecer;;;Cruz;Pare;Residencial;0;1;0;1;0;0;0;0;0;1;0;0;"-3,74099900000";"-38,55844400000";inter_match
356410;28;2;2020;19:32;24997;RUA HAROLDO TORRES;AV OLAVO BILAC;;;;ColisÃ£o;;;;Cruz;NÃ£o HÃ¡ Controle;Residencial;0;0;1;1;0;0;0;0;0;1;0;0;"-3,72886000000";"-38,56490000000";inter_gpsv
356411;28;2;2020;20:29;0;RUA AMADEU FURTADO;;;1122;;ColisÃ£o;;;;Meio de Quadra;;;0;1;0;0;0;0;0;0;0;1;0;0;"-3,74512520000";"-38,56210420000";mq_qgis
356412;28;2;2020;21:16;0;RUA DIOGO CORREIA;;;47;;ColisÃ£o;;;;Meio de Quadra;;;0;1;0;0;0;0;0;0;0;1;0;0;"-3,77435467000";"-38,58845930000";mq_qgis
356413;28;2;2020;21:50;0;AV WASHINGTON SOARES;;;747;;ColisÃ£o;;;;Meio de Quadra;;;0;1;1;1;0;0;0;0;0;1;0;0;"-3,76091300000";"-38,48296700000";mq_match
356423;28;2;2020;23:51;0;RUA PDE PEDRO DE ALENCAR;;;1564;;Queda;;;;Meio de Quadra;;;0;0;1;0;0;0;0;0;0;1;0;0;"-3,84166400000";"-38,49435000000";mq_match
356378;28;2;2020;11:56;0;AV SGT HERMINIO SAMPAIO;;;2306;;ColisÃ£o;Luz do Dia;;;Meio de Quadra;;;0;0;2;0;0;0;0;0;0;1;0;0;"-3,72653200000";"-38,56140700000";mq_match
356344;28;2;2020;09:59;0;AV MR HULL;;;;;Queda;Luz do Dia;;;Meio de Quadra;;;0;1;0;0;0;1;0;0;0;0;0;0;;;
356341;28;2;2020;07:38;0;AV PRS JUSCELINO KUBITSCHEK (PASSARÃ‰);;;1795;;Atropelamento;Luz do Dia;;;Meio de Quadra;;;0;2;0;0;0;0;0;0;0;1;0;0;"-3,82019670000";"-38,53455100000";mq_gpsv
356342;28;2;2020;08:03;11761;AV PRS CASTELO BRANCO;RUA JACINTO MATOS;;;;ColisÃ£o;Luz do Dia;;;T;SemÃ¡foro;Comercial;0;0;1;1;0;0;0;0;0;1;0;0;"-3,71463000000";"-38,54633300000";inter_match
359548;28;2;2020;02:00;0;RUA APOCALIPSE (MONDUBIM);;;;;Outros;;;;Meio de Quadra;;;1;0;0;0;0;0;0;0;0;1;0;0;"-3,83259300000";"-38,57335800000";fat_match
358666;29;2;2020;19:21;0;LOGRADOURO SEM NOME;;;;;Atropelamento;;;;Meio de Quadra;;;0;1;1;1;0;0;0;0;0;0;0;0;;;
356424;29;2;2020;04:10;0;RUA IPAUMIRIM D68;;;988;;Queda;;;;Meio de Quadra;;;0;0;1;0;0;1;0;0;0;0;0;0;"-3,82858120000";"-38,56924000000";mq_gpsv
356442;29;2;2020;08:32;0;RUA QUINZE (CANINDEZINHO);;;;;Queda;Luz do Dia;;;Meio de Quadra;;;0;1;0;0;0;0;0;0;0;1;0;0;;;
356443;29;2;2020;08:56;0;AV GAL OSORIO DE PAIVA;;;;;ColisÃ£o;Luz do Dia;;;Meio de Quadra;;;0;1;0;0;0;0;0;0;0;1;0;0;;;
356444;29;2;2020;10:31;0;RUA RODRIGUES JUNIOR;;;403;;ColisÃ£o;Luz do Dia;;;Meio de Quadra;;;0;0;1;1;0;0;0;0;0;1;0;0;"-3,72854133000";"-38,51995360000";mq_qgis
356445;29;2;2020;11:36;0;RUA TEN BENEVOLO;;;1082;;ColisÃ£o;Luz do Dia;;;Meio de Quadra;;;0;0;1;1;0;0;0;0;0;1;0;0;"-3,72726000000";"-38,51137000000";mq_match
356446;29;2;2020;12:13;17369;RUA ELVIRA PINHO;RUA JOAO FIRMINO;;;;ColisÃ£o;Luz do Dia;;;Cruz;Pare;Residencial;0;1;0;1;0;0;0;0;0;1;0;0;"-3,76649200000";"-38,55696800000";inter_match
356447;29;2;2020;12:20;0;AV FRANCISCO SA;;;3665;;ColisÃ£o;Luz do Dia;;;Meio de Quadra;;;0;1;1;1;0;0;0;0;0;0;0;0;"-3,71711182000";"-38,55821960000";mq_qgis
356448;29;2;2020;12:28;0;AV I CJ CEARA;;;1235;;ColisÃ£o;Luz do Dia;;;Meio de Quadra;;;0;1;0;1;0;0;0;0;0;1;0;0;"-3,77323921000";"-38,59858600000";mq_qgis
356432;29;2;2020;04:47;0;AV SEN CARLOS JEREISSATI (AEROPORTO);;;;;Queda;;;;Meio de Quadra;;;0;2;0;0;0;0;0;0;0;1;0;0;;;
356434;29;2;2020;06:12;0;RUA POMPILIO GOMES;;;422;;ColisÃ£o;Luz do Dia;;;Meio de Quadra;;;0;1;0;1;0;0;0;0;0;1;0;0;;;
356464;29;2;2020;15:20;5324;RUA GAL SAMPAIO;RUA PEDRO I;;;;ColisÃ£o;Luz do Dia;;;Cruz;SemÃ¡foro;Comercial;0;1;0;1;0;0;0;0;0;1;0;0;"-3,73018200000";"-38,53175800000";inter_match
356465;29;2;2020;15:22;5324;RUA GAL SAMPAIO;RUA PEDRO I;;;;ColisÃ£o;Luz do Dia;;;Cruz;SemÃ¡foro;Comercial;0;0;1;0;0;0;0;0;0;1;0;0;"-3,73018200000";"-38,53175800000";inter_match
356466;29;2;2020;15:31;0;RUA ADOLFO CAMINHA;;;127;;ColisÃ£o;Luz do Dia;;;Meio de Quadra;;;0;1;0;1;0;0;0;0;0;1;0;0;"-3,72105000000";"-38,52460300000";mq_qgis
356457;29;2;2020;14:31;0;RUA CON DE CASTRO;;;;;ColisÃ£o;Luz do Dia;;;Meio de Quadra;;;0;1;0;1;0;0;0;0;0;1;0;0;;;
356458;29;2;2020;14:49;0;RUA COM GARCIA;;;;;Queda;Luz do Dia;;;Meio de Quadra;;;0;1;0;0;0;0;0;0;0;1;0;0;;;
356459;29;2;2020;14:50;0;AV ALM HENRIQUE SABOIA;;;957;;ColisÃ£o;Luz do Dia;;;Meio de Quadra;;;0;1;0;0;0;0;0;0;0;1;0;0;"-3,73057000000";"-38,48155000000";mq_gpsv
356460;29;2;2020;14:56;5228;RUA GOV SAMPAIO;RUA VIS SABOIA;;;;ColisÃ£o;Luz do Dia;;;Cruz;Pare;Comercial;0;1;0;1;0;0;0;0;0;1;0;0;"-3,72709040000";"-38,52437000000";inter_match
356461;29;2;2020;14:56;0;RUA JURACI MAGALHAES;;;481;;ColisÃ£o;Luz do Dia;;;Meio de Quadra;;;0;1;1;1;0;0;0;0;0;1;0;0;"-3,78569000000";"-38,46069000000";mq_gpsv
356462;29;2;2020;15:16;0;AV FRANCISCO SA;;;;;Atropelamento;Luz do Dia;;;Meio de Quadra;;;0;1;1;0;1;0;0;0;0;0;0;0;;;
356436;29;2;2020;08:23;0;RD BR 116;;;7000;KM-04;ColisÃ£o;Luz do Dia;;;Meio de Quadra;;;0;2;0;1;0;0;0;0;0;1;0;0;"-3,80235400000";"-38,50386900000";rod_match
356468;29;2;2020;16:46;0;RUA MARIA ALICE FERRAZ;;;;;ColisÃ£o;Luz do Dia;;;Meio de Quadra;;;0;1;0;1;0;0;0;0;0;1;0;0;;;
356469;29;2;2020;16:58;0;AV CEL CARVALHO;;;2824;;ColisÃ£o;Luz do Dia;;;Meio de Quadra;;;0;2;0;1;0;0;0;0;0;1;0;0;"-3,72839500000";"-38,58503100000";mq_match
356471;29;2;2020;17:30;0;RUA LUIS GUIMARAES;;;357;;ColisÃ£o;Anoitecer;;;Meio de Quadra;;;0;0;1;1;0;1;0;0;0;0;0;0;"-3,72234000000";"-38,57097000000";mq_gpsv
356472;29;2;2020;17:59;13396;RUA BAR ARACATI;RUA JOAO BRIGIDO;;;;ColisÃ£o;Anoitecer;;;Cruz;Pare;Residencial;0;1;1;1;0;0;0;0;0;1;0;0;"-3,74093900000";"-38,51469700000";inter_match
356473;29;2;2020;18:16;0;RUA CON DE CASTRO;;;8312;;ColisÃ£o;Anoitecer;;;Meio de Quadra;;;0;1;0;0;0;0;0;0;0;0;0;0;;;
356474;29;2;2020;19:17;0;AV GAL OSORIO DE PAIVA;;;5405;;ColisÃ£o;;;;Meio de Quadra;;;0;1;0;1;0;0;0;0;0;1;0;0;"-3,80440409100";"-38,60175400000";mq_match
356475;29;2;2020;19:32;0;RUA JOSE DANTAS VIEIRA;;;;;Atropelamento;;;;Meio de Quadra;;;0;1;1;0;0;0;0;0;0;1;0;0;;;
356477;29;2;2020;20:26;23493;RUA SABINO MONTE;RUA CARVALHO JUNIOR;;;;ColisÃ£o;;;;Cruz;Pare;Residencial;0;1;1;1;0;0;0;0;0;1;0;0;"-3,75860500000";"-38,51153800000";inter_match
356479;29;2;2020;20:44;0;RUA JOSE HIPOLITO;;;1025;;ColisÃ£o;;;;Meio de Quadra;;;0;0;1;1;0;0;0;0;0;1;0;0;"-3,83525834000";"-38,48702640000";mq_qgis
356480;29;2;2020;21:52;0;RUA CEL JOAO OLIVEIRA;;;93;;ColisÃ£o;;;;Meio de Quadra;;;0;0;1;0;0;0;0;0;0;0;0;0;"-3,82239126000";"-38,49292240000";mq_qgis
356481;29;2;2020;22:33;0;RUA ANTONIO TEIXEIRA LEITE;;;744;;Atropelamento;;;;Meio de Quadra;;;0;1;0;0;0;0;0;0;0;1;0;0;"-3,78764000000";"-38,53817000000";mq_gpsv
356482;29;2;2020;23:17;0;RUA BETEL;;;;;Atropelamento;;;;Meio de Quadra;;;0;1;1;0;0;0;0;0;0;1;0;0;;;
355955;29;2;2020;08:25;0;RD BR 116;;;4000;KM-04;Queda;Luz do Dia;Bom;Seca;Meio de Quadra;;;0;2;0;0;0;0;0;0;0;1;0;0;"-3,80235400000";"-38,50386900000";rod_match
355744;29;2;2020;13:13;0;RUA RODRIGUES JUNIOR;;;403;;ColisÃ£o Transversal;Luz do Dia;Bom;Seca;Meio de Quadra;NÃ£o HÃ¡ Controle;Residencial;0;0;2;1;0;0;0;0;0;0;0;0;"-3,72854133000";"-38,51995360000";mq_qgis
355745;29;2;2020;15:38;5324;RUA GAL SAMPAIO;RUA PEDRO I;;0;;ColisÃ£o Transversal;Luz do Dia;Bom;Seca;Cruz;SemÃ¡foro;Comercial;0;2;0;0;0;0;0;0;0;1;0;0;"-3,73018200000";"-38,53175800000";inter_match
355753;29;2;2020;19:00;0;RUA MARIA ALICE FERRAZ;;;;;ColisÃ£o Transversal;Via Iluminada;Bom;Seca;Meio de Quadra;Pare;Residencial;0;0;1;1;0;0;0;0;0;1;0;0;;;
355754;29;2;2020;20:30;0;RUA RUBIA SAMPAIO;;;1169;;ColisÃ£o Traseira;Mal Iluminada;Bom;Seca;Meio de Quadra;NÃ£o HÃ¡ Controle;Misto;1;0;1;1;0;0;0;0;0;0;0;0;"-3,73215000000";"-38,54064000000";mq_gpsv
355747;29;2;2020;18:36;9287;AV BORGES DE MELO;AV DOS EXPEDICIONARIOS;;0;;Engavetamento;Luz do Dia;Bom;Seca;Cruz;SemÃ¡foro;Comercial;0;0;3;1;0;0;0;0;0;0;0;0;"-3,75339100000";"-38,53767400000";inter_match
355748;29;2;2020;18:44;13396;RUA JOAO BRIGIDO;RUA BAR ARACATI;;0;;ColisÃ£o Lateral;Anoitecer;Bom;Seca;Cruz;Pare;Residencial;0;0;2;1;0;0;0;0;0;1;0;0;"-3,74093900000";"-38,51469700000";inter_match