COD_ACIDENTE;DIA;MES;ANO;HORA;INTERSECAO;LOG1;LOG2;LOG3;NUMERO;REFERENCIA;NATUREZA;ILUMINACAO;TEMPO;SUPERFICIEPISTA;TIPOCRUZAMENTO;CONTROLETRAFEGO;USOSOLO;MORTOS;FERIDOS;ILESOS;AUTOMOVEL;ONIBUS;BICICLETA;CAMINHAO;MICROONIBUS;CICLOMOTOR;MOTOCICLETA;TRACAOANIMAL;TREM;LATITUDE;LONGITUDE;METODO
356761;29;2;2020;09:20;0;AV PRS CASTELO BRANCO;;;;;ColisÃ£o;Luz do Dia;;;Meio de Quadra;;;0;0;1;0;0;0;0;0;0;0;0;0;;;
356762;29;2;2020;15:51;0;RUA COM GARCIA;;;1983;;ColisÃ£o;Luz do Dia;;;Meio de Quadra;;;0;0;1;0;0;0;0;0;0;0;0;0;"-3,79969843000";"-38,58909360000";mq_qgis
356662;1;3;2020;15:15;0;RD BR 116;;;;KM-09;Atropelamento;Luz do Dia;;Seca;Meio de Quadra;;;1;0;1;1;0;0;0;0;0;0;0;0;"-3,83083700000";"-38,50486500000";rod_match
356663;1;3;2020;19:10;0;RD BR 116;;;;KM-05;Atropelamento;;Nublado;Seca;Meio de Quadra;;;0;1;1;1;0;0;0;0;0;0;0;0;"-3,79650200000";"-38,50678700000";rod_match
356927;1;3;2020;02:43;0;AV GODOFREDO MACIEL;;;277;;Queda;;;;Meio de Quadra;;;0;1;0;0;0;0;0;0;0;1;0;0;"-3,77988000000";"-38,56473000000";mq_gpsv
356928;1;3;2020;03:29;0;AV MAJ ASSIS;;;1073;;Choque c/ ObstÃ¡culo Fixo;;;;Meio de Quadra;;;0;2;0;0;0;0;0;0;0;1;0;0;"-3,72361238000";"-38,58882270000";mq_qgis
356959;1;3;2020;03:52;0;AV GAL OSORIO DE PAIVA;;;6770;;Queda;;;;Meio de Quadra;;;0;2;0;0;0;0;0;0;0;1;0;0;"-3,81300800000";"-38,61007300000";mq_match
356960;1;3;2020;04:34;0;RUA BAR ARACATI;;;3113;;ColisÃ£o;;;;Meio de Quadra;;;0;1;0;0;0;0;0;0;0;0;0;0;"-3,74845300000";"-38,51703000000";mq_qgis
356961;1;3;2020;06:49;0;RUA FRANCISCANO;;;710;;Queda;Luz do Dia;;;Meio de Quadra;;;0;1;0;0;0;0;0;0;0;1;0;0;"-3,80057710000";"-38,60374420000";mq_gpsv
356962;1;3;2020;07:43;0;RUA CARLOS AMORA;;;40;;Atropelamento;Luz do Dia;;;Meio de Quadra;;;0;1;0;0;0;0;0;0;0;1;0;0;"-3,77431650000";"-38,56434200000";mq_match
356963;1;3;2020;15:03;13416;AV RUI BARBOSA;RUA JOAO BRIGIDO;;;;ColisÃ£o;Luz do Dia;;;Cruz;SemÃ¡foro;Comercial;0;1;0;1;0;0;0;0;0;0;0;0;"-3,74199500000";"-38,51136900000";inter_match
357057;1;3;2020;22:10;0;RUA JOSE SETUBAL PESSOA;;;284;;Queda;;;;Meio de Quadra;;;0;1;0;0;0;0;0;0;0;1;0;0;"-3,72051000000";"-38,47269000000";mq_gpsv
357055;1;3;2020;21:28;0;RUA 8 VENEZA TROPICAL;;;434;;Atropelamento;;;;Meio de Quadra;;;0;1;0;1;0;0;0;0;0;0;0;0;;;
357053;1;3;2020;21:24;0;AV 20 DE JANEIRO;;;;;ColisÃ£o;;;;Meio de Quadra;;;0;1;0;0;0;0;0;0;0;0;0;0;;;
357031;1;3;2020;20:31;0;RUA DOIS CJ MIRASSOL;;;434;;ColisÃ£o;;;;Meio de Quadra;;;0;1;0;1;0;0;0;0;0;1;0;0;"-3,79631000000";"-38,54228000000";mq_gpsv
357000;1;3;2020;18:34;0;AV G CJ JOSE WALTER;;;;;Queda;;;;Meio de Quadra;;;0;1;0;0;0;1;0;0;0;0;0;0;;;
357002;1;3;2020;19:20;0;AV SGT HERMINIO SAMPAIO;;;1511;;ColisÃ£o;;;;Meio de Quadra;;;0;1;0;1;0;0;0;0;0;1;0;0;"-3,72519445900";"-38,55406895000";mq_match
356997;1;3;2020;17:48;0;RUA FRANCISCO CALACA;;;100;;Atropelamento;Anoitecer;;;Meio de Quadra;;;0;1;0;0;0;0;0;0;0;0;0;0;"-3,70291700000";"-38,56880400000";mq_qgis
356993;1;3;2020;17:38;0;RUA POMPILIO GOMES;;;526;;ColisÃ£o;Anoitecer;;;Meio de Quadra;;;0;1;0;1;0;0;0;0;0;0;0;0;;;
356965;1;3;2020;15:14;0;AV MAE LISBOA;;;;;ColisÃ£o;Luz do Dia;;;Meio de Quadra;;;0;1;0;0;0;0;0;0;0;0;0;0;;;
356995;1;3;2020;17:46;0;AV ENG ALBERTO SA;;;;;ColisÃ£o;Anoitecer;;;Meio de Quadra;;;0;1;0;1;0;0;0;0;0;1;0;0;;;
355793;1;3;2020;06:00;13659;RUA DR THOMPSON BULCAO;RUA REV BOLIVAR P BANDEIRA;;0;;ColisÃ£o Transversal;Luz do Dia;Bom;Seca;Cruz;SemÃ¡foro;Residencial;0;0;2;0;1;0;0;0;0;0;0;0;"-3,77009370000";"-38,49204000000";inter_match
355794;1;3;2020;15:50;13416;RUA JOAO BRIGIDO;AV RUI BARBOSA;;;;ColisÃ£o Transversal;Luz do Dia;Bom;Seca;Cruz;SemÃ¡foro;Comercial;0;0;2;1;0;0;0;0;0;0;0;0;"-3,74199500000";"-38,51136900000";inter_match
359549;1;3;2020;05:00;0;RUA GUARANI D35 (JOAO XXIII);;;1101;;Atropelamento;Amanhecer;;;Meio de Quadra;;;1;0;1;0;0;0;0;0;0;1;0;0;"-3,76704040000";"-38,58167260000";mq_qgis
355795;2;3;2020;02:39;2830;AV GAL OSORIO DE PAIVA;RUA OSCAR FRANCA;;;;ColisÃ£o Transversal;Via Iluminada;Nublado;Molhada;T;SemÃ¡foro;Comercial;0;0;2;1;1;0;0;0;0;0;0;0;"-3,79447300000";"-38,59211300000";inter_match
355796;2;3;2020;07:19;5150;RUA BAR RIO BRANCO;RUA SEN ALENCAR;;;;ColisÃ£o;Luz do Dia;Nublado;Molhada;Cruz;Pare;Comercial;0;0;2;1;0;0;0;0;0;0;0;0;"-3,72487900000";"-38,52775200000";inter_match
355797;2;3;2020;08:31;0;AV BERNARDO MANUEL;;;9942;;ColisÃ£o Traseira;Luz do Dia;Bom;Seca;Meio de Quadra;NÃ£o HÃ¡ Controle;Comercial;0;0;4;1;0;0;0;0;0;0;0;0;"-3,82963000000";"-38,56057000000";mq_gpsv
355798;2;3;2020;10:55;14448;AV SGT HERMINIO SAMPAIO;RUA DEMOSTENES CARVALHO;;0;POLO DE LAZER;NÃ£o Informado;Luz do Dia;Bom;Seca;T;Pare;Comercial;0;0;2;1;0;0;0;0;0;1;0;0;"-3,72611700000";"-38,55906800000";inter_match
355799;2;3;2020;07:52;0;RUA VICENTE DE CASTRO;;;6074;;ColisÃ£o Lateral;Luz do Dia;Nublado;Material Derrapante;Meio de Quadra;NÃ£o HÃ¡ Controle;Industrial;0;0;1;0;0;0;0;0;0;0;0;0;"-3,71159000000";"-38,47227000000";mq_gpsv
355800;2;3;2020;11:46;5328;AV DUQ CAXIAS;AV TRISTAO GONCALVES;;;;Atropelamento;Luz do Dia;Bom;Seca;Cruz;SemÃ¡foro;Comercial;0;1;1;1;0;0;0;0;0;0;0;0;"-3,73040000000";"-38,53419600000";inter_match
355801;2;3;2020;14:16;0;RUA MARIA GOMES DE SA;;;;;ColisÃ£o Frontal;Luz do Dia;Nublado;Seca;Meio de Quadra;NÃ£o HÃ¡ Controle;Comercial;0;0;2;0;0;0;1;0;0;1;0;0;;;
355802;2;3;2020;15:56;19539;AV DR SILAS MUNGUBA;RUA EQUADOR;;;;ColisÃ£o Transversal;Luz do Dia;Bom;Seca;Cruz;SemÃ¡foro;Comercial;0;0;2;1;0;0;0;0;0;1;0;0;"-3,78237700000";"-38,55543400000";inter_match
355803;2;3;2020;17:40;0;AV GAL OSORIO DE PAIVA;;;200;;ColisÃ£o Traseira;Via Iluminada;Bom;Seca;Meio de Quadra;SemÃ¡foro;Comercial;0;1;1;1;0;0;0;0;0;1;0;0;"-3,77421533000";"-38,56479070000";mq_qgis
355965;2;3;2020;12:30;0;RD CE-060;;;;KM-02;ColisÃ£o;Luz do Dia;;Seca;Meio de Quadra;;;0;0;4;1;0;0;0;0;0;0;0;0;"-3,83406400000";"-38,58211100000";rod_match
357112;2;3;2020;14:15;0;RUA ALAGOAS;;;3710;;ColisÃ£o;Luz do Dia;;;Meio de Quadra;;;0;1;0;0;0;0;0;0;0;1;0;0;"-3,75009400000";"-38,58006600000";mq_qgis
357062;2;3;2020;02:37;0;AV ABOLICAO;;;2405;;Tombamento;;;;Meio de Quadra;;;0;1;0;0;0;0;0;0;0;0;0;0;"-3,72675000000";"-38,49724000000";mq_gpsv
357059;2;3;2020;00:12;0;RUA MARANGUAPE D50;;;426;;ColisÃ£o;;;;Meio de Quadra;;;0;1;0;1;0;0;0;0;0;1;0;0;"-3,80122000000";"-38,60363000000";mq_gpsv
357066;2;3;2020;06:52;19505;RUA PERU;RUA QUITO;;;;ColisÃ£o;Luz do Dia;;;Y;;Misto;0;2;0;1;0;0;0;0;0;1;0;0;"-3,78127000000";"-38,55405000000";inter_gpsv
357064;2;3;2020;06:27;0;AV 13 DE MAIO;;;1383;;Queda;Luz do Dia;;;Meio de Quadra;;;0;2;0;0;0;0;0;0;0;1;0;0;"-3,74796600000";"-38,53092250000";mq_qgis
357093;2;3;2020;07:10;0;AV VICENTE DE CASTRO;;;6074;;ColisÃ£o;Luz do Dia;;;Meio de Quadra;;;0;2;1;1;0;0;0;0;0;1;0;0;"-3,71210200000";"-38,47250200000";mq_qgis
357094;2;3;2020;08:14;7983;AV JOAO PESSOA;RUA JOAO SORONGO;;;;ColisÃ£o;Luz do Dia;;;Cruz;Pare;Residencial;0;1;1;1;0;0;0;0;0;1;0;0;"-3,74866300000";"-38,54606900000";inter_match
357095;2;3;2020;09:38;0;RUA ALBERTO MONTEZUMA;;;582;;ColisÃ£o;Luz do Dia;;;Meio de Quadra;;;0;1;0;0;0;0;0;0;0;1;0;0;"-3,76788615000";"-38,53399680000";mq_qgis
357096;2;3;2020;10:18;0;AV DR THEBERGE;;;1516;;Queda;Luz do Dia;;;Meio de Quadra;;;0;1;0;0;0;1;0;0;0;0;0;0;"-3,71582000000";"-38,56540000000";mq_gpsv
357097;2;3;2020;10:52;0;RUA NOVA CONQUISTA (GRANJA LISBOA);;;409;;Atropelamento;Luz do Dia;;;Meio de Quadra;;;0;1;0;1;0;0;0;0;0;0;0;0;"-3,79062000000";"-38,61532000000";mq_gpsv
357098;2;3;2020;11:01;5328;AV TRISTAO GONCALVES;AV DUQ CAXIAS;;;;Atropelamento;Luz do Dia;;;Cruz;SemÃ¡foro;Comercial;0;1;0;1;0;0;0;0;0;0;0;0;"-3,73040000000";"-38,53419600000";inter_match
357114;2;3;2020;16:13;0;RUA TEN ELIEZER COSTA;;;152;;ColisÃ£o;Luz do Dia;;;Meio de Quadra;;;0;1;0;1;0;0;0;0;0;1;0;0;"-3,71029000000";"-38,59083000000";mq_gpsv
357115;2;3;2020;17:23;0;AV MAJ ASSIS;;;441;;ColisÃ£o;Anoitecer;;;Meio de Quadra;;;0;1;1;1;0;1;0;0;0;0;0;0;"-3,72413100000";"-38,58269100000";mq_qgis
357116;2;3;2020;19:04;0;RUA PEREIRA FILGUEIRAS;;;1270;;Queda;;;;Meio de Quadra;;;0;1;0;0;0;0;0;0;0;1;0;0;"-3,72870600000";"-38,51186400000";mq_qgis
357117;2;3;2020;20:08;0;RUA MIN ALBUQUERQUE LIMA;;;;;ColisÃ£o;;;;Meio de Quadra;;;0;1;0;1;0;0;0;0;0;1;0;0;;;
357118;2;3;2020;22:16;0;AV ALBERTO CRAVEIRO;;;;;ColisÃ£o;;;;Meio de Quadra;;;0;1;0;1;0;0;0;0;0;1;0;0;;;
357108;2;3;2020;13:50;0;AV CARAPINIMA;;;;;Queda;Luz do Dia;;;Meio de Quadra;;;0;1;0;0;0;0;0;0;0;1;0;0;;;
357110;2;3;2020;14:11;0;AV CARAPINIMA;;;;;Queda;Luz do Dia;;;Meio de Quadra;;;0;1;0;0;0;0;0;0;0;1;0;0;;;
356828;2;3;2020;08:55;0;AV VICENTE DE CASTRO;;;6043;;ColisÃ£o;Luz do Dia;;;Meio de Quadra;;;0;0;2;0;0;0;0;0;1;0;0;0;"-3,71191000000";"-38,47256000000";mq_gpsv
356664;2;3;2020;12:30;0;RD BR 116;;;7000;KM-07;Queda;Luz do Dia;Chuva;Material Derrapante;Meio de Quadra;;;0;2;0;0;0;0;0;0;0;1;0;0;"-3,78627635900";"-38,51156140000";rod_match
356665;3;3;2020;10:40;0;RD BR 116;;;;KM-14;Tombamento;Luz do Dia;Bom;Seca;Meio de Quadra;;;0;1;1;0;0;0;1;0;0;1;0;0;"-3,87352300000";"-38,49924200000";rod_match
356836;3;3;2020;11:00;0;AV GAL OSORIO DE PAIVA;;;5852;;ColisÃ£o;Luz do Dia;;;Meio de Quadra;;;0;0;2;0;0;0;1;0;0;1;0;0;"-3,80759400000";"-38,60486000000";mq_match
357122;3;3;2020;07:00;0;AV LINEU MACHADO;;;1570;;Atropelamento;Luz do Dia;;;Meio de Quadra;;;1;0;1;1;0;0;0;0;0;0;0;0;"-3,77340600000";"-38,58078600000";mq_qgis
357123;3;3;2020;08:00;15907;RUA ANGELICA GURGEL;RUA AVELEDO;;;;ColisÃ£o;Luz do Dia;;;Cruz;Pare;Comercial;0;1;0;1;0;0;0;0;0;1;0;0;"-3,83629000000";"-38,49909200000";inter_match
357124;3;3;2020;08:27;17360;RUA ELVIRA PINHO;RUA ZACARIAS GONDIM;;;;Queda;Luz do Dia;;;Cruz;Pare;Residencial;0;1;0;0;0;0;0;0;0;1;0;0;"-3,76612200000";"-38,55776600000";inter_match
357125;3;3;2020;09:30;10992;RUA BAR CANINDE;RUA DOM CARLOTO TAVORA;;;;ColisÃ£o;Luz do Dia;;;Cruz;Pare;Residencial;0;1;0;1;0;0;0;0;0;1;0;0;"-3,76953100000";"-38,55710300000";inter_match
357126;3;3;2020;09:35;0;RUA PORTO VELHO;;;386;;ColisÃ£o;Luz do Dia;;;Meio de Quadra;;;0;1;0;1;0;0;0;0;0;1;0;0;"-3,76756025000";"-38,58408600000";mq_qgis
357119;3;3;2020;05:40;0;RUA SOUSA PINTO;;;630;;Queda;Amanhecer;;;Meio de Quadra;;;0;1;0;0;0;0;0;0;0;1;0;0;"-3,76271840000";"-38,51338950000";mq_qgis
357120;3;3;2020;07:11;0;AV GAL OSORIO DE PAIVA;;;5840;;ColisÃ£o;Luz do Dia;;;Meio de Quadra;;;0;1;1;0;0;1;1;0;0;0;0;0;"-3,80738150000";"-38,60465350000";mq_match
357129;3;3;2020;10:19;0;RUA BAR SOBRAL;;;491;;ColisÃ£o;Luz do Dia;;;Meio de Quadra;;;0;1;1;1;0;1;0;0;0;0;0;0;"-3,76748300000";"-38,55335100000";mq_match
357140;3;3;2020;19:52;0;AV DR THEBERGE;;;2626;;ColisÃ£o;;;;Meio de Quadra;;;0;1;0;0;0;0;0;0;0;0;0;0;"-3,72468850000";"-38,56823650000";mq_qgis
357142;3;3;2020;19:57;0;AV AMERICO BARREIRA;;;5650;;ColisÃ£o;;;;Meio de Quadra;;;0;1;1;1;0;1;0;0;0;0;0;0;"-3,76084000000";"-38,56480000000";mq_gpsv
357131;3;3;2020;10:24;0;RUA DALVA DE OLIVEIRA;;;256;;ColisÃ£o;Luz do Dia;;;Meio de Quadra;;;0;1;0;0;0;0;0;0;0;1;0;0;"-3,84793226000";"-38,52324220000";mq_qgis
357132;3;3;2020;12:43;0;RUA VALPARAISO;;;;;ColisÃ£o;Luz do Dia;;;Meio de Quadra;;;0;1;0;1;0;0;0;0;0;1;0;0;;;
357133;3;3;2020;13:06;0;RUA JOAO AREAS;;;517;;ColisÃ£o;Luz do Dia;;;Meio de Quadra;;;0;1;0;0;0;0;0;0;0;1;0;0;"-3,79151514000";"-38,57595180000";mq_qgis
357134;3;3;2020;13:50;0;RUA VALPARAISO;;;326;;ColisÃ£o;Luz do Dia;;;Meio de Quadra;;;0;1;0;0;0;0;0;0;0;0;0;0;"-3,85064000000";"-38,50752000000";mq_gpsv
357135;3;3;2020;14:59;0;AV ANTONIO SALES;;;240;;ColisÃ£o;Luz do Dia;;;Meio de Quadra;;;0;1;0;1;0;0;0;0;0;1;0;0;"-3,74022700000";"-38,51916500000";mq_qgis
357136;3;3;2020;16:00;0;RUA BARBOSA DE FREITAS;;;1040;;ColisÃ£o;Luz do Dia;;;Meio de Quadra;;;0;1;0;1;0;0;0;0;0;1;0;0;"-3,73501309000";"-38,49686580000";mq_qgis
357137;3;3;2020;17:36;2699;RUA OSCAR ARARIPE;RUA CEL VIRGILIO NOGUEIRA (BOM JARDIM);;;;ColisÃ£o;Anoitecer;;;Cruz;SemÃ¡foro;Comercial;0;1;0;1;0;0;0;0;0;1;0;0;"-3,78825270000";"-38,60863450000";inter_match
357145;3;3;2020;19:59;0;AV WASHINGTON SOARES;;;2155;;ColisÃ£o;;;;Meio de Quadra;;;0;1;0;1;0;0;0;0;0;0;0;0;"-3,77815200000";"-38,48144600000";mq_match
357148;3;3;2020;20:17;2822;AV GAL OSORIO DE PAIVA;RUA OSCAR ARARIPE;;;;ColisÃ£o;;;;Outros;NÃ£o HÃ¡ Controle;Comercial;0;1;0;0;0;0;0;0;0;1;0;0;"-3,79416500000";"-38,59182300000";inter_match
357150;3;3;2020;20:51;0;AV SIQUEIRA CAMPOS;;;836;;ColisÃ£o;;;;Meio de Quadra;;;0;1;0;1;0;0;0;0;0;1;0;0;"-3,81761564200";"-38,62288918000";mq_match
357158;3;3;2020;21:50;0;RUA RIO GRANDE DO SUL;;;841;;Atropelamento;;;;Meio de Quadra;;;0;1;0;1;0;0;0;0;0;0;0;0;"-3,75626015400";"-38,56604669200";mq_match
357153;3;3;2020;20:57;0;RUA 856 CJ CEARA;;;;;Atropelamento;;;;Meio de Quadra;;;0;1;0;1;0;0;0;0;0;0;0;0;;;
357156;3;3;2020;21:06;0;RUA ISRAEL BEZERRA;;;723;;ColisÃ£o;;;;Meio de Quadra;;;0;1;0;1;0;0;0;0;0;1;0;0;"-3,74942000000";"-38,49633000000";mq_gpsv
355968;3;3;2020;15:00;0;RD CE-040;;;;KM-04;ColisÃ£o;Luz do Dia;;Seca;Meio de Quadra;;;0;0;2;0;0;0;0;0;0;1;0;0;"-3,79161315600";"-38,48033084000";rod_match
355969;3;3;2020;20:00;0;RD CE-040;;;;KM-03;Engavetamento;;;Seca;Meio de Quadra;;;0;0;5;1;0;0;0;0;0;0;0;0;"-3,78261432500";"-38,48108390000";rod_match
355804;3;3;2020;00:52;0;AV ROGACIANO LEITE;;;2160;;Choque c/ ObstÃ¡culo Fixo;Via Iluminada;Bom;Seca;Meio de Quadra;NÃ£o HÃ¡ Controle;Residencial;0;1;0;1;0;0;0;0;0;0;0;0;"-3,77382500000";"-38,49911100000";mq_match
355805;3;3;2020;06:58;5343;AV BEZERRA DE MENEZES;RUA PDE IBIAPINA;;0;;NÃ£o Informado;Luz do Dia;Bom;Seca;T;SemÃ¡foro;Comercial;0;0;2;1;0;0;0;1;0;0;0;0;"-3,73054800000";"-38,53997300000";inter_match
355806;3;3;2020;07:24;0;RUA GERMANO FRANCK;;;267;;ColisÃ£o Traseira;Luz do Dia;Bom;Seca;Meio de Quadra;NÃ£o HÃ¡ Controle;Comercial;0;0;2;1;0;0;0;0;0;1;0;0;"-3,77482050000";"-38,55914350000";mq_match
355807;3;3;2020;10:24;0;RUA METON DE ALENCAR;;;1673;;ColisÃ£o Traseira;Luz do Dia;Bom;Seca;Meio de Quadra;Pare;Comercial;0;0;2;0;0;0;0;0;0;0;0;0;"-3,73108955000";"-38,53854900000";mq_qgis
355762;3;3;2020;10:45;0;AV PRS CASTELO BRANCO;;;;;Queda;Luz do Dia;Bom;Seca;Meio de Quadra;NÃ£o HÃ¡ Controle;Residencial;0;0;1;1;0;0;0;0;0;1;0;0;;;
355763;3;3;2020;15:20;23660;RUA BAR CRATO;RUA CHASTINET GUIMARAES;;;;ColisÃ£o Lateral;Luz do Dia;Bom;Seca;Cruz;Pare;Residencial;0;0;2;1;0;0;0;0;0;1;0;0;"-3,72290900000";"-38,56585600000";inter_match
355764;3;3;2020;06:30;23279;AV GAL OSORIO DE PAIVA;RUA ICAPUY;;;;Choque c/ ObstÃ¡culo Fixo;Luz do Dia;Bom;Seca;T;SemÃ¡foro;Comercial;0;1;1;0;0;0;1;0;0;1;0;0;"-3,80747100000";"-38,60473800000";inter_match
355772;4;3;2020;15:20;11338;AV GODOFREDO MACIEL;RUA FRANCISCO GLICERIO;;;;Queda;Luz do Dia;Bom;Seca;Cruz;SemÃ¡foro;Comercial;0;1;0;0;0;0;0;0;0;1;0;0;"-3,79598100000";"-38,56975700000";inter_match
355773;4;3;2020;07:30;0;RUA ISABEL MAIA ALENCAR;;;120;;ColisÃ£o Transversal;Luz do Dia;Chuva;Molhada;;;;0;2;0;1;0;0;0;0;0;1;0;0;"-3,81431000000";"-38,47810000000";mq_gpsv
355808;4;3;2020;05:55;0;AV IMPERADOR;;;0;;ColisÃ£o Traseira;Amanhecer;Bom;Seca;Meio de Quadra;NÃ£o HÃ¡ Controle;Comercial;0;1;1;0;0;0;0;1;0;1;0;0;"-3,72532950000";"-38,53390300000";mq_boat
355809;4;3;2020;13:00;15893;RUA ANGELICA GURGEL;RUA UBERLANDIA;;;;ColisÃ£o Lateral;Luz do Dia;Bom;Seca;T;Pare;Residencial;0;1;1;1;0;0;0;0;0;1;0;0;"-3,83552000000";"-38,49908000000";inter_gpsv
355810;4;3;2020;20:17;0;RUA SGT JOAO PINHEIRO;RUA MIRTES CORDEIRO;;0;;ColisÃ£o;Via Iluminada;Bom;Seca;Meio de Quadra;Pare;Residencial;0;1;1;1;0;0;0;0;0;0;0;0;"-3,78180000000";"-38,62252000000";inter_gpsv
355970;4;3;2020;07:10;0;RD CE-040;;;;KM-02;ColisÃ£o;Luz do Dia;;Seca;Meio de Quadra;;;0;0;2;1;0;0;0;0;0;1;0;0;"-3,77361614800";"-38,48179940000";rod_match
355971;4;3;2020;10:00;0;RD CE-040;;;9310;KM-08;ColisÃ£o;Luz do Dia;;Molhada;Meio de Quadra;;;0;1;1;0;0;0;1;0;0;1;0;0;"-3,82551582200";"-38,48153832000";rod_match
355972;4;3;2020;05:10;0;AV SEN CARLOS JEREISSATI (AEROPORTO);;;;KM 03;Outros;Amanhecer;;Seca;Meio de Quadra;;;0;0;1;0;0;0;0;0;0;1;0;0;"-3,77964100000";"-38,54403800000";rod_match
355838;4;3;2020;07:03;9168;AV BORGES DE MELO;AV LUCIANO CARNEIRO;;;;ColisÃ£o;Luz do Dia;Bom;Seca;Cruz;SemÃ¡foro;Comercial;0;1;1;1;0;1;0;0;0;0;0;0;"-3,75646500000";"-38,53409700000";inter_match
357169;4;3;2020;07:52;0;RD BR 116;;;5000;KM-05;ColisÃ£o;Luz do Dia;;;Meio de Quadra;;;0;1;0;0;0;0;0;0;0;1;0;0;"-3,79650200000";"-38,50678700000";rod_match
357170;4;3;2020;08:30;6982;RUA PEDRO CABRAL;RUA RAIMUNDO ARISTIDES;;;;ColisÃ£o;Luz do Dia;;;;;;0;1;1;1;0;1;0;0;0;0;0;0;"-3,81971000000";"-38,58998000000";inter_gpsv
357238;4;3;2020;08:37;16057;AV GODOFREDO MACIEL;AV PRS COSTA E SILVA;;;;Atropelamento;Luz do Dia;;;Cruz;SemÃ¡foro;Comercial;0;1;0;1;0;0;0;0;0;0;0;0;"-3,81174300000";"-38,57473900000";inter_match
357239;4;3;2020;09:17;0;AV ALM HENRIQUE SABOIA;;;220;;Queda;Luz do Dia;;;Meio de Quadra;;;0;1;0;0;0;0;0;0;0;1;0;0;"-3,72454300000";"-38,48049850000";mq_match
357240;4;3;2020;09:23;0;AV GODOFREDO MACIEL;;;277;;ColisÃ£o;Luz do Dia;;;Meio de Quadra;;;0;1;0;1;0;0;0;0;0;1;0;0;"-3,77988000000";"-38,56473000000";mq_gpsv
357241;4;3;2020;09:38;0;RUA JOAQUIM CORREIA;;;671;;ColisÃ£o;Luz do Dia;;;Meio de Quadra;;;0;1;0;1;0;0;0;0;0;1;0;0;"-3,83465000000";"-38,57116000000";mq_gpsv
357242;4;3;2020;10:52;0;RUA DR JOAQUIM BENTO;;;298;;ColisÃ£o;Luz do Dia;;;Meio de Quadra;;;0;1;0;1;0;0;0;0;0;1;0;0;"-3,82875700000";"-38,48881400000";mq_qgis
357243;4;3;2020;11:04;0;RUA CAP FRANCISCO PEDRO;;;280;;ColisÃ£o;Luz do Dia;;;Meio de Quadra;;;0;1;0;1;0;0;0;0;0;1;0;0;"-3,74252384000";"-38,54468540000";mq_qgis
357244;4;3;2020;11:18;0;RUA ASTROGILDO FONTOURA;;;524;;ColisÃ£o;Luz do Dia;;;Meio de Quadra;;;0;2;0;1;0;0;0;0;0;1;0;0;"-3,71211289000";"-38,58387140000";mq_qgis
357294;4;3;2020;16:56;0;AV GOV RAUL BARBOSA;;;5750;;Atropelamento;Luz do Dia;;;Meio de Quadra;;;0;1;0;0;0;0;0;0;0;1;0;0;"-3,76884000000";"-38,51013900000";mq_match
357295;4;3;2020;17:08;0;RUA DO CONTORNO UI 302;;;316;CASTELAO;Atropelamento;Anoitecer;;;Meio de Quadra;;;0;1;0;1;0;0;0;0;0;0;0;0;"-3,80546000000";"-38,51989000000";mq_gpsv
357296;4;3;2020;18:01;15988;RUA PAURILO BARROSO;RUA CLEMENTE SILVA D44;;;;ColisÃ£o;Anoitecer;;;Cruz;Pare;Residencial;0;1;0;1;0;0;0;0;0;1;0;0;"-3,80455800000";"-38,57078000000";inter_match
357297;4;3;2020;18:10;0;RUA CON DE CASTRO;;;1388;;Queda;Anoitecer;;;Meio de Quadra;;;0;1;0;0;0;0;0;0;0;1;0;0;"-3,78401900000";"-38,57253450000";mq_match
357298;4;3;2020;18:15;0;AV JOAO PESSOA;;;6287;;ColisÃ£o;Anoitecer;;;Meio de Quadra;;;0;1;0;1;0;0;0;0;0;1;0;0;"-3,76530800000";"-38,55901400000";mq_match
357299;4;3;2020;19:46;0;AV FRANCISCO SA;;;6367;;Atropelamento;;;;Meio de Quadra;;;0;1;0;1;0;0;0;0;0;0;0;0;"-3,70916700000";"-38,58134900000";mq_match
357300;4;3;2020;20:47;26236;AV DR SILAS MUNGUBA;RUA BERNARDO MANUEL;;;;ColisÃ£o;;;;Cruz;SemÃ¡foro;Comercial;0;0;1;0;0;0;0;0;0;0;0;0;"-3,78753800000";"-38,54796000000";inter_match
357301;4;3;2020;21:29;0;RD BR 116;;;;;Atropelamento;;;;Meio de Quadra;;;0;1;0;0;0;0;0;0;0;1;0;0;;;
357302;4;3;2020;22:23;0;AV PDE ANTONIO TOMAS;;;3433;;ColisÃ£o;;;;Meio de Quadra;;;0;1;0;1;0;0;0;0;0;1;0;0;"-3,74613300000";"-38,48122100000";mq_match
357303;4;3;2020;23:18;0;RUA UMUARAMA (GRANJA PORTUGAL);;;36;;Queda;;;;Meio de Quadra;;;0;1;0;0;0;0;0;0;0;1;0;0;"-3,77793000000";"-38,61046000000";mq_gpsv
357304;4;3;2020;23:22;0;AV DR SILAS MUNGUBA;;;2261;;ColisÃ£o;;;;Meio de Quadra;;;0;2;0;1;0;0;0;0;0;0;0;0;"-3,78583300000";"-38,55124200000";mq_match
357260;4;3;2020;16:54;0;RUA MARTINS CARVALHO;;;1825;;Atropelamento;Luz do Dia;;;Meio de Quadra;;;0;1;0;0;0;0;0;0;0;1;0;0;"-3,79371000000";"-38,61058000000";mq_gpsv