COD_ACIDENTE;DIA;MES;ANO;HORA;INTERSECAO;LOG1;LOG2;LOG3;NUMERO;REFERENCIA;NATUREZA;ILUMINACAO;TEMPO;SUPERFICIEPISTA;TIPOCRUZAMENTO;CONTROLETRAFEGO;USOSOLO;MORTOS;FERIDOS;ILESOS;AUTOMOVEL;ONIBUS;BICICLETA;CAMINHAO;MICROONIBUS;CICLOMOTOR;MOTOCICLETA;TRACAOANIMAL;TREM;LATITUDE;LONGITUDE;METODO
357620;7;3;2020;13:14;7329;RUA MANAUS;RUA PRO PAULO LOPES;;;;ColisÃ£o;Luz do Dia;;;Cruz;Pare;Residencial;0;1;0;0;0;0;1;0;0;1;0;0;"-3,75357300000";"-38,59116300000";inter_match
357621;7;3;2020;13:54;0;RUA ANTERO QUENTAL;;;100;;Atropelamento;Luz do Dia;;;Meio de Quadra;;;0;1;0;1;0;0;0;0;0;0;0;0;"-3,85183550000";"-38,49279490000";mq_match
357622;7;3;2020;14:03;0;RUA PDE PEDRO DE ALENCAR;;;1408;;Queda;Luz do Dia;;;Meio de Quadra;;;0;1;0;0;0;0;0;0;0;1;0;0;"-3,84040846700";"-38,49426884000";mq_match
357623;7;3;2020;15:16;0;RD BR 116;;;;;ColisÃ£o;Luz do Dia;;;Meio de Quadra;;;0;1;0;1;0;0;0;0;0;1;0;0;;;
357624;7;3;2020;15:17;0;AV SEN CARLOS JEREISSATI (AEROPORTO);;;570;;ColisÃ£o;Luz do Dia;;;Meio de Quadra;;;0;2;0;0;0;0;0;0;0;0;0;0;"-3,78329000000";"-38,52295000000";mq_gpsv
357632;7;3;2020;16:06;0;AV CAP WALDEMAR PAULA LIMA;;;468;;ColisÃ£o;Luz do Dia;;;Meio de Quadra;;;0;1;0;0;0;0;0;0;0;0;0;0;"-3,81730000000";"-38,50753000000";mq_gpsv
356856;7;3;2020;23:15;0;AV GAL OSORIO DE PAIVA;;;5081;;ColisÃ£o;Luz do Dia;;;Meio de Quadra;;;0;0;2;1;0;0;0;0;0;0;0;0;"-3,80282700000";"-38,60021700000";mq_match
356670;7;3;2020;03:30;0;RD BR 116;;;3000;KM-03;Capotamento;;NÃ£o Informado;Seca;Meio de Quadra;;;0;0;1;1;0;0;0;0;0;0;0;0;"-3,77983800000";"-38,51437200000";rod_match
355976;7;3;2020;16:40;0;AV SEN CARLOS JEREISSATI (AEROPORTO);;;;;ColisÃ£o;Luz do Dia;;Seca;Meio de Quadra;;;0;0;2;1;0;0;1;0;0;0;0;0;;;
355790;7;3;2020;18:30;15364;RUA FRE MANSUETO;RUA REPUBLICA DO LIBANO;;;;ColisÃ£o Transversal;Anoitecer;Bom;Seca;Cruz;Pare;Residencial;0;0;2;1;0;0;0;0;0;1;0;0;"-3,73373200000";"-38,48872900000";inter_match
355791;7;3;2020;07:25;0;AV JOSE TAVARES;;;1025;;Choque c/ ObstÃ¡culo Fixo;Luz do Dia;Chuva;Molhada;Meio de Quadra;SemÃ¡foro;Residencial;1;1;0;0;0;0;0;0;0;1;0;0;"-3,81249100000";"-38,59855200000";mq_gpsv
355826;7;3;2020;06:45;0;AV JOSE LEON;;;2216;;ColisÃ£o;Luz do Dia;Nublado;Seca;Meio de Quadra;NÃ£o HÃ¡ Controle;Residencial;0;3;0;0;0;0;0;0;0;0;0;0;"-3,79020793000";"-38,49172550000";mq_qgis
355827;7;3;2020;20:08;0;RUA TEODOMIRO DE CASTRO;;;6264;;ColisÃ£o Lateral;Via Iluminada;Bom;Seca;Meio de Quadra;Gesto;Comercial;0;0;2;1;0;0;0;0;0;0;0;0;"-3,71705237000";"-38,57627750000";mq_qgis
355828;8;3;2020;01:46;6825;RUA BENTO ALBUQUERQUE;RUA DR RIBAMAR LOBO;;;;ColisÃ£o;Via Iluminada;Bom;Seca;Cruz;Pare;Residencial;0;0;2;1;0;0;0;0;0;1;0;0;"-3,74842200000";"-38,46861300000";inter_match
355829;8;3;2020;07:00;25036;RUA EDUARDO BEZERRA;RUA CAP MELO;;;;ColisÃ£o Frontal;Luz do Dia;Bom;Seca;Cruz;SemÃ¡foro;Residencial;0;1;1;0;0;0;0;0;0;1;0;0;"-3,75380300000";"-38,51360700000";inter_match
355830;8;3;2020;14:00;16983;RUA MARIA GOMES DE SA;RUA AURELIANO LEAL;;0;;NÃ£o Informado;Luz do Dia;Bom;Seca;Cruz;Pare;Residencial;0;0;1;1;0;0;0;0;0;1;0;0;"-3,82325500000";"-38,58412400000";inter_match
355831;8;3;2020;17:40;0;TR GUILHERME ROCHA;RUA COS ESTELITA;;0;;ColisÃ£o Transversal;Anoitecer;Bom;Seca;Cruz;Pare;Residencial;0;1;1;1;0;0;0;0;0;1;0;0;"-3,72335000000";"-38,53919000000";inter_gpsv
355977;8;3;2020;05:50;0;RD CE-040;;;;KM-02;ColisÃ£o;Amanhecer;;Seca;Meio de Quadra;;;0;0;2;1;1;0;0;0;0;0;0;0;"-3,77361614800";"-38,48179940000";rod_match
356864;8;3;2020;16:00;0;RUA ANA BILHAR;;;;;ColisÃ£o;Luz do Dia;;;Meio de Quadra;;;0;0;1;0;0;0;0;0;0;0;0;0;;;
356865;8;3;2020;07:10;0;AV JOR THOMAZ COELHO;;;;;ColisÃ£o;Luz do Dia;;;Meio de Quadra;;;0;0;1;0;0;0;0;0;0;0;0;0;;;
356859;8;3;2020;15:00;0;AV PRS CASTELO BRANCO;;;;;ColisÃ£o;Luz do Dia;;;Meio de Quadra;;;0;0;2;1;1;0;0;0;0;0;0;0;;;
357650;8;3;2020;00:14;0;RUA EMILIO DE MENESES;;;2345;;Queda;;;;Meio de Quadra;;;0;1;0;0;0;0;0;0;0;1;0;0;"-3,77765200000";"-38,60197400000";mq_match
357651;8;3;2020;01:36;0;RUA JOSE HIPOLITO;;;1460;;ColisÃ£o;;;;Meio de Quadra;;;0;1;0;0;0;0;0;0;0;0;0;0;"-3,83795850000";"-38,48169350000";mq_match
357652;8;3;2020;03:29;0;RUA JOSE TORRES;;;1228;;Queda;;;;Meio de Quadra;;;0;1;0;0;0;0;0;0;0;1;0;0;"-3,78192000000";"-38,60795000000";mq_match
357653;8;3;2020;06:23;0;AV DR ALDY MENTOR;;;;;ColisÃ£o;Luz do Dia;;;Meio de Quadra;;;0;1;0;0;0;0;0;0;0;0;0;0;;;
357654;8;3;2020;06:50;17277;AV PRO GOMES DE MATOS;RUA SATIRO DIAS;;;;ColisÃ£o;Luz do Dia;;;Cruz;SemÃ¡foro;Comercial;0;1;1;1;0;1;0;0;0;0;0;0;"-3,76262300000";"-38,54686800000";inter_match
357655;8;3;2020;07:04;7875;AV PONTES VIEIRA;AV SEN VIRGILIO TAVORA;;;;ColisÃ£o;Luz do Dia;;;T;SemÃ¡foro;Comercial;0;1;0;1;0;0;0;0;0;1;0;0;"-3,75088600000";"-38,49765200000";inter_match
357656;8;3;2020;08:43;0;AV BEZERRA DE MENEZES;;;2275;;Queda;Luz do Dia;;;Meio de Quadra;;;0;1;0;0;0;1;0;0;0;0;0;0;"-3,73582800000";"-38,56516700000";mq_match
357657;8;3;2020;09:13;0;AV ALM HENRIQUE SABOIA;;;827;;Queda;Luz do Dia;;;Meio de Quadra;;;0;1;0;0;0;0;0;0;0;1;0;0;"-3,72781000000";"-38,48029000000";mq_gpsv
357658;8;3;2020;09:19;0;RUA PDE FRANCISCO PITA;;;1213;;Queda;Luz do Dia;;;Meio de Quadra;;;0;1;0;0;0;0;0;0;0;1;0;0;"-3,78300400000";"-38,49486900000";mq_qgis
357659;8;3;2020;10:49;0;AV A CJ CEARA;;;855;;ColisÃ£o;Luz do Dia;;;Meio de Quadra;;;0;1;0;0;0;0;0;0;0;0;0;0;"-3,78397280000";"-38,47516890000";mq_match
357660;8;3;2020;11:07;0;AV ZEZE DIOGO;;;3125;;Atropelamento;Luz do Dia;;;Meio de Quadra;;;0;1;0;0;0;0;0;0;0;1;0;0;"-3,73426400000";"-38,45607000000";mq_match
357661;8;3;2020;13:19;0;AV ODILON GUIMARAES;;;4060;;Queda;Luz do Dia;;;Meio de Quadra;;;0;1;0;0;0;1;0;0;0;0;0;0;"-3,81339000000";"-38,46464600000";mq_qgis
357662;8;3;2020;14:36;16983;RUA MARIA GOMES DE SA;RUA AURELIANO LEAL;;;;ColisÃ£o;Luz do Dia;;;Cruz;Pare;Residencial;0;1;0;1;0;0;0;0;0;1;0;0;"-3,82325500000";"-38,58412400000";inter_match
357663;8;3;2020;16:16;0;AV JOR THOMAZ COELHO;;;;;ColisÃ£o;Luz do Dia;;;Meio de Quadra;;;0;1;0;1;0;0;0;0;0;1;0;0;;;
357664;8;3;2020;16:30;0;RUA SGT JOAO PINHEIRO;;;;;Atropelamento;Luz do Dia;;;Meio de Quadra;;;0;1;0;0;0;0;0;0;0;1;0;0;;;
357665;8;3;2020;16:57;10148;RUA TAUBATE;RUA CEL FABRICIANO;;;;ColisÃ£o;Luz do Dia;;;;;;0;1;0;0;0;0;0;0;0;0;0;0;"-3,78499600000";"-38,59991100000";inter_match
357666;8;3;2020;17:07;0;RUA GERMANO FRANCK;;;767;;ColisÃ£o;Anoitecer;;;Meio de Quadra;;;0;1;0;1;0;0;0;0;0;1;0;0;"-3,77792065200";"-38,56279954000";mq_match
357667;8;3;2020;17:38;0;RUA GUILHERME ROCHA;;;1503;;ColisÃ£o;Anoitecer;;;Meio de Quadra;;;0;1;0;1;0;0;0;0;0;1;0;0;"-3,72332500000";"-38,53925600000";mq_match
357668;8;3;2020;18:15;0;RUA ECA DE QUEIROZ;;;503;;ColisÃ£o;Anoitecer;;;Meio de Quadra;;;0;1;0;1;0;0;0;0;0;1;0;0;"-3,78704812000";"-38,58276940000";mq_qgis
357669;8;3;2020;18:25;0;RUA PRIMEIRO DE MAIO D34;;;3268;;ColisÃ£o;Anoitecer;;;Meio de Quadra;;;0;1;0;0;0;0;0;0;0;0;0;0;"-3,77680330000";"-38,60981280000";mq_gpsv
357670;8;3;2020;19:23;0;RUA CESAR FONTENELE;;;18;;Queda;;;;Meio de Quadra;;;0;1;0;0;0;0;0;0;0;1;0;0;"-3,74591468000";"-38,55673096000";mq_match
357671;8;3;2020;19:25;0;AV SGT HERMINIO SAMPAIO;;;2500;;ColisÃ£o;;;;Meio de Quadra;;;0;1;0;1;0;0;0;0;0;1;0;0;"-3,72676100000";"-38,56275200000";mq_match
357672;8;3;2020;19:30;0;RD CE-040;;;;;Queda;;;;Meio de Quadra;;;0;1;0;0;0;0;0;0;0;1;0;0;;;
357673;8;3;2020;19:32;0;RUA TEODOMIRO DE CASTRO;;;4342;;Atropelamento;;;;Meio de Quadra;;;0;1;0;1;0;0;0;0;0;0;0;0;"-3,71887000000";"-38,57202000000";mq_gpsv
357674;8;3;2020;19:47;0;RUA ALUISIO AZEVEDO;;;853;;Atropelamento;;;;Meio de Quadra;;;0;1;0;1;0;0;0;0;0;0;0;0;"-3,76970881000";"-38,58012500000";mq_qgis
357675;8;3;2020;20:17;0;RUA PROF. MANOEL LOURENCO;;;95;;Atropelamento;;;;Meio de Quadra;;;0;1;0;0;0;0;0;0;0;1;0;0;"-3,80858720000";"-38,46944300000";mq_match
357676;8;3;2020;20:34;0;RUA STA ELISA D21;;;1129;;Choque c/ ObstÃ¡culo Fixo;;;;Meio de Quadra;;;0;1;0;1;0;0;0;0;0;1;0;0;"-3,70533595000";"-38,56255980000";mq_qgis
357677;8;3;2020;20:41;0;AV DR SILAS MUNGUBA;;;3850;;ColisÃ£o;;;;Meio de Quadra;;;0;1;0;1;0;0;0;0;0;1;0;0;"-3,79073600000";"-38,53929100000";mq_match
357678;8;3;2020;20:54;0;AV PRS CASTELO BRANCO;;;;;Atropelamento;;;;Meio de Quadra;;;0;1;0;0;0;0;0;0;0;0;0;0;;;
357679;8;3;2020;21:26;0;AV E CJ CEARA;;;103;;Atropelamento;;;;Meio de Quadra;;;0;1;0;1;0;0;0;0;0;0;0;0;"-3,75972200000";"-38,60480700000";mq_qgis
357680;8;3;2020;21:53;0;RUA HENRIQUE DE CASTRO;;;43;;ColisÃ£o;;;;Meio de Quadra;;;0;1;0;1;0;0;0;0;0;1;0;0;"-3,77677903800";"-38,50194704000";mq_match
357681;8;3;2020;22:19;0;RUA FERREIRA LIMA;;;;;Queda;;;;Meio de Quadra;;;0;1;0;0;0;0;0;0;0;1;0;0;;;
357682;8;3;2020;22:44;0;AV JOR JOAO RAMOS;;;;;ColisÃ£o;;;;Meio de Quadra;;;0;1;0;1;0;0;0;0;0;0;0;0;;;
357683;8;3;2020;23:10;0;AV DR THEBERGE;;;;;ColisÃ£o;;;;Meio de Quadra;;;0;1;0;1;0;0;0;0;0;1;0;0;;;
357684;8;3;2020;23:22;0;RUA BAR RIO BRANCO;;;;;ColisÃ£o;;;;Meio de Quadra;;;0;1;0;1;0;0;0;0;0;1;0;0;;;
357685;8;3;2020;23:35;0;AL OXALA;;;456;;Outros;;;;Meio de Quadra;;;0;1;0;0;0;1;0;0;0;0;0;0;"-3,77848704000";"-38,55748720000";mq_qgis
356914;9;3;2020;08:10;0;RUA XAVIER DE OLIVEIRA;;;276;;Atropelamento;Luz do Dia;;;Meio de Quadra;;;0;1;1;0;0;0;0;0;0;1;0;0;"-3,74724631000";"-38,56035430000";mq_qgis
356908;9;3;2020;05:30;17426;RUA ALBERTO MAGNO;RUA ELVIRA PINHO;;;;ColisÃ£o;Amanhecer;;;Cruz;SemÃ¡foro;Comercial;0;2;1;1;0;0;0;0;0;1;0;0;"-3,76848900000";"-38,55265600000";inter_match
356964;9;3;2020;10:31;0;AV ROGACIANO LEITE;;;2571;;ColisÃ£o;Luz do Dia;;;Meio de Quadra;;;0;1;1;1;0;0;0;0;0;1;0;0;"-3,78077100000";"-38,50171690000";mq_qgis
356866;9;3;2020;13:30;25006;RUA BENI DE CARVALHO;RUA LEONARDO MOTA;;;;ColisÃ£o;Luz do Dia;;;Cruz;SemÃ¡foro;Residencial;0;0;2;0;0;0;0;0;0;0;0;0;"-3,74473900000";"-38,49893100000";inter_match
356671;9;3;2020;08:10;0;RD BR 116;;;3000;KM-03;Engavetamento;Luz do Dia;Chuva;Molhada;Meio de Quadra;;;0;1;2;1;0;0;1;0;0;0;0;0;"-3,77983800000";"-38,51437200000";rod_match
356672;9;3;2020;09:00;0;RD BR 116;;;14000;KM-14;ColisÃ£o;Luz do Dia;Bom;Molhada;Meio de Quadra;;;0;1;1;0;0;0;1;0;0;1;0;0;"-3,87352300000";"-38,49924200000";rod_match
356673;9;3;2020;09:50;0;RD BR 222;;;;KM-03;Tombamento;Luz do Dia;Nublado;Seca;Meio de Quadra;;;1;0;1;0;0;1;1;0;0;0;0;0;"-3,74030084800";"-38,59594097000";rod_match
356674;9;3;2020;14:00;0;RD BR 116;;;;KM-02;ColisÃ£o Traseira;Luz do Dia;Bom;Seca;Meio de Quadra;;;0;1;1;1;0;0;0;0;0;1;0;0;"-3,77139100000";"-38,51678000000";rod_match
356910;9;3;2020;06:27;0;AV DOMINGOS OLIMPIO;;;247;;Queda;Luz do Dia;;;Meio de Quadra;;;0;1;0;0;0;0;0;0;0;1;0;0;"-3,73778000000";"-38,52724500000";mq_match
356971;9;3;2020;11:01;3312;RUA BOLIVIA;RUA VIRIATO RIBEIRO;;;;ColisÃ£o;Luz do Dia;;;Cruz;Pare;Residencial;0;1;1;1;0;0;0;0;0;1;0;0;"-3,74535500000";"-38,56607100000";inter_match
356982;9;3;2020;14:31;0;RUA CAP BRASIL;;;665;;Atropelamento;Luz do Dia;;;Meio de Quadra;;;0;1;1;0;0;0;0;0;0;1;0;0;"-3,73798000000";"-38,58618000000";mq_gpsv
356979;9;3;2020;13:46;0;AV DEP PAULINO ROCHA;;;1901;;ColisÃ£o;Luz do Dia;;;Meio de Quadra;;;0;1;1;1;0;0;0;0;0;1;0;0;"-3,81129665700";"-38,51469325000";mq_match
356976;9;3;2020;13:26;0;RUA DRACON BARRETO;;;528;;ColisÃ£o;Luz do Dia;;;Meio de Quadra;;;0;1;1;1;0;0;0;0;0;0;0;0;"-3,73426000000";"-38,57913000000";mq_gpsv
356974;9;3;2020;12:29;0;RUA VALDEMAR FIGUEIREDO;;;;;Queda;Luz do Dia;;;Meio de Quadra;;;0;1;0;0;0;0;0;0;0;1;0;0;;;
356994;9;3;2020;18:54;0;RUA SENA MADUREIRA;;;;;Atropelamento;;;;Meio de Quadra;;;0;1;1;0;0;0;0;0;0;1;0;0;;;
356985;9;3;2020;15:56;0;AV SIQUEIRA CAMPOS;;;;;Queda;Luz do Dia;;;Meio de Quadra;;;0;1;0;0;0;1;0;0;0;0;0;0;;;
356987;9;3;2020;16:15;0;RUA BARRA MANSA;;;401;;Queda;Luz do Dia;;;Meio de Quadra;;;0;1;0;0;0;0;0;0;0;1;0;0;"-3,79532500000";"-38,61250100000";mq_qgis
356988;9;3;2020;16:24;0;AV BENJAMIM BRASIL;;;1685;;Atropelamento;Luz do Dia;;;Meio de Quadra;;;0;1;1;0;0;1;0;0;0;0;0;0;"-3,80707893300";"-38,56081148000";mq_match
356989;9;3;2020;16:32;0;AV PRS COSTA E SILVA;;;;;Queda;Luz do Dia;;;Meio de Quadra;;;0;1;0;0;0;1;0;0;0;0;0;0;;;
356990;9;3;2020;17:42;0;RUA BERNARDO MANUEL;;;10580;;Queda;Anoitecer;;;Meio de Quadra;;;0;1;0;0;0;0;0;0;0;1;0;0;"-3,81175692000";"-38,55536820000";mq_qgis
356991;9;3;2020;17:55;0;AV PERIMETRAL;;;205;;Atropelamento;Anoitecer;;;Meio de Quadra;;;0;2;1;1;0;0;0;0;0;0;0;0;;;
356992;9;3;2020;18:28;0;AV SGT HERMINIO SAMPAIO;;;;;ColisÃ£o;Anoitecer;;;Meio de Quadra;;;0;1;1;1;0;0;0;0;0;1;0;0;;;
356998;9;3;2020;19:33;0;AV FRANCISCO SA;;;;;ColisÃ£o;;;;Meio de Quadra;;;0;1;1;1;0;0;0;0;0;1;0;0;;;
356999;9;3;2020;19:38;0;RUA DR JOSE ROBERTO SALES;;;117;;Queda;;;;Meio de Quadra;;;0;1;0;0;0;1;0;0;0;0;0;0;"-3,69752000000";"-38,57747000000";mq_gpsv
357003;9;3;2020;19:46;0;AV CASTELO DE CASTRO;;;1186;;ColisÃ£o;;;;Meio de Quadra;;;0;1;1;1;0;0;0;0;0;1;0;0;"-3,83957980600";"-38,52176432000";mq_match
357005;9;3;2020;20:42;15370;AV SEN VIRGILIO TAVORA;AV DOM LUIS;;;;Queda;;;;Cruz;SemÃ¡foro;Lazer;0;1;0;0;0;0;0;0;0;1;0;0;"-3,73482900000";"-38,49250700000";inter_match
355982;9;3;2020;15:35;0;AV SEN CARLOS JEREISSATI (AEROPORTO);;;;KM 03;ColisÃ£o;Luz do Dia;;Seca;Meio de Quadra;;;0;0;2;0;0;0;0;0;0;0;0;0;"-3,77964100000";"-38,54403800000";rod_match
355983;9;3;2020;19:30;0;AV SEN CARLOS JEREISSATI (AEROPORTO);;;;KM 01;ColisÃ£o;;;Seca;Meio de Quadra;;;0;0;2;1;0;0;0;0;0;0;0;0;"-3,78375300000";"-38,52685000000";rod_match
355959;9;3;2020;20:00;0;RUA ALBERTO DE OLIVEIRA;;;;;ColisÃ£o Lateral;Via Iluminada;Bom;Seca;Meio de Quadra;;;0;1;1;1;0;0;0;0;0;1;0;0;;;
355960;9;3;2020;06:40;0;AV GODOFREDO MACIEL;;;3000;;ColisÃ£o Traseira;Luz do Dia;Nublado;Seca;Meio de Quadra;Pare;Comercial;0;1;1;0;0;0;0;0;0;1;0;0;"-3,80202077800";"-38,57165256000";mq_match
355792;9;3;2020;09:30;20410;RUA BAR AQUIRAZ;RUA SERVIDAO;;;;ColisÃ£o Lateral;Luz do Dia;Bom;Seca;Y;NÃ£o HÃ¡ Controle;Residencial;0;0;2;0;0;0;0;0;0;1;0;0;"-3,85033000000";"-38,47540000000";inter_gpsv
355832;9;3;2020;01:20;0;AV GOV PARSIFAL BARROSO;;;600;;NÃ£o Informado;Via Iluminada;Bom;Seca;;;;0;0;2;1;0;0;0;0;0;1;0;0;"-3,73088900000";"-38,56911500000";mq_qgis
355833;9;3;2020;08:06;1450;RUA JOAO CARVALHO;RUA JOSE VILAR;;;;ColisÃ£o Transversal;Luz do Dia;Chuva;Molhada;Cruz;SemÃ¡foro;Comercial;0;1;1;1;0;0;0;0;0;1;0;0;"-3,73831800000";"-38,50547700000";inter_match
355834;9;3;2020;13:29;25116;AV ROGACIANO LEITE;RUA PDE FRANCISCO PITA;;;;ColisÃ£o Traseira;Luz do Dia;Bom;Seca;Cruz;SemÃ¡foro;Comercial;0;1;1;1;0;0;0;0;0;1;0;0;"-3,78096000000";"-38,50176600000";inter_match
355835;9;3;2020;11:45;20185;RUA POMPILIO GOMES;RUA MARIA AMALIA;;;;ColisÃ£o Transversal;Luz do Dia;Bom;Seca;Cruz;SemÃ¡foro;Residencial;1;0;1;0;0;0;0;0;0;1;0;0;"-3,81275400000";"-38,52041500000";inter_match
355836;9;3;2020;15:38;1485;RUA PDE VALDEVINO;RUA ANTONIO AUGUSTO;;838;;ColisÃ£o Transversal;Luz do Dia;Bom;Seca;Cruz;Pare;Residencial;0;1;1;1;0;0;0;0;0;0;0;0;"-3,73923900000";"-38,51648900000";inter_match
355837;9;3;2020;16:42;0;AV ALBERTO NEPOMUCENO;;;199;;NÃ£o Informado;Luz do Dia;Bom;Seca;Meio de Quadra;SemÃ¡foro;Comercial;0;1;1;0;0;0;0;0;0;1;0;0;"-3,72347930000";"-38,52437600000";mq_match
355839;10;3;2020;06:00;10054;RUA ANTONIO NERY;RUA OLIVEIRA SOBRINHO;;;;ColisÃ£o Lateral;Luz do Dia;Bom;Seca;Cruz;Pare;Comercial;0;1;1;0;0;0;0;0;0;1;0;0;"-3,77882700000";"-38,60038800000";inter_match
355840;10;3;2020;09:32;9020;RUA JAIME BENEVOLO;RUA SALDANHA MARINHO;;;;ColisÃ£o;Luz do Dia;Bom;Seca;Cruz;SemÃ¡foro;Comercial;0;0;3;0;0;0;0;1;0;0;0;0;"-3,74304600000";"-38,52899400000";inter_match
355841;10;3;2020;12:30;5773;RUA MAXIMO LINHARES;RUA BOTELHO MAGALHAES;;;;ColisÃ£o;Luz do Dia;Bom;Seca;Cruz;Pare;Residencial;0;1;1;1;0;0;0;0;0;1;0;0;"-3,79894100000";"-38,49147400000";inter_match
355842;10;3;2020;13:10;5819;RUA MANUEL MONTEIRO;RUA JOAO LEONEL;;;;ColisÃ£o Transversal;Luz do Dia;Bom;Seca;Cruz;Pare;Residencial;0;0;2;1;0;0;0;0;0;0;0;0;"-3,79890000000";"-38,49443000000";inter_gpsv
355843;10;3;2020;18:44;18313;AV HIS RAIMUNDO GIRAO;RUA GONCALVES LEDO;;;;ColisÃ£o;Via Iluminada;Bom;Seca;T;Pare;Comercial;0;1;1;1;0;0;0;0;0;1;0;0;"-3,72059200000";"-38,51280100000";inter_match
355844;10;3;2020;20:19;122;RUA CEL JOAQUIM FRANKLIN;RUA DR VALE COSTA;;;;ColisÃ£o Lateral;Anoitecer;Bom;Seca;Cruz;NÃ£o HÃ¡ Controle;Residencial;0;1;1;0;0;0;0;1;0;1;0;0;"-3,74259000000";"-38,58889900000";inter_match
355962;10;3;2020;20:00;1376;RUA JOAO CARVALHO;RUA MON BRUNO;;;;ColisÃ£o Transversal;Anoitecer;Bom;Seca;Cruz;Pare;Comercial;0;1;1;1;0;0;0;0;0;1;0;0;"-3,73658500000";"-38,51079200000";inter_match
357032;10;3;2020;19:18;0;RUA CEL VIRGILIO NOGUEIRA (BOM JARDIM);;;916;;Atropelamento;;;;Meio de Quadra;;;0;2;1;0;0;0;0;0;0;1;0;0;"-3,79128000000";"-38,60961000000";mq_gpsv
357034;10;3;2020;20:40;0;AV PERIMETRAL;;;;;ColisÃ£o;;;;Meio de Quadra;;;0;1;0;0;0;0;0;0;0;0;0;0;;;
357035;10;3;2020;21:04;0;RUA ENG LUIS MONTENEGRO;;;300;;ColisÃ£o;;;;Meio de Quadra;;;0;1;1;0;0;0;0;0;0;1;0;0;"-3,81498650000";"-38,61507370000";mq_match
357029;10;3;2020;18:16;0;AV SEN FERNANDES TAVORA;;;3211;;Queda;Anoitecer;;;Meio de Quadra;;;0;1;0;0;0;0;0;0;0;1;0;0;"-3,75465200000";"-38,60085400000";mq_match
357030;10;3;2020;18:31;0;AV PERIMETRAL;;;1313;;Atropelamento;;;;Meio de Quadra;;;0;1;1;0;0;0;0;0;0;1;0;0;;;
357024;10;3;2020;18:14;0;RUA JOSE SETUBAL PESSOA;;;396;;Queda;Anoitecer;;;Meio de Quadra;;;0;1;0;0;0;0;0;0;0;1;0;0;"-3,72169000000";"-38,47103000000";mq_gpsv
357020;10;3;2020;15:54;0;RUA CAP OLAVO;;;193;;Atropelamento;Luz do Dia;;;Meio de Quadra;;;0;1;1;0;0;0;0;0;0;1;0;0;"-3,76385100000";"-38,51617160000";mq_qgis
357018;10;3;2020;15:34;0;AV VIS RIO BRANCO;;;;;ColisÃ£o;Luz do Dia;;;Meio de Quadra;;;0;1;1;1;0;0;0;0;0;1;0;0;;;
357015;10;3;2020;11:41;0;AV PERIMETRAL;;;;;Atropelamento;Luz do Dia;;;Meio de Quadra;;;0;1;1;0;0;0;0;0;0;1;0;0;;;
357013;10;3;2020;11:10;0;RUA GUSTAVO SAMPAIO;;;2011;;ColisÃ£o;Luz do Dia;;;Meio de Quadra;;;0;1;1;1;0;0;0;0;0;1;0;0;"-3,73656000000";"-38,56274300000";mq_qgis
357010;10;3;2020;07:46;0;AV PAISAGISTICA;;;;;ColisÃ£o;Luz do Dia;;;Meio de Quadra;;;0;1;1;1;0;0;0;0;0;1;0;0;;;
357007;10;3;2020;06:35;0;AV PRS CASTELO BRANCO;;;;;ColisÃ£o;Luz do Dia;;;Meio de Quadra;;;0;1;1;1;0;0;0;0;0;1;0;0;;;
357037;10;3;2020;21:21;0;AV WASHINGTON SOARES;;;;;Queda;;;;Meio de Quadra;;;0;1;0;0;0;1;0;0;0;0;0;0;;;
357043;10;3;2020;22:57;0;AV JOVITA FEITOSA;;;2214;;Queda;;;;Meio de Quadra;;;0;1;1;0;0;0;0;0;0;1;0;0;"-3,74002958500";"-38,55737951000";mq_match
356697;10;3;2020;19:50;0;RD BR 116;;;6000;KM-06;ColisÃ£o Traseira;;;Seca;Meio de Quadra;;;0;1;1;1;0;0;0;0;0;0;0;0;"-3,80469100000";"-38,50305300000";rod_match
356867;10;3;2020;12:44;15843;RUA ANGELICA GURGEL;RUA STA ROSALIA;;;;ColisÃ£o;Luz do Dia;;;Cruz;NÃ£o HÃ¡ Controle;Comercial;0;0;2;1;0;0;0;0;0;1;0;0;"-3,83330500000";"-38,49904300000";inter_match
356868;10;3;2020;14:26;0;RUA DA SAUDADE (MONTESE);;;254;;ColisÃ£o;Luz do Dia;;;Meio de Quadra;;;0;0;1;0;0;0;0;0;0;0;0;0;"-3,77005283000";"-38,54474650000";mq_qgis
356870;11;3;2020;19:00;0;RUA INES BRASIL;;;;;ColisÃ£o;;;;Meio de Quadra;;;0;0;2;1;0;0;0;0;0;1;0;0;;;
356698;11;3;2020;08:40;0;RD BR 116;;;5000;KM-05;Queda;Luz do Dia;Chuva;Molhada;Meio de Quadra;;;0;1;2;1;0;0;0;0;0;1;0;0;"-3,79650200000";"-38,50678700000";rod_match
357060;11;3;2020;10:34;0;AV ALBERTO CRAVEIRO;;;822;;ColisÃ£o;Luz do Dia;;;Meio de Quadra;;;0;1;1;0;0;0;0;0;0;1;0;0;"-3,78478500000";"-38,51701000000";mq_match
357058;11;3;2020;08:47;0;RUA BARRA NOVA;;;106;;Atropelamento;Luz do Dia;;;Meio de Quadra;;;0;1;1;0;0;0;0;0;0;1;0;0;"-3,78573877000";"-38,50590940000";mq_qgis