COD_ACIDENTE;DIA;MES;ANO;HORA;INTERSECAO;LOG1;LOG2;LOG3;NUMERO;REFERENCIA;NATUREZA;ILUMINACAO;TEMPO;SUPERFICIEPISTA;TIPOCRUZAMENTO;CONTROLETRAFEGO;USOSOLO;MORTOS;FERIDOS;ILESOS;AUTOMOVEL;ONIBUS;BICICLETA;CAMINHAO;MICROONIBUS;CICLOMOTOR;MOTOCICLETA;TRACAOANIMAL;TREM;LATITUDE;LONGITUDE;METODO
356739;15;3;2020;03:50;19611;RUA NEREU RAMOS;AV GODOFREDO MACIEL;;;;Choque c/ ObstÃ¡culo Fixo;;;;T;SemÃ¡foro;Comercial;0;1;0;0;0;0;0;0;0;0;0;0;"-3,78725000000";"-38,56680200000";inter_match
356740;15;3;2020;19:30;5107;AV MON TABOSA;RUA SEN ALMINO;;;;ColisÃ£o;;;;Cruz;Pare;Comercial;0;0;2;0;0;0;0;0;0;0;0;0;"-3,72366100000";"-38,51803500000";inter_match
356741;15;3;2020;20:25;0;AV ABOLICAO;;;4777;;ColisÃ£o;;;;Meio de Quadra;;;0;1;1;1;0;0;0;0;0;0;0;0;"-3,72152970000";"-38,47857000000";mq_match
356742;15;3;2020;23:30;18278;AV HIS RAIMUNDO GIRAO;AV ALM BARROSO;;;;ColisÃ£o;;;;T;Pare;Comercial;0;2;0;0;0;0;0;0;0;1;0;0;"-3,72027700000";"-38,51587700000";inter_match
357234;15;3;2020;06:49;0;AV JOAO PESSOA;;;6053;;Queda;Luz do Dia;;;Meio de Quadra;;;0;1;0;0;0;0;0;0;0;1;0;0;"-3,76285000000";"-38,55800300000";mq_match
357235;15;3;2020;07:16;0;RUA FRE CANECA;;;57;;Queda;Luz do Dia;;;Meio de Quadra;;;0;2;0;0;0;0;0;0;0;1;0;0;"-3,78520078000";"-38,51035770000";mq_qgis
357236;15;3;2020;09:43;0;AV LUCIANO CARNEIRO;;;1991;;ColisÃ£o;Luz do Dia;;;Meio de Quadra;;;0;1;1;1;0;0;0;0;0;1;0;0;"-3,76546720000";"-38,53695300000";mq_match
357237;15;3;2020;11:16;23343;AV PONTES VIEIRA;RUA TIBURCIO CAVALCANTE;;;;ColisÃ£o;Luz do Dia;;;Cruz;SemÃ¡foro;Comercial;0;1;1;1;0;0;0;0;0;1;0;0;"-3,75205300000";"-38,50774900000";inter_match
357245;15;3;2020;12:16;1605;AV DES MOREIRA;RUA BENI DE CARVALHO;;;;ColisÃ£o;Luz do Dia;;;Cruz;SemÃ¡foro;Comercial;0;1;1;1;0;0;0;0;0;1;0;0;"-3,74409800000";"-38,50087700000";inter_match
357246;15;3;2020;13:40;0;RUA VALDETARIO MOTA;;;;;Queda;Luz do Dia;;;Meio de Quadra;;;0;1;0;0;0;0;0;0;0;1;0;0;;;
357247;15;3;2020;13:46;0;RUA ENG LIMA VERDE (ALVARO WEYNE);;;1660;;ColisÃ£o;Luz do Dia;;;Meio de Quadra;;;0;1;1;0;0;0;1;0;0;1;0;0;;;
357261;15;3;2020;15:43;0;AV GAL OSORIO DE PAIVA;;;4080;;Queda;Luz do Dia;;;Meio de Quadra;;;0;1;0;0;0;0;0;0;0;1;0;0;"-3,79260333000";"-38,59027350000";mq_qgis
357262;15;3;2020;16:53;5062;RUA DR JOAO MOREIRA;RUA GAL SAMPAIO;;;;ColisÃ£o;Luz do Dia;;;Cruz;SemÃ¡foro Intermitente;Comercial;0;1;1;1;0;0;0;0;0;1;0;0;"-3,72203000000";"-38,52936400000";inter_match
357263;15;3;2020;17:22;0;RUA CEL FABRICIANO;;;433;;ColisÃ£o;Anoitecer;;;Meio de Quadra;;;0;1;1;1;0;0;0;0;0;1;0;0;"-3,78689705900";"-38,59396654700";mq_match
357264;15;3;2020;19:16;0;AV GAL OSORIO DE PAIVA;;;4849;;Atropelamento;;;;Meio de Quadra;;;0;1;1;1;0;0;0;0;0;0;0;0;"-3,80128500000";"-38,59873254000";mq_match
357265;15;3;2020;19:38;0;AV C CJ CEARA;;;1085;;Queda;;;;Meio de Quadra;;;0;1;0;0;0;0;0;0;0;1;0;0;"-3,76802000000";"-38,61236000000";mq_gpsv
357267;15;3;2020;21:23;0;AV GAL OSORIO DE PAIVA;;;4747;;ColisÃ£o;;;;Meio de Quadra;;;0;1;1;0;0;0;0;0;0;1;0;0;"-3,80054583300";"-38,59801750000";mq_match
357268;15;3;2020;21:35;1561;AV SEN VIRGILIO TAVORA;AV PDE ANTONIO TOMAS;;;;ColisÃ£o;;;;Cruz;Gesto;Comercial;0;1;1;1;0;0;0;0;0;1;0;0;"-3,74176000000";"-38,49474900000";inter_match
357269;15;3;2020;21:52;0;RUA ANSELMO NOGUEIRA;;;671;;ColisÃ£o;;;;Meio de Quadra;;;0;1;0;0;0;0;0;0;0;0;0;0;"-3,78404000000";"-38,58799000000";mq_gpsv
357270;15;3;2020;21:59;0;AV JOSE JATAHY;;;;;ColisÃ£o;;;;Meio de Quadra;;;0;1;1;1;0;0;0;0;0;1;0;0;;;
357271;15;3;2020;23:00;0;RUA CON DE CASTRO;;;8310;;ColisÃ£o;;;;Meio de Quadra;;;0;1;1;1;0;0;0;0;0;1;0;0;"-3,81886470000";"-38,60229420000";mq_match
357258;15;3;2020;15:13;0;RUA CAP BRASIL;;;654;;ColisÃ£o;Luz do Dia;;;Meio de Quadra;;;0;1;1;1;0;0;0;0;0;1;0;0;"-3,73849000000";"-38,58634000000";mq_gpsv
357259;15;3;2020;15:21;0;AV HEROIS DO ACRE;;;1001;;ColisÃ£o;Luz do Dia;;;Meio de Quadra;;;0;1;0;0;0;0;0;0;0;0;0;0;"-3,80315500000";"-38,53784900000";mq_match
357256;15;3;2020;14:52;0;RUA CAP URUGUAI D46;;;821;;Atropelamento;Luz do Dia;;;Meio de Quadra;;;0;1;1;1;0;0;0;0;0;0;0;0;"-3,76616144800";"-38,51114520000";mq_gpsv
357253;15;3;2020;14:09;0;RUA PILOTO D46;;;622;;Atropelamento;Luz do Dia;;;Meio de Quadra;;;0;1;1;1;0;0;0;0;0;0;0;0;"-3,76588371200";"-38,51009778000";mq_gpsv
357254;15;3;2020;14:51;0;AV GODOFREDO MACIEL;;;5078;;ColisÃ£o;Luz do Dia;;;Meio de Quadra;;;0;1;0;0;0;0;0;0;0;0;0;0;"-3,81875740000";"-38,57614320000";mq_match
355988;15;3;2020;06:30;0;RD CE-060;;;;KM-01;ColisÃ£o;Luz do Dia;;Molhada;Meio de Quadra;;;0;0;1;1;0;0;0;0;0;0;0;0;"-3,82613600000";"-38,57950000000";rod_match
355859;15;3;2020;06:56;9154;AV 13 DE MAIO;RUA DOM SEBASTIAO LEME;;0;;NÃ£o Informado;Amanhecer;Chuva;Molhada;Cruz;SemÃ¡foro;Comercial;0;0;1;1;0;0;0;0;0;0;0;0;"-3,75283200000";"-38,52522100000";inter_match
355860;15;3;2020;18:45;0;AV VICENTE DE CASTRO;;;4777;IATE CLUBE DE FORTALEZA;ColisÃ£o Frontal;Luz do Dia;Bom;Seca;Meio de Quadra;NÃ£o HÃ¡ Controle;Residencial;0;2;0;1;0;0;0;0;0;0;0;0;"-3,72129580000";"-38,47843000000";mq_match
355861;15;3;2020;21:29;0;RUA MANUEL CASTELO BRANCO;;;630;;ColisÃ£o Lateral;Via Iluminada;Bom;Seca;Meio de Quadra;NÃ£o HÃ¡ Controle;Comercial;0;0;2;1;0;0;0;0;0;0;0;0;"-3,83244900000";"-38,49008300000";mq_match
355862;16;3;2020;07:13;0;AV DA UNIVERSIDADE;;;3426;;Choque c/ ObstÃ¡culo Fixo;Via Iluminada;Chuva;Molhada;Meio de Quadra;NÃ£o HÃ¡ Controle;Comercial;0;1;0;0;0;0;0;0;0;1;0;0;"-3,74514100000";"-38,54290200000";mq_qgis
355863;16;3;2020;10:33;19721;RUA GUSTAVO SAMPAIO;RUA AMADEU FURTADO;;;;ColisÃ£o Transversal;Luz do Dia;Bom;Seca;Cruz;Pare;Comercial;0;0;2;1;0;0;0;0;0;1;0;0;"-3,73678600000";"-38,56382800000";inter_match
355864;16;3;2020;10:39;1341;RUA AFONSO CELSO;RUA MON BRUNO;;;;ColisÃ£o Transversal;Luz do Dia;Bom;Seca;Cruz;Pare;Comercial;0;0;2;1;0;0;0;0;0;1;0;0;"-3,73573400000";"-38,51051900000";inter_match
355865;16;3;2020;08:22;0;AV BERNARDO MANUEL;;;7700;;ColisÃ£o Traseira;Luz do Dia;Bom;Seca;Meio de Quadra;NÃ£o HÃ¡ Controle;Comercial;0;0;3;1;0;0;0;0;0;0;0;0;"-3,82896000000";"-38,56036000000";mq_gpsv
355866;16;3;2020;10:49;10998;RUA DOM CARLOTO TAVORA;RUA ALBERTO MAGNO;;;;ColisÃ£o;Luz do Dia;Nublado;Seca;Cruz;Pare;Residencial;0;1;1;1;0;0;0;1;0;0;0;0;"-3,77083200000";"-38,55349500000";inter_match
355868;16;3;2020;12:45;13073;RUA 45 CJ JOSE WALTER;RUA 34 CJ JOSE WALTER;;;;ColisÃ£o Transversal;Luz do Dia;Bom;Seca;Cruz;NÃ£o HÃ¡ Controle;Residencial;0;1;2;1;0;0;0;0;0;1;0;0;"-3,82768100000";"-38,55558200000";inter_match
355869;16;3;2020;18:30;0;AV PRS COSTA E SILVA;;;1726;;ColisÃ£o Lateral;Via Iluminada;Bom;Seca;Meio de Quadra;SemÃ¡foro;Comercial;0;1;1;0;1;1;0;0;0;0;0;0;"-3,81736950000";"-38,56589350000";mq_match
357316;16;3;2020;22:15;0;RUA JATAI D71;;;310;;Queda;;;;Meio de Quadra;;;0;1;0;0;0;1;0;0;0;0;0;0;"-3,83066000000";"-38,58273000000";mq_gpsv
357317;16;3;2020;22:28;0;RUA BERNARDO MANUEL;;;9954;;ColisÃ£o;;;;Meio de Quadra;;;0;1;1;1;0;0;0;0;0;1;0;0;"-3,80434384000";"-38,55310088000";mq_match
357318;16;3;2020;22:38;0;AV GOV RAUL BARBOSA;;;1100;;Queda;;;;Meio de Quadra;;;0;1;0;0;0;0;0;0;0;1;0;0;"-3,76121000000";"-38,50572000000";mq_match
357272;16;3;2020;00:42;21545;RUA TULIPA NEGRA;RUA ALCINO GUANABARA;;;;ColisÃ£o;;;;Cruz;Pare;Rural;0;1;1;1;0;0;0;0;0;1;0;0;"-3,81901000000";"-38,59824800000";inter_match
357273;16;3;2020;01:14;0;AV FRANCISCO SA;;;5174;;ColisÃ£o;;;;Meio de Quadra;;;0;1;1;1;0;0;0;0;0;1;0;0;"-3,71290800000";"-38,57053460000";mq_qgis
357274;16;3;2020;04:33;0;AV DA UNIVERSIDADE;;;;;ColisÃ£o;;;;Meio de Quadra;;;0;1;0;0;0;0;0;0;0;0;0;0;;;
357275;16;3;2020;04:33;0;AV JOAO PESSOA;;;3438;;Queda;;;;Meio de Quadra;;;0;1;0;0;0;0;0;0;0;1;0;0;"-3,74521000000";"-38,54294000000";mq_gpsv
357276;16;3;2020;06:36;0;AV BEZERRA DE MENEZES;;;58;;ColisÃ£o;Luz do Dia;;;Meio de Quadra;;;0;1;0;0;0;0;0;0;0;0;0;0;"-3,73257880000";"-38,54453000000";mq_match
357277;16;3;2020;06:58;0;AV JOR JOAO RAMOS;;;1257;;Queda;Luz do Dia;;;Meio de Quadra;;;0;1;0;0;0;0;0;0;0;1;0;0;"-3,84305800000";"-38,56901400000";mq_match
357278;16;3;2020;07:12;0;AV GAL OSORIO DE PAIVA;;;3399;;ColisÃ£o;Luz do Dia;;;Meio de Quadra;;;0;1;1;1;0;0;0;0;0;1;0;0;"-3,79164000000";"-38,58919000000";mq_gpsv
357279;16;3;2020;07:25;0;AV JOSE BASTOS;;;3070;;Queda;Luz do Dia;;;Meio de Quadra;;;0;1;0;0;0;0;0;0;0;1;0;0;"-3,74765000000";"-38,54749000000";mq_gpsv
357280;16;3;2020;07:39;0;RUA DR JOSE FROTA;;;145;;ColisÃ£o;Luz do Dia;;;Meio de Quadra;;;0;1;1;1;0;0;0;0;0;1;0;0;"-3,72718279000";"-38,48545670000";mq_qgis
357281;16;3;2020;08:20;0;AV GODOFREDO MACIEL;;;2525;;Atropelamento;Luz do Dia;;;Meio de Quadra;;;0;1;1;1;0;0;0;0;0;0;0;0;"-3,79660630000";"-38,56984300000";mq_match
357282;16;3;2020;08:57;0;AV PRS JUSCELINO KUBITSCHEK (PASSARÃ‰);;;3800;;Queda;Luz do Dia;;;Meio de Quadra;;;0;1;0;0;0;0;0;0;0;1;0;0;"-3,81368000000";"-38,52991000000";mq_gpsv
357283;16;3;2020;10:49;26251;AV AMERICO BARREIRA;RUA CEARA;;;;ColisÃ£o;Luz do Dia;;;Cruz;SemÃ¡foro;Comercial;0;1;1;0;0;0;0;0;0;1;0;0;"-3,75996140000";"-38,56418790000";inter_match
357284;16;3;2020;12:02;25522;RUA CARLOTA PINHEIRO;RUA ELISEU UCHOA BECCO;;;;ColisÃ£o;Luz do Dia;;;Meio de Quadra;NÃ£o HÃ¡ Controle;Comercial;0;1;1;1;0;0;0;0;0;1;0;0;"-3,76220320000";"-38,48616400000";inter_match
357285;16;3;2020;15:01;1441;AV SANTOS DUMONT;RUA PRO DIAS DA ROCHA;;;;ColisÃ£o;Luz do Dia;;;Cruz;Pare;Comercial;0;1;0;0;0;0;0;0;0;1;0;0;"-3,73811300000";"-38,49250200000";inter_match
357286;16;3;2020;16:38;0;AV PERIMETRAL;;;;;ColisÃ£o;Luz do Dia;;;Meio de Quadra;;;0;1;0;0;0;0;0;0;0;0;0;0;;;
357287;16;3;2020;17:49;0;AV GAL OSORIO DE PAIVA;;;600;;ColisÃ£o;Anoitecer;;;Meio de Quadra;;;0;1;0;0;0;0;0;0;0;0;0;0;"-3,77649772700";"-38,56787518000";mq_match
357288;16;3;2020;17:55;5199;RUA LIBERATO BARROSO;RUA PRC ISABEL;;;;Atropelamento;Anoitecer;;;Cruz;Pare;Comercial;0;2;0;0;0;1;0;0;0;0;0;0;"-3,72616700000";"-38,53535600000";inter_match
357289;16;3;2020;18:07;0;AV WASHINGTON SOARES;;;;;Atropelamento;Anoitecer;;;Meio de Quadra;;;0;1;1;0;0;0;0;0;0;1;0;0;;;
357290;16;3;2020;18:09;0;RUA MARQUES DE SUCUPIRA;;;160;;Queda;Anoitecer;;;Meio de Quadra;;;0;1;0;0;0;0;0;0;0;1;0;0;"-3,84633693000";"-38,52383990000";mq_qgis
357291;16;3;2020;18:59;5936;AV C CJ CEARA;RUA 1153 CJ CEARA;;;;ColisÃ£o;;;;;;;0;1;1;0;0;0;0;0;0;1;0;0;"-3,76181600000";"-38,60954500000";inter_match
357292;16;3;2020;20:05;0;RUA CLEMENTE PEREIRA;;;386;;Queda;;;;Meio de Quadra;;;0;1;0;0;0;0;0;0;0;1;0;0;"-3,83957000000";"-38,48975000000";mq_gpsv
357293;16;3;2020;21:23;25238;RUA PRISCO BEZERRA;RUA JOSE RANGEL;;;;Queda;;;;Outros;NÃ£o HÃ¡ Controle;Comercial;0;1;0;0;0;0;0;0;0;1;0;0;"-3,73905000000";"-38,46977000000";inter_gpsv
356743;16;3;2020;18:20;0;AV ROGACIANO LEITE;;;1689;;ColisÃ£o;Anoitecer;;;Meio de Quadra;;;0;1;1;1;0;0;0;0;0;0;0;0;"-3,76921150000";"-38,49761000000";mq_match
356745;17;3;2020;18:00;0;RUA EQUADOR;;;818;;Atropelamento;Anoitecer;;;Meio de Quadra;;;0;1;1;1;0;0;0;0;0;0;0;0;"-3,77443420000";"-38,55252437100";mq_match
357090;17;3;2020;17:12;0;RUA MEXICO;;;855;;Queda;Anoitecer;;;Meio de Quadra;;;0;1;0;0;0;1;0;0;0;0;0;0;"-3,73505000000";"-38,57540000000";mq_gpsv
357099;17;3;2020;18:49;0;RUA JOSE VILAR;;;1222;;Queda;;;;Meio de Quadra;;;0;1;0;0;0;0;0;0;0;1;0;0;"-3,73533300000";"-38,50453500000";mq_qgis
357100;17;3;2020;20:34;0;RUA CEL VIRGILIO NOGUEIRA (BOM JARDIM);;;1351;;ColisÃ£o;;;;Meio de Quadra;;;0;1;0;0;0;0;0;0;0;0;0;0;"-3,79526000000";"-38,61061000000";mq_match
357072;17;3;2020;07:23;0;AV 13 DE MAIO;;;1363;;ColisÃ£o;Luz do Dia;;;Meio de Quadra;;;0;1;0;0;0;0;0;0;0;1;0;0;"-3,74800000000";"-38,53089800000";mq_gpsv
357073;17;3;2020;07:44;0;AV GAL OSORIO DE PAIVA;;;4425;;ColisÃ£o;Luz do Dia;;;Meio de Quadra;;;0;1;0;1;0;0;0;0;0;1;0;0;"-3,79738572000";"-38,59494840000";mq_qgis
357074;17;3;2020;08:38;0;RUA MONTE PASCOAL;;;710;;ColisÃ£o;Luz do Dia;;;Meio de Quadra;;;0;1;0;1;0;0;0;0;0;1;0;0;"-3,80640920000";"-38,59681250000";mq_match
357075;17;3;2020;10:10;0;RUA BRAGANCA;;;1200;;ColisÃ£o;Luz do Dia;;;Meio de Quadra;;;0;1;0;1;0;0;0;0;0;1;0;0;"-3,78443900000";"-38,59751680000";mq_qgis
357076;17;3;2020;10:41;0;RUA SAO PAULO;;;1630;;Queda;Luz do Dia;;;Meio de Quadra;;;0;1;0;0;0;0;0;0;0;1;0;0;"-3,81214000000";"-38,62752000000";mq_gpsv
357077;17;3;2020;10:56;0;RUA TEODORO DE CASTRO;;;1175;;ColisÃ£o;Luz do Dia;;;Meio de Quadra;;;0;1;0;1;0;0;0;0;0;1;0;0;"-3,78061000000";"-38,60196700000";mq_qgis
357078;17;3;2020;11:20;6749;RUA DR GILBERTO STUDART;RUA BATISTA DE OLIVEIRA;;;;ColisÃ£o;Luz do Dia;;;Cruz;Pare;Residencial;0;1;0;1;0;0;0;0;0;0;0;0;"-3,74373400000";"-38,48058100000";inter_match
357079;17;3;2020;11:47;0;RUA MANDACARU D69;;;11205;;Atropelamento;Luz do Dia;;;Meio de Quadra;;;0;1;1;1;0;0;0;0;0;0;0;0;;;
357080;17;3;2020;12:26;0;AV SEN CARLOS JEREISSATI (AEROPORTO);;;;;Queda;Luz do Dia;;;Meio de Quadra;;;0;1;0;0;0;1;0;0;0;0;0;0;;;
357081;17;3;2020;12:32;0;RUA DR PERIGUARI;;;345;;ColisÃ£o;Luz do Dia;;;Meio de Quadra;;;0;1;0;1;0;0;0;0;0;1;0;0;"-3,74239000000";"-38,58605000000";mq_gpsv
357084;17;3;2020;13:45;0;RUA DAURA;;;324;;ColisÃ£o;Luz do Dia;;;Meio de Quadra;;;0;1;0;0;0;0;0;0;0;0;0;0;"-3,82287936000";"-38,50637310000";mq_qgis
357085;17;3;2020;14:19;25636;RUA PORTO VELHO;RUA SAO LUIS D30;;;;ColisÃ£o;Luz do Dia;;;Cruz;Outros;Residencial;0;1;0;1;0;0;0;0;0;1;0;0;"-3,76219000000";"-38,59403000000";inter_gpsv
357086;17;3;2020;17:02;0;AV FRE CIRILO;;;3720;;ColisÃ£o;Anoitecer;;;Meio de Quadra;;;0;1;0;1;0;0;0;0;0;1;0;0;"-3,81680800000";"-38,49763000000";mq_qgis
357068;17;3;2020;00:56;0;AV GAL OSORIO DE PAIVA;;;;;ColisÃ£o;;;;Meio de Quadra;;;0;1;0;0;0;1;0;0;0;0;0;0;;;
355870;17;3;2020;01:39;0;AV GAL OSORIO DE PAIVA;;;2466;;Choque c/ ObstÃ¡culo Fixo;Via Iluminada;Bom;Seca;Meio de Quadra;NÃ£o HÃ¡ Controle;Residencial;0;0;1;1;0;0;0;0;0;0;0;0;"-3,78739000000";"-38,58517000000";mq_gpsv
355871;17;3;2020;01:39;0;AV BERNARDO MANUEL;RUA B;;0;;ColisÃ£o Lateral;Via Iluminada;Nublado;Molhada;Meio de Quadra;Pare;Comercial;0;1;1;1;0;0;0;0;0;1;0;0;"-3,83539000000";"-38,56261000000";inter_gpsv
355872;17;3;2020;06:42;0;AV OLIVEIRA PAIVA;;;2601;;ColisÃ£o Traseira;Luz do Dia;Nublado;Seca;Meio de Quadra;NÃ£o HÃ¡ Controle;Comercial;0;1;1;1;0;0;0;0;0;1;0;0;"-3,79603500000";"-38,48355900000";mq_match
355873;17;3;2020;15:24;5202;RUA PEREIRA FILGUEIRAS;RUA RODRIGUES JUNIOR;;0;;ColisÃ£o Transversal;Luz do Dia;Bom;Seca;Cruz;Pare;Comercial;0;0;2;0;0;0;0;0;0;0;0;0;"-3,72630400000";"-38,51921300000";inter_match
355874;17;3;2020;19:55;0;RUA METON DE ALENCAR;RUA VINTE QUATRO DE MAIO;;0;;ColisÃ£o Lateral;Via Iluminada;Bom;Seca;Meio de Quadra;;;0;1;1;0;1;0;0;0;0;1;0;0;"-3,73262450000";"-38,53391300000";inter_match
355989;17;3;2020;19:40;0;AV SEN CARLOS JEREISSATI (AEROPORTO);;;;KM 04;ColisÃ£o;;;Seca;Meio de Quadra;;;0;1;1;0;0;0;1;0;0;1;0;0;"-3,77402000000";"-38,55090700000";rod_match
355990;18;3;2020;06:40;0;AV WASHINGTON SOARES;;;10507;;Outros;Luz do Dia;;Molhada;Meio de Quadra;;;0;2;0;0;0;0;0;0;0;1;0;0;"-3,84054000000";"-38,47989000000";mq_gpsv
355964;18;3;2020;22:23;12561;RUA CARIUS;RUA GEORGE CAVALCANTE;;;;ColisÃ£o Lateral;Via Iluminada;Bom;Seca;Cruz;NÃ£o HÃ¡ Controle;Residencial;0;1;1;1;0;0;0;0;0;1;0;0;"-3,72194000000";"-38,59233000000";inter_gpsv
355875;18;3;2020;15:50;7733;RUA BAR SOBRAL;AV JOAO PESSOA;;;;ColisÃ£o Lateral;Luz do Dia;Bom;Seca;Cruz;SemÃ¡foro;Comercial;0;0;2;0;1;0;0;0;0;0;0;0;"-3,76450960000";"-38,55870570000";inter_match
355876;18;3;2020;17:10;0;RUA PDE PEDRO DE ALENCAR;;;2230;;ColisÃ£o Traseira;Luz do Dia;Bom;Seca;Meio de Quadra;NÃ£o HÃ¡ Controle;Comercial;0;1;2;0;0;0;0;1;0;1;0;0;"-3,84754047000";"-38,49472202000";mq_match
355877;18;3;2020;19:14;5457;RUA ANTONIO POMPEU;RUA ASSUNCAO;;;;ColisÃ£o Transversal;Luz do Dia;Bom;Seca;Cruz;SemÃ¡foro;Comercial;0;1;1;1;0;0;0;0;0;1;0;0;"-3,73532900000";"-38,52892700000";inter_match
355878;18;3;2020;19:30;24956;AV ALM HENRIQUE SABOIA;AV ENG ALBERTO SA;;;;Atropelamento;Anoitecer;Bom;Seca;Meio de Quadra;NÃ£o HÃ¡ Controle;Residencial;1;1;0;0;0;0;0;0;0;1;0;0;"-3,73249900000";"-38,48289000000";inter_match
355879;18;3;2020;16:08;542;AV FRANCISCO SA;RUA TOMAS GONZAGA;;0;;ColisÃ£o Lateral;Luz do Dia;Bom;Seca;T;NÃ£o HÃ¡ Controle;Comercial;0;1;1;1;0;0;0;0;0;1;0;0;"-3,71338000000";"-38,56920000000";inter_gpsv
355890;18;3;2020;09:29;0;AV DOS EXPEDICIONARIOS;;;4126;;ColisÃ£o Traseira;Luz do Dia;Bom;Seca;Meio de Quadra;SemÃ¡foro;Residencial;0;0;4;1;0;0;0;0;0;0;0;0;"-3,75461245000";"-38,53804750000";mq_qgis
357101;18;3;2020;05:39;0;AV LIBERDADE;;;;;ColisÃ£o;Amanhecer;;;Meio de Quadra;;;0;1;0;1;0;0;0;0;0;1;0;0;;;
357102;18;3;2020;07:07;0;AV PRS CASTELO BRANCO;;;5494;;ColisÃ£o;Luz do Dia;;;Meio de Quadra;;;0;1;0;0;0;0;0;0;0;1;0;0;"-3,70353750000";"-38,58004400000";mq_match
357103;18;3;2020;07:12;0;AV AMERICO BARREIRA;;;5290;;ColisÃ£o;Luz do Dia;;;Meio de Quadra;;;0;1;0;0;0;0;0;0;0;0;0;0;"-3,75986000000";"-38,56418000000";mq_gpsv
357104;18;3;2020;09:56;0;AV DR THEBERGE;;;;;ColisÃ£o;Luz do Dia;;;Meio de Quadra;;;0;1;0;1;0;0;0;0;0;1;0;0;;;
357105;18;3;2020;10:13;0;RUA NAT FEIJO;;;740;;Atropelamento;Luz do Dia;;;Meio de Quadra;;;0;1;0;1;0;0;0;0;0;0;0;0;"-3,72166000000";"-38,55554000000";mq_match
357106;18;3;2020;10:21;0;AV CASTELO DE CASTRO;;;267;;ColisÃ£o;Luz do Dia;;;Meio de Quadra;;;0;1;0;1;0;0;0;0;0;1;0;0;"-3,83151000000";"-38,52138000000";mq_gpsv
357107;18;3;2020;10:28;0;AV GODOFREDO MACIEL;;;;;ColisÃ£o;Luz do Dia;;;Meio de Quadra;;;0;2;0;0;0;0;0;0;0;1;0;0;;;
357111;18;3;2020;13:30;0;RUA SOUSA CARVALHO;;;432;;ColisÃ£o;Luz do Dia;;;Meio de Quadra;;;0;1;0;1;0;0;0;0;0;1;0;0;"-3,78385309000";"-38,58774000000";mq_qgis
357109;18;3;2020;13:17;0;AV DUQ CAXIAS;;;2037;;ColisÃ£o;Luz do Dia;;;Meio de Quadra;;;0;1;0;0;0;0;0;0;0;1;0;0;"-3,72763700000";"-38,54270100000";mq_match
357155;18;3;2020;18:51;0;RUA AZEVEDO BOLAO;;;1284;;ColisÃ£o;;;;Meio de Quadra;;;0;1;0;0;0;0;0;0;0;0;0;0;"-3,73623180000";"-38,55564080000";mq_qgis
357175;18;3;2020;19:03;0;RUA RIO GRANDE DO NORTE;;;638;;Queda;;;;Meio de Quadra;;;0;1;0;0;0;0;0;0;0;1;0;0;"-3,76035000000";"-38,56479000000";mq_gpsv
357315;18;3;2020;19:43;0;RUA CAP HUGO BEZERRA;;;55;;Atropelamento;;;;Meio de Quadra;;;0;1;0;0;0;0;0;0;0;0;0;0;"-3,82129500000";"-38,50333000000";mq_qgis
357143;18;3;2020;17:40;0;AV WENEFRIDO MELO;;;;;ColisÃ£o;Anoitecer;;;Meio de Quadra;;;0;1;0;0;0;0;0;0;0;1;0;0;;;
357141;18;3;2020;17:19;0;AV PRS COSTA E SILVA;;;;;Atropelamento;Anoitecer;;;Meio de Quadra;;;0;1;1;0;0;1;0;0;0;0;0;0;;;
357130;18;3;2020;14:50;0;RUA URUCUTUBA;;;531;;ColisÃ£o;Luz do Dia;;;Meio de Quadra;;;0;1;0;1;0;0;0;0;0;0;0;0;"-3,79720689000";"-38,60069950000";mq_qgis
357113;18;3;2020;13:41;0;RUA ASSUNCAO;;;939;;ColisÃ£o;Luz do Dia;;;Meio de Quadra;;;0;1;0;1;0;0;0;0;0;1;0;0;"-3,73834000000";"-38,52970000000";mq_gpsv
357147;18;3;2020;18:35;0;AV DO PASSARE;;;750;;ColisÃ£o;;;;Meio de Quadra;;;0;1;0;1;0;0;0;0;0;1;0;0;"-3,80456200000";"-38,54504420000";mq_gpsv
357151;18;3;2020;18:48;0;AV ANTONIO SALES;;;454;;ColisÃ£o;;;;Meio de Quadra;;;0;1;0;1;0;0;0;0;0;1;0;0;"-3,74077824000";"-38,51744570000";mq_qgis
357152;18;3;2020;18:49;0;AV PAROARAS;;;3750;;Queda;;;;Meio de Quadra;;;0;2;0;0;0;0;0;0;0;1;0;0;;;
357149;18;3;2020;18:42;0;RD BR 116;;;;;Atropelamento;;;;Meio de Quadra;;;0;1;0;0;0;0;0;0;0;1;0;0;;;
356746;18;3;2020;10:00;0;RUA PRO CARVALHO;;;4136;;ColisÃ£o;Luz do Dia;;;Meio de Quadra;;;0;1;1;1;0;0;0;0;0;0;0;0;"-3,75762050000";"-38,51399750000";mq_qgis