COD_ACIDENTE;DIA;MES;ANO;HORA;INTERSECAO;LOG1;LOG2;LOG3;NUMERO;REFERENCIA;NATUREZA;ILUMINACAO;TEMPO;SUPERFICIEPISTA;TIPOCRUZAMENTO;CONTROLETRAFEGO;USOSOLO;MORTOS;FERIDOS;ILESOS;AUTOMOVEL;ONIBUS;BICICLETA;CAMINHAO;MICROONIBUS;CICLOMOTOR;MOTOCICLETA;TRACAOANIMAL;TREM;LATITUDE;LONGITUDE;METODO
356747;18;3;2020;10:15;12837;AV DOMINGOS OLIMPIO;RUA JAIME BENEVOLO;;;;ColisÃ£o;Luz do Dia;;;Cruz;SemÃ¡foro;Comercial;0;1;1;1;0;0;0;0;0;1;0;0;"-3,73778000000";"-38,52724500000";inter_match
356748;18;3;2020;14:36;5451;AV DOM MANUEL;RUA BARBARA DE ALENCAR;;;;ColisÃ£o;Luz do Dia;;;Cruz;SemÃ¡foro;Comercial;0;1;1;1;0;0;0;0;0;1;0;0;"-3,73497200000";"-38,52326200000";inter_match
357508;19;3;2020;15:44;0;RUA PDE MANUEL PRIMO;;;763;;ColisÃ£o;Luz do Dia;;;Meio de Quadra;;;0;1;0;0;0;0;0;0;0;1;0;0;"-3,73324046000";"-38,58946020000";mq_qgis
357477;19;3;2020;08:57;0;AV VIS RIO BRANCO;;;2390;;ColisÃ£o;Luz do Dia;;;Meio de Quadra;;;0;1;0;1;0;0;0;0;0;1;0;0;"-3,74194999000";"-38,52287890000";mq_qgis
357505;19;3;2020;15:09;8014;RUA MACHADO DE ASSIS;RUA PRO COSTA MENDES;;;;ColisÃ£o;Luz do Dia;;;Cruz;SemÃ¡foro;Residencial;0;2;0;1;0;0;0;0;0;0;0;0;"-3,75165200000";"-38,55028800000";inter_match
357499;19;3;2020;14:34;0;RUA PERILIO TEIXEIRA;;;1052;;ColisÃ£o;Luz do Dia;;;Meio de Quadra;;;0;1;0;1;0;0;0;0;0;1;0;0;"-3,75547954000";"-38,60111550000";mq_qgis
357479;19;3;2020;10:47;0;RUA SILVA PAULET;;;2501;;ColisÃ£o;Luz do Dia;;;Meio de Quadra;;;0;1;0;1;0;0;0;0;0;1;0;0;"-3,74578500000";"-38,50909400000";mq_qgis
357480;19;3;2020;12:17;0;RUA TEODOMIRO DE CASTRO;;;4585;;ColisÃ£o;Luz do Dia;;;Meio de Quadra;;;0;1;0;1;0;0;0;0;0;1;0;0;"-3,71820900000";"-38,57335700000";mq_match
357474;19;3;2020;08:17;13285;AV G CJ JOSE WALTER;AV J CJ JOSE WALTER;;;;ColisÃ£o;Luz do Dia;;;;;;0;1;0;1;0;0;0;0;0;0;0;0;"-3,83815900000";"-38,55781800000";inter_match
357511;19;3;2020;19:11;0;AV FRANCISCO SA;;;847;;Atropelamento;;;;Meio de Quadra;;;0;1;0;0;0;0;0;0;0;1;0;0;"-3,72269000000";"-38,54140000000";mq_gpsv
355880;19;3;2020;14:11;5310;RUA PEDRO PEREIRA;RUA MAJ FACUNDO;;;;ColisÃ£o Frontal;Luz do Dia;Bom;Seca;Cruz;SemÃ¡foro;Comercial;0;1;1;1;0;1;0;0;0;0;0;0;"-3,72963570000";"-38,52902200000";inter_match
355881;19;3;2020;14:40;3238;RUA ANSELMO NOGUEIRA;RUA PRIMEIRO DE MAIO D34;;;;ColisÃ£o;Luz do Dia;Nublado;Seca;Cruz;Pare;Comercial;0;2;0;1;0;0;0;0;0;1;0;0;"-3,78310800000";"-38,58775300000";inter_match
355882;19;3;2020;16:20;12837;AV DOMINGOS OLIMPIO;RUA JAIME BENEVOLO;;;;ColisÃ£o Transversal;Luz do Dia;Nublado;Seca;Cruz;SemÃ¡foro;Comercial;0;1;1;1;0;0;0;1;0;0;0;0;"-3,73778000000";"-38,52724500000";inter_match
355883;19;3;2020;15:35;0;RUA BAR AQUIRAZ;RUA MARIA ALMEIDA;;;;ColisÃ£o Traseira;Luz do Dia;Nublado;Seca;Meio de Quadra;;;0;1;2;1;0;0;0;0;0;1;0;0;"-3,85033000000";"-38,47540000000";inter_gpsv
355991;19;3;2020;04:40;0;AV SEN CARLOS JEREISSATI (AEROPORTO);;;;KM 04;Capotamento;;;Seca;Meio de Quadra;;;0;1;0;1;0;0;0;0;0;0;0;0;"-3,77402000000";"-38,55090700000";rod_match
355884;20;3;2020;06:45;22176;AV ENG HUMBERTO MONTE;AV JOSE BASTOS;;;;ColisÃ£o Lateral;Luz do Dia;Bom;Molhada;T;SemÃ¡foro;Comercial;0;1;1;0;0;0;0;0;0;1;0;0;"-3,75496600000";"-38,55545500000";inter_match
355885;20;3;2020;07:25;0;AV DOM MANUEL;;;929;;Engavetamento;Luz do Dia;Chuva;Molhada;Meio de Quadra;NÃ£o HÃ¡ Controle;Comercial;0;1;2;1;0;0;0;0;0;1;0;0;"-3,73221660000";"-38,52231200000";mq_match
355886;20;3;2020;08:27;0;AV ENG ALBERTO SA;;;0;;ColisÃ£o Lateral;Via Iluminada;Chuva;Inundada;Outros;NÃ£o HÃ¡ Controle;Comercial;0;2;0;0;0;0;0;0;0;1;0;0;"-3,73590550000";"-38,47114250000";mq_boat
355887;20;3;2020;09:20;0;RUA COSTA BARROS;;;1800;;ColisÃ£o Lateral;Luz do Dia;Nublado;Seca;Meio de Quadra;SemÃ¡foro;Comercial;0;0;2;0;1;0;0;0;0;0;0;0;"-3,73152600000";"-38,50798400000";mq_qgis
355888;20;3;2020;10:20;3819;AV CARAPINIMA;RUA JUVENAL GALENO;;0;SHOPPING BENFICA;ColisÃ£o Traseira;Luz do Dia;Chuva;Molhada;Cruz;SemÃ¡foro;Comercial;0;0;1;1;0;0;0;0;0;1;0;0;"-3,73899800000";"-38,53917600000";inter_match
355889;20;3;2020;20:01;0;AV GOV PARSIFAL BARROSO;;;0;;ColisÃ£o Lateral;Mal Iluminada;Bom;Seca;Meio de Quadra;NÃ£o HÃ¡ Controle;Comercial;0;1;1;1;0;0;0;0;0;1;0;0;"-3,73573800000";"-38,56902000000";mq_match
357540;20;3;2020;07:01;2329;AV FRANCISCO SA;RUA AMADEU DE CASTRO;;;;Queda;Luz do Dia;;;T;NÃ£o HÃ¡ Controle;Comercial;0;1;0;0;0;1;0;0;0;0;0;0;"-3,70428000000";"-38,58955000000";inter_gpsv
357548;20;3;2020;09:30;0;RUA ALVES BEZERRA;;;361;;ColisÃ£o;Luz do Dia;;;Meio de Quadra;;;0;1;0;1;0;0;0;0;0;1;0;0;"-3,80751867000";"-38,60906000000";mq_qgis
357560;20;3;2020;10:34;0;AV ISABEL BEZERRA;;;1043;;ColisÃ£o;Luz do Dia;;;Meio de Quadra;;;0;1;0;0;0;0;0;0;0;1;0;0;"-3,80553970000";"-38,62953650000";mq_gpsv
357561;20;3;2020;11:34;0;RUA DES LEITE ALBUQUERQUE;;;;;Queda;Luz do Dia;;;Meio de Quadra;;;0;1;0;0;0;0;0;0;0;1;0;0;;;
357562;20;3;2020;12:22;0;RUA SEN ALMINO;;;264;;Atropelamento;Luz do Dia;;;Meio de Quadra;;;0;1;0;1;0;0;0;0;0;0;0;0;"-3,72226195000";"-38,51794260000";mq_qgis
357563;20;3;2020;12:33;5451;AV DOM MANUEL;RUA BARBARA DE ALENCAR;;;;ColisÃ£o;Luz do Dia;;;Cruz;SemÃ¡foro;Comercial;0;1;0;1;0;0;0;0;0;1;0;0;"-3,73497200000";"-38,52326200000";inter_match
357564;20;3;2020;12:50;25588;RUA HIL MORAES;RUA ROBERTO SILVA;;;;ColisÃ£o;Luz do Dia;;;Cruz;Pare;Residencial;0;1;1;1;0;1;0;0;0;0;0;0;"-3,77250500000";"-38,47458800000";inter_match
357565;20;3;2020;13:21;0;RD BR 116;;;1000;KM-01;ColisÃ£o;Luz do Dia;;;Meio de Quadra;;;0;1;0;0;0;0;0;0;0;0;0;0;"-3,76255400000";"-38,51870200000";rod_match
357566;20;3;2020;14:51;0;AV BAR STUDART;;;1501;;Atropelamento;Luz do Dia;;;Meio de Quadra;;;0;1;0;0;0;0;0;0;0;1;0;0;"-3,73763200000";"-38,50756700000";mq_qgis
357687;20;3;2020;16:19;0;AV MR HULL;;;;;ColisÃ£o;Luz do Dia;;;Meio de Quadra;;;0;1;0;0;0;0;0;0;0;0;0;0;;;
357688;20;3;2020;17:35;0;AV DEP PAULINO ROCHA;;;46;;ColisÃ£o;Anoitecer;;;Meio de Quadra;;;0;1;0;1;0;0;0;0;0;1;0;0;"-3,80173800000";"-38,50748700000";mq_match
357689;20;3;2020;18:18;0;AV MAE LISBOA;;;2200;;ColisÃ£o;Anoitecer;;;Meio de Quadra;;;0;1;0;0;0;0;0;0;0;0;0;0;"-3,80733800000";"-38,45979200000";mq_match
357690;20;3;2020;18:38;0;RUA BERNARDO MANUEL;;;9981;;Atropelamento;;;;Meio de Quadra;;;0;1;0;1;0;0;0;0;0;0;0;0;"-3,80591500000";"-38,55344000000";mq_match
357691;20;3;2020;18:56;0;AV PRO JOSE ARTHUR CARVALHO;;;2216;;Atropelamento;;;;Meio de Quadra;;;0;1;0;0;0;0;0;0;0;1;0;0;"-3,82453692000";"-38,45930750000";mq_qgis
357692;20;3;2020;19:25;13414;AV ANTONIO SALES;RUA CARLOS VASCONCELOS;;;;ColisÃ£o;;;;Cruz;SemÃ¡foro;Comercial;0;1;0;0;0;0;0;0;0;1;0;0;"-3,74194200000";"-38,51372600000";inter_match
357693;20;3;2020;20:53;0;AV GODOFREDO MACIEL;;;3000;;Atropelamento;;;;Meio de Quadra;;;0;1;0;0;0;0;0;0;0;1;0;0;"-3,80202077800";"-38,57165256000";mq_match
357694;20;3;2020;21:09;0;AV DR SILAS MUNGUBA;;;614;;Queda;;;;Meio de Quadra;;;0;1;0;0;0;0;0;0;0;1;0;0;"-3,77925750000";"-38,56080600000";mq_match
357695;20;3;2020;21:46;0;RUA SGT JOAO PINHEIRO;;;333;;ColisÃ£o;;;;Meio de Quadra;;;0;1;0;0;0;0;0;0;0;1;0;0;"-3,77905000000";"-38,62172000000";mq_gpsv
357696;20;3;2020;23:53;0;RUA CEARA;;;1635;;Queda;;;;Meio de Quadra;;;0;1;0;0;0;0;0;0;0;1;0;0;"-3,75556200000";"-38,57106300000";mq_qgis
357543;20;3;2020;07:31;239;RUA CRUZ SALDANHA;AV JOVITA FEITOSA;;;;ColisÃ£o;Luz do Dia;;;Cruz;NÃ£o HÃ¡ Controle;Comercial;0;2;0;0;0;0;0;0;0;1;0;0;"-3,73920500000";"-38,55317400000";inter_match
357544;20;3;2020;07:54;0;AV BORGES DE MELO;;;;;ColisÃ£o;Luz do Dia;;;Meio de Quadra;;;0;1;1;1;0;1;0;0;0;0;0;0;;;
357546;20;3;2020;08:33;0;RUA TEODOMIRO DE CASTRO;;;6526;;ColisÃ£o;Luz do Dia;;;;;;0;1;0;0;0;0;0;0;0;1;0;0;"-3,71618500000";"-38,57858400000";mq_match
356763;20;3;2020;06:20;0;RUA SAO PAULO;;;2190;;Choque c/ ObstÃ¡culo Fixo;Luz do Dia;;;Meio de Quadra;;;0;1;0;1;0;0;0;0;0;0;0;0;"-3,72038700000";"-38,54464600000";mq_qgis
356765;20;3;2020;08:30;0;AV DOMINGOS OLIMPIO;;;1928;;Atropelamento;Luz do Dia;;;Meio de Quadra;;;0;1;1;1;0;0;0;0;0;0;0;0;"-3,73359765000";"-38,54042870000";mq_qgis
356766;20;3;2020;13:30;0;RD BR 116;;;1000;KM-01;Choque c/ ObstÃ¡culo Fixo;Luz do Dia;;;Meio de Quadra;;;0;0;1;0;0;0;0;0;0;0;0;0;"-3,76255400000";"-38,51870200000";rod_match
357514;20;3;2020;01:12;0;AV BENJAMIM BRASIL;;;537;;Queda;;;;Meio de Quadra;;;0;1;0;0;0;0;0;0;0;1;0;0;"-3,80418600000";"-38,56906600000";mq_qgis
356767;21;3;2020;10:20;0;RUA SOUSA PINTO;;;83;;Choque c/ ObstÃ¡culo Fixo;Luz do Dia;;;Meio de Quadra;;;0;1;0;0;0;0;0;0;0;1;0;0;"-3,76219000000";"-38,51648000000";mq_gpsv
356768;21;3;2020;12:10;5628;RUA TEN NICOLAU;RUA TEOFREDO GOIANA;;;;ColisÃ£o;Luz do Dia;;;;;;0;2;2;1;0;0;0;0;0;1;0;0;"-3,78918000000";"-38,50526000000";inter_gpsv
356703;21;3;2020;20:48;0;RD BR 222;;;;KM-02;ColisÃ£o Transversal;;Bom;Seca;Meio de Quadra;;;0;3;1;0;0;0;0;0;0;1;0;0;"-3,74036240000";"-38,59699610000";rod_match
357738;21;3;2020;17:10;0;RUA STA ELISA D21;;;725;;Queda;Anoitecer;;;Meio de Quadra;;;0;1;0;0;0;1;0;0;0;0;0;0;"-3,70654000000";"-38,55951720000";mq_qgis
357724;21;3;2020;15:24;0;AV GAL OSORIO DE PAIVA;;;;;ColisÃ£o;Luz do Dia;;;Meio de Quadra;;;0;1;0;1;0;0;0;0;0;1;0;0;;;
357742;21;3;2020;17:51;0;AV PRS JUSCELINO KUBITSCHEK (PASSARÃ‰);;;5451;;ColisÃ£o;Anoitecer;;;Meio de Quadra;;;0;1;0;1;0;0;0;0;0;1;0;0;"-3,82333800000";"-38,53677900000";mq_match
357751;21;3;2020;19:16;0;RUA ITAQUERA;;;560;;Queda;;;;Meio de Quadra;;;0;1;0;0;0;1;0;0;0;0;0;0;"-3,84005000000";"-38,51149000000";mq_gpsv
357752;21;3;2020;19:24;0;RUA PINHO PESSOA;;;1480;;ColisÃ£o;;;;Meio de Quadra;;;0;2;0;0;0;0;0;0;0;1;0;0;"-3,74590200000";"-38,50854000000";mq_qgis
357753;21;3;2020;21:42;0;AV SANTOS DUMONT;;;955;;ColisÃ£o;;;;Meio de Quadra;;;0;1;0;1;0;0;0;0;0;1;0;0;"-3,73076000000";"-38,51496000000";mq_gpsv
357754;21;3;2020;23:26;0;AV SEN FERNANDES TAVORA;;;1262;;ColisÃ£o;;;;Meio de Quadra;;;0;1;0;0;0;0;0;0;0;0;0;0;"-3,76111400000";"-38,58418000000";mq_qgis
357755;21;3;2020;23:35;0;RUA STA ROSALIA;;;86;;ColisÃ£o;;;;Meio de Quadra;;;0;1;0;0;0;0;0;0;0;0;0;0;"-3,83326623000";"-38,50316950000";mq_qgis
357756;21;3;2020;23:56;0;RUA COM GARCIA;;;2480;;Queda;;;;Meio de Quadra;;;0;1;0;0;0;0;0;0;0;1;0;0;"-3,78626000000";"-38,57674000000";mq_gpsv
357697;21;3;2020;05:00;0;AV JOR THOMAZ COELHO;;;1680;;ColisÃ£o;Amanhecer;;;Meio de Quadra;;;0;1;0;0;0;0;0;0;0;0;0;0;"-3,82959200000";"-38,51044600000";mq_match
357698;21;3;2020;08:40;0;AV JOAO PESSOA;;;5609;;ColisÃ£o;Luz do Dia;;;Meio de Quadra;;;0;1;1;1;0;1;0;0;0;0;0;0;"-3,75965100000";"-38,55583000000";mq_match
357699;21;3;2020;12:16;0;RUA CON DE CASTRO;;;8826;;ColisÃ£o;Luz do Dia;;;Meio de Quadra;;;0;1;0;0;0;0;0;0;0;0;0;0;"-3,82184670000";"-38,60441600000";mq_match
357700;21;3;2020;12:21;0;AV ALM HENRIQUE SABOIA;;;;;Queda;Luz do Dia;;;Meio de Quadra;;;0;1;0;0;0;0;0;0;0;1;0;0;;;
357701;21;3;2020;14:46;0;AV DOS EXPEDICIONARIOS;;;;;ColisÃ£o;Luz do Dia;;;Meio de Quadra;;;0;1;0;1;0;0;0;0;0;1;0;0;;;
355891;21;3;2020;14:28;1450;RUA JOSE VILAR;RUA JOAO CARVALHO;;;;ColisÃ£o Transversal;Luz do Dia;Nublado;Seca;Cruz;SemÃ¡foro;Comercial;0;1;1;1;0;0;0;0;0;1;0;0;"-3,73831800000";"-38,50547700000";inter_match
355892;21;3;2020;13:23;22109;RUA GUSTAVO BRAGA;RUA MON FURTADO;;;;ColisÃ£o Transversal;Luz do Dia;Bom;Seca;Cruz;Pare;Residencial;0;1;1;0;0;0;0;0;0;1;0;0;"-3,75047700000";"-38,55320300000";inter_match
355893;21;3;2020;15:59;25069;AV DOS EXPEDICIONARIOS;RUA RAUL CABRAL;;;;Choque c/ ObstÃ¡culo Fixo;Luz do Dia;Bom;Seca;Cruz;SemÃ¡foro;Residencial;0;1;0;1;0;0;0;0;0;0;0;0;"-3,76960900000";"-38,54259000000";inter_match
355894;22;3;2020;19:22;0;AV SEN FERNANDES TAVORA;;;44;;Choque c/ ObstÃ¡culo Fixo;Via Iluminada;Bom;Seca;Meio de Quadra;Gesto;Comercial;0;1;0;0;0;0;0;0;0;0;0;0;"-3,75379000000";"-38,60561000000";mq_match
355895;22;3;2020;23:50;0;AV GOV RAUL BARBOSA;;;5598;;Choque c/ ObstÃ¡culo Fixo;Via Iluminada;Bom;Seca;Meio de Quadra;NÃ£o HÃ¡ Controle;Comercial;0;1;0;1;0;0;0;0;0;0;0;0;"-3,76819650000";"-38,50980000000";mq_match
357757;22;3;2020;05:23;0;AV SGT HERMINIO SAMPAIO;;;4207;;ColisÃ£o;Amanhecer;;;Meio de Quadra;;;0;1;0;1;0;0;0;0;0;0;0;0;"-3,73087973000";"-38,57764660000";mq_qgis
357758;22;3;2020;05:54;0;RUA TAVARES COUTINHO;;;2124;;Queda;Amanhecer;;;Meio de Quadra;;;0;1;0;0;0;0;0;0;0;1;0;0;"-3,73247250000";"-38,48441450000";mq_qgis
357775;22;3;2020;10:57;25345;RUA VITORIA (AV. PERIMETRAL);RUA PORTO VELHO;;;;ColisÃ£o;Luz do Dia;;;Cruz;SemÃ¡foro;Comercial;0;2;0;1;0;0;0;0;0;1;0;0;"-3,76517000000";"-38,58852800000";inter_match
357776;22;3;2020;11:53;0;AV ALBERTO CRAVEIRO;;;1175;;ColisÃ£o;Luz do Dia;;;Meio de Quadra;;;0;1;1;0;0;1;0;0;0;1;0;0;"-3,79096800000";"-38,51714900000";mq_qgis
357777;22;3;2020;12:14;0;AV 13 DE MAIO;;;1363;;ColisÃ£o;Luz do Dia;;;Meio de Quadra;;;0;1;0;1;0;0;0;0;0;1;0;0;"-3,74800000000";"-38,53089800000";mq_gpsv
357778;22;3;2020;15:11;0;AV ENG HUMBERTO MONTE;;;;;Queda;Luz do Dia;;;Meio de Quadra;;;0;1;0;0;0;0;0;0;0;1;0;0;;;
357779;22;3;2020;16:32;0;AV ALBERTO CRAVEIRO;;;;;ColisÃ£o;Luz do Dia;;;Meio de Quadra;;;0;1;0;0;0;0;0;0;0;0;0;0;;;
357780;22;3;2020;16:41;0;RUA BERNARDO MANUEL;;;7200;;Atropelamento;Luz do Dia;;;Meio de Quadra;;;0;1;0;0;0;0;0;0;0;0;0;0;"-3,78126800000";"-38,54607400000";mq_match
357781;22;3;2020;17:04;0;RUA EVILASIO A MIRANDA;;;1072;;ColisÃ£o;Anoitecer;;;Meio de Quadra;;;0;1;0;1;0;0;0;0;0;1;0;0;;;
357782;22;3;2020;20:22;0;RUA POMPILIO GOMES;;;1624;;ColisÃ£o;;;;Meio de Quadra;;;0;1;0;0;0;0;0;0;0;0;0;0;"-3,82600791000";"-38,52116520000";mq_qgis
357783;22;3;2020;22:03;0;AV SIQUEIRA CAMPOS;;;1061;;Queda;;;;Meio de Quadra;;;0;1;0;0;0;0;0;0;0;1;0;0;"-3,81583300000";"-38,62532700000";mq_match
357766;22;3;2020;06:59;0;AV GAL OSORIO DE PAIVA;;;5435;;Queda;Luz do Dia;;;Meio de Quadra;;;0;2;0;0;0;0;0;0;0;1;0;0;"-3,80470800000";"-38,60205900000";mq_match
357771;22;3;2020;09:41;12925;AV DOMINGOS OLIMPIO;AV AGUANAMBI;;;;Atropelamento;Luz do Dia;;;Cruz;SemÃ¡foro;Comercial;0;2;0;0;0;0;0;0;0;1;0;0;"-3,73878740000";"-38,52450000000";inter_match
357769;22;3;2020;08:32;0;RUA JOAQUIM MACHADO;;;281;;ColisÃ£o;Luz do Dia;;;Meio de Quadra;;;0;1;0;0;0;0;0;0;0;1;0;0;"-3,86091375000";"-38,49444800000";mq_qgis
356774;22;3;2020;20:15;15835;RUA CEL DIONISIO ALENCAR;RUA MANUEL CASTELO BRANCO;;;;ColisÃ£o;;;;Cruz;Pare;Residencial;0;0;2;1;0;0;0;0;0;0;0;0;"-3,83297300000";"-38,48828100000";inter_match
356775;22;3;2020;21:50;0;RUA URUCUTUBA;;;2169;;ColisÃ£o;;;;Meio de Quadra;;;0;0;2;1;0;0;0;0;0;0;0;0;"-3,79872000000";"-38,61630800000";mq_match
356776;22;3;2020;23:20;24990;AV PRS JUSCELINO KUBITSCHEK (PASSARÃ‰);AV PRS COSTA E SILVA;;;;ColisÃ£o;;;;T;SemÃ¡foro;Residencial;0;0;2;1;0;0;0;0;0;0;0;0;"-3,82564800000";"-38,53951600000";inter_match
356777;23;3;2020;17:10;15718;RUA CEL DIONISIO ALENCAR;RUA DR JOAQUIM BENTO;;;;ColisÃ£o;Anoitecer;;;Cruz;Pare;Residencial;0;2;0;0;0;0;0;0;1;1;0;0;"-3,82826700000";"-38,48641900000";inter_match
357791;23;3;2020;05:49;0;AV LINEU MACHADO;;;426;;ColisÃ£o;Amanhecer;;;Meio de Quadra;;;0;1;0;0;0;0;0;0;0;0;0;0;"-3,76407700000";"-38,57594100000";mq_match
357796;23;3;2020;06:43;0;RUA GUILHERME ALENCAR;;;791;;ColisÃ£o;Luz do Dia;;;Meio de Quadra;;;0;1;0;0;0;0;1;0;0;1;0;0;"-3,83553000000";"-38,49267000000";mq_gpsv
357797;23;3;2020;07:24;0;AV PERIMETRAL;;;1291;;ColisÃ£o;Luz do Dia;;;Meio de Quadra;;;0;1;0;1;0;0;0;0;0;1;0;0;;;
357798;23;3;2020;08:38;0;RUA CEL VIRGILIO NOGUEIRA (BOM JARDIM);;;1154;;ColisÃ£o;Luz do Dia;;;Meio de Quadra;;;0;1;0;0;0;0;0;0;0;0;0;0;"-3,79420000000";"-38,61047000000";mq_gpsv
357799;23;3;2020;09:53;0;RUA ANSELMO NOGUEIRA;;;534;;ColisÃ£o;Luz do Dia;;;Meio de Quadra;;;0;1;0;1;0;0;0;0;0;1;0;0;"-3,78315311000";"-38,58776570000";mq_qgis
357813;23;3;2020;22:40;0;AV DR SILAS MUNGUBA;;;;;ColisÃ£o;;;;Meio de Quadra;;;0;1;0;1;0;0;0;0;0;1;0;0;;;
357805;23;3;2020;12:50;15594;RUA MEM DE SA;RUA CEL JOAO OLIVEIRA;;;;ColisÃ£o;Luz do Dia;;;T;Pare;Residencial;0;1;0;1;0;0;0;0;0;1;0;0;"-3,82324600000";"-38,48478600000";inter_match
357806;23;3;2020;14:47;0;AV ABOLICAO;;;3790;;Atropelamento;Luz do Dia;;;Meio de Quadra;;;0;1;1;0;0;1;0;0;0;0;0;0;"-3,72565250000";"-38,48556400000";mq_match
357801;23;3;2020;10:22;0;RUA BORIS;;;;;Queda;Luz do Dia;;;Meio de Quadra;;;0;1;0;0;0;0;0;0;0;1;0;0;;;
357802;23;3;2020;11:26;16115;RUA ARTUR DE SOUZA;RUA ALBERTO SALES;;;;ColisÃ£o;Luz do Dia;;;;;;0;1;0;1;0;0;0;0;0;1;0;0;"-3,82698000000";"-38,57352000000";inter_gpsv
357793;23;3;2020;05:50;0;AV GODOFREDO MACIEL;;;4572;;Atropelamento;Amanhecer;;;Meio de Quadra;;;0;1;0;0;0;0;0;0;0;0;0;0;"-3,81493300000";"-38,57491100000";mq_match
355896;23;3;2020;16:07;3223;RUA VITAL BRASIL;RUA ARACA;;;;ColisÃ£o;Luz do Dia;Bom;Seca;Cruz;NÃ£o HÃ¡ Controle;Residencial;0;1;1;0;1;0;0;0;0;0;0;0;"-3,78202900000";"-38,58382500000";inter_match
355897;23;3;2020;16:28;0;AV JOVITA FEITOSA;RUA FRANCISCO HIPOLITO;;0;;NÃ£o Informado;Luz do Dia;Bom;Seca;T;Pare;Comercial;0;1;1;1;0;0;0;0;0;1;0;0;"-3,73868000000";"-38,55044000000";inter_gpsv
355898;23;3;2020;21:38;22076;RUA FRE MARCELINO;RUA ANTONIO MARTINS;;;;ColisÃ£o Transversal;Via Iluminada;Bom;Seca;Cruz;Pare;Residencial;0;1;1;1;0;0;0;0;0;1;0;0;"-3,75002800000";"-38,55811400000";inter_match
355899;24;3;2020;07:32;1605;AV DES MOREIRA;RUA BENI DE CARVALHO;;;;ColisÃ£o Transversal;Luz do Dia;Bom;Seca;Cruz;SemÃ¡foro;Comercial;0;1;2;1;0;0;0;0;0;0;0;0;"-3,74409800000";"-38,50087700000";inter_match
355900;24;3;2020;11:18;0;AV ALBERTO CRAVEIRO;RUA 1 DE ABRIL UI 408;;;;ColisÃ£o Transversal;Luz do Dia;Bom;Seca;Meio de Quadra;Pare;Comercial;0;1;1;0;0;0;1;0;0;1;0;0;"-3,80392000000";"-38,52225000000";inter_gpsv
355901;24;3;2020;16:04;24261;RUA MANUEL JESUINO;RUA REPUBLICA DO LIBANO;;;;Queda;Luz do Dia;Bom;Seca;Cruz;Pare;Residencial;0;1;1;1;0;0;0;0;0;1;0;0;"-3,73360300000";"-38,48491300000";inter_match
357941;24;3;2020;14:57;0;RUA PERNAMBUCO;;;1941;;Queda;Luz do Dia;;;Meio de Quadra;;;0;1;0;0;0;0;0;0;0;1;0;0;"-3,75478480000";"-38,57444400000";mq_match
357943;24;3;2020;15:52;0;RUA JOSE HIPOLITO;;;3235;;ColisÃ£o;Luz do Dia;;;Meio de Quadra;;;0;1;0;1;0;0;0;0;0;1;0;0;;;
357944;24;3;2020;16:11;2769;RUA OSCAR FRANCA;RUA RAIMUNDO PINHEIRO;;;;ColisÃ£o;Luz do Dia;;;Cruz;Pare;Residencial;0;1;0;1;0;0;0;0;0;1;0;0;"-3,79241400000";"-38,59809100000";inter_match
357945;24;3;2020;19:47;0;RD BR 116;;;;KM-15;Queda;;;;Meio de Quadra;;;0;1;0;0;0;1;0;0;0;0;0;0;"-3,88232900000";"-38,50111300000";rod_match
357946;24;3;2020;19:48;0;RUA TULIPA;;;424;;ColisÃ£o;;;;Meio de Quadra;;;0;1;0;0;0;0;0;0;0;0;0;0;"-3,71428516000";"-38,57947730000";mq_qgis
357947;24;3;2020;21:16;5140;RUA TEN BENEVOLO;AV DOM MANUEL;;;;ColisÃ£o;;;;Cruz;SemÃ¡foro;Comercial;0;1;0;1;0;0;0;0;0;0;0;0;"-3,72454000000";"-38,51988800000";inter_match
357932;24;3;2020;01:00;0;AV WASHINGTON SOARES;;;;;ColisÃ£o;;;;Meio de Quadra;;;1;0;1;1;0;0;0;0;0;1;0;0;"-3,75697900000";"-38,49084100000";fat_match
356704;24;3;2020;15:15;0;RD BR 116;;;7000;KM-07;ColisÃ£o;Luz do Dia;Bom;;Meio de Quadra;;;0;1;1;0;0;0;1;0;0;1;0;0;"-3,78627635900";"-38,51156140000";rod_match
356778;25;3;2020;09:40;0;AV JOAO PESSOA;;;5834;;Atropelamento;Luz do Dia;;;Meio de Quadra;;;0;1;1;0;1;0;0;0;0;0;0;0;"-3,76174700000";"-38,55753500000";mq_qgis
357951;25;3;2020;11:35;0;RUA BENTO ALBUQUERQUE;;;2062;;Acidente Pessoal;Luz do Dia;;;Meio de Quadra;;;0;1;0;1;0;0;0;0;0;0;0;0;"-3,74756400000";"-38,47134700000";mq_qgis
357952;25;3;2020;12:24;0;AV DR SILAS MUNGUBA;;;3090;;ColisÃ£o;Luz do Dia;;;Meio de Quadra;;;0;1;1;1;0;1;0;0;0;0;0;0;"-3,78840600000";"-38,54596100000";mq_qgis