COD_ACIDENTE;DIA;MES;ANO;HORA;INTERSECAO;LOG1;LOG2;LOG3;NUMERO;REFERENCIA;NATUREZA;ILUMINACAO;TEMPO;SUPERFICIEPISTA;TIPOCRUZAMENTO;CONTROLETRAFEGO;USOSOLO;MORTOS;FERIDOS;ILESOS;AUTOMOVEL;ONIBUS;BICICLETA;CAMINHAO;MICROONIBUS;CICLOMOTOR;MOTOCICLETA;TRACAOANIMAL;TREM;LATITUDE;LONGITUDE;METODO
356709;6;4;2020;09:20;0;RD BR 116;;;;KM-13;ColisÃ£o Lateral;Luz do Dia;Bom;Seca;Meio de Quadra;;;0;0;2;1;0;0;0;0;0;0;0;0;"-3,86467000000";"-38,49772700000";rod_match
356710;6;4;2020;21:50;0;RD BR 116;;;3000;KM-03;Choque c/ ObstÃ¡culo Fixo;;Bom;Seca;Meio de Quadra;;;0;1;0;0;0;0;0;0;0;1;0;0;"-3,77983800000";"-38,51437200000";rod_match
357559;6;4;2020;00:53;0;AV SEN FERNANDES TAVORA;;;2433;;Queda;;;;Meio de Quadra;;;0;1;0;0;0;0;0;0;0;1;0;0;"-3,75595300000";"-38,59388900000";mq_match
357567;6;4;2020;08:02;0;AV GODOFREDO MACIEL;;;2181;;ColisÃ£o;Luz do Dia;;;Meio de Quadra;;;0;1;1;1;0;0;0;0;0;1;0;0;"-3,79486244000";"-38,56941520000";mq_qgis
357568;6;4;2020;08:48;0;AV ENG HUMBERTO MONTE;;;1049;;ColisÃ£o;Luz do Dia;;;Meio de Quadra;;;0;1;1;1;0;0;0;0;0;1;0;0;"-3,74983812000";"-38,55992240000";mq_qgis
357569;6;4;2020;08:53;0;RUA CON DE CASTRO;;;3844;;ColisÃ£o;Luz do Dia;;;Meio de Quadra;;;0;1;1;1;0;0;0;0;0;1;0;0;"-3,80031009000";"-38,58764490000";mq_qgis
357570;6;4;2020;09:09;0;RUA WALDIR DIOGO;;;1138;;Queda;Luz do Dia;;;Meio de Quadra;;;0;1;0;0;0;0;0;0;0;1;0;0;"-3,80191079000";"-38,58912650000";mq_qgis
357571;6;4;2020;11:18;0;RUA POMPILIO GOMES;;;1229;;Queda;Luz do Dia;;;Meio de Quadra;;;0;1;0;0;0;0;0;0;0;1;0;0;;;
357572;6;4;2020;13:46;0;RUA JUVENAL DE CARVALHO;;;;;Queda;Luz do Dia;;;Meio de Quadra;;;0;1;0;0;0;0;0;0;0;1;0;0;;;
357573;6;4;2020;13:54;12523;RUA MARIA CLARA;RUA PIERRE LUZ;;;;ColisÃ£o;Luz do Dia;;;Cruz;Pare;Comercial;0;1;0;0;0;0;0;0;0;0;0;0;"-3,72512000000";"-38,58850200000";inter_match
357574;6;4;2020;16:18;5316;RUA FLORIANO PEIXOTO;RUA PEDRO PEREIRA;;;;ColisÃ£o;Luz do Dia;;;Cruz;Pare;Comercial;0;1;1;1;0;0;0;0;0;1;0;0;"-3,72987300000";"-38,52796200000";inter_match
357575;6;4;2020;17:58;0;RUA MONTE PASCOAL;;;236;;Atropelamento;Anoitecer;;;Meio de Quadra;;;0;1;1;1;0;0;0;0;0;0;0;0;"-3,80449000000";"-38,60025000000";mq_gpsv
357576;6;4;2020;21:52;0;AV GOV RAUL BARBOSA;;;;;Queda;;;;Meio de Quadra;;;0;1;0;0;0;0;0;0;0;1;0;0;;;
356524;6;4;2020;15:18;0;RUA ALUISIO AZEVEDO;;;465;;ColisÃ£o Traseira;Luz do Dia;Nublado;Seca;Meio de Quadra;NÃ£o HÃ¡ Controle;Residencial;0;1;1;1;0;0;0;0;0;1;0;0;"-3,77120131000";"-38,57729170000";mq_qgis
358840;6;4;2020;03:00;24441;AV LUCIANO CARNEIRO;RUA RAUL CABRAL;;;;Choque c/ ObstÃ¡culo Fixo;;;;Cruz;NÃ£o HÃ¡ Controle;Residencial;0;0;1;0;0;0;0;0;0;0;0;0;"-3,77084200000";"-38,53849500000";inter_match
358861;7;4;2020;10:50;19714;RUA ERICO MOTA;RUA GUSTAVO SAMPAIO;;;;ColisÃ£o;Luz do Dia;;;Cruz;SemÃ¡foro;Residencial;0;0;2;1;0;0;0;0;0;0;0;0;"-3,73652240000";"-38,56260300000";inter_match
356525;7;4;2020;10:30;26120;AV JOSE LEON;RUA TEOFREDO GOIANA;;;;ColisÃ£o Lateral;Luz do Dia;Bom;Seca;T;NÃ£o HÃ¡ Controle;Residencial;0;0;2;1;0;0;0;0;0;0;0;0;"-3,78658000000";"-38,50646000000";inter_gpsv
356526;7;4;2020;13:54;13416;AV RUI BARBOSA;RUA JOAO BRIGIDO;;;;ColisÃ£o;Luz do Dia;Bom;Seca;Cruz;SemÃ¡foro;Comercial;0;1;1;1;0;0;0;0;0;1;0;0;"-3,74199500000";"-38,51136900000";inter_match
356527;7;4;2020;14:22;0;AV ANTONIO SALES;;;0;;ColisÃ£o Transversal;Luz do Dia;Bom;Seca;;;;0;1;1;1;0;0;0;0;0;1;0;0;"-3,74761220000";"-38,49557000000";mq_match
356528;7;4;2020;14:28;15200;RUA DEP MOREIRA DA ROCHA;RUA CARLOS VASCONCELOS;;;;ColisÃ£o;Luz do Dia;Bom;Seca;Cruz;SemÃ¡foro;Residencial;0;1;1;1;0;0;0;0;0;1;0;0;"-3,72656000000";"-38,50872400000";inter_match
356529;7;4;2020;13:30;23807;AV GAL OSORIO DE PAIVA;RUA LEBOM MAIA;;;;ColisÃ£o Traseira;Luz do Dia;Bom;Seca;Cruz;SemÃ¡foro;Comercial;0;1;1;1;0;0;0;0;0;1;0;0;"-3,78448000000";"-38,58047100000";inter_match
356530;7;4;2020;16:09;0;RUA DEMETRIO MENEZES;;;3840;;NÃ£o Informado;Luz do Dia;Bom;Seca;Meio de Quadra;NÃ£o HÃ¡ Controle;Comercial;0;1;1;1;0;0;0;0;0;1;0;0;"-3,73618000000";"-38,58428000000";mq_gpsv
357577;7;4;2020;08:19;0;RUA LEONARDO MOTA;;;;;ColisÃ£o;Luz do Dia;;;Meio de Quadra;;;0;1;1;1;0;0;0;0;0;1;0;0;;;
357578;7;4;2020;08:55;0;AV CASTELO DE CASTRO;;;3000;;ColisÃ£o;Luz do Dia;;;Meio de Quadra;;;0;1;1;1;0;0;0;0;0;1;0;0;"-3,85190240000";"-38,52345620000";mq_gpsv
357579;7;4;2020;09:51;0;RUA GUSTAVO SAMPAIO;;;2011;;Capotamento;Luz do Dia;;;Meio de Quadra;;;0;1;0;0;0;0;0;0;0;0;0;0;"-3,73656000000";"-38,56274300000";mq_qgis
357580;7;4;2020;10:22;0;RD BR 116;;;10000;KM-10;ColisÃ£o;Luz do Dia;;;Meio de Quadra;;;0;1;0;0;0;0;0;0;0;0;0;0;"-3,83443500000";"-38,50337300000";rod_match
357581;7;4;2020;10:49;0;RUA JOAQUIM TORRES;;;288;;ColisÃ£o;Luz do Dia;;;Meio de Quadra;;;0;1;1;1;0;0;0;0;0;1;0;0;"-3,74112000000";"-38,52081000000";mq_gpsv
357582;7;4;2020;10:57;0;RUA CIDADE PALHANO;;;2227;;Queda;Luz do Dia;;;Meio de Quadra;;;0;1;0;0;0;0;0;0;0;1;0;0;;;
357583;7;4;2020;12:15;0;RUA URUCUTUBA;;;751;;Queda;Luz do Dia;;;Meio de Quadra;;;0;1;0;0;0;0;0;0;0;1;0;0;"-3,79690140000";"-38,60165340000";mq_qgis
357584;7;4;2020;12:17;9069;RUA LAURO MAIA;RUA GUILHERME MOREIRA;;;;ColisÃ£o;Luz do Dia;;;Cruz;Pare;Residencial;0;1;1;1;0;0;0;0;0;1;0;0;"-3,74967300000";"-38,52239900000";inter_match
357585;7;4;2020;14:07;0;AV FRANCISCO SA;;;1834;;Atropelamento;Luz do Dia;;;Meio de Quadra;;;0;1;1;1;0;0;0;0;0;0;0;0;"-3,72249017000";"-38,54185370000";mq_qgis
357586;7;4;2020;15:48;0;RUA JOSE MENDONCA;;;540;;Atropelamento;Luz do Dia;;;Meio de Quadra;;;0;1;1;0;1;0;0;0;0;0;0;0;"-3,75781025000";"-38,60231190000";mq_qgis
357588;7;4;2020;17:38;0;AV AGUANAMBI;;;;;ColisÃ£o;Anoitecer;;;Meio de Quadra;;;0;1;1;1;0;0;0;0;0;1;0;0;;;
357589;7;4;2020;20:37;0;AV MOZART PINHEIRO DE LUCENA;;;;;ColisÃ£o;;;;Meio de Quadra;;;0;1;1;0;0;0;0;0;0;1;0;0;;;
356711;7;4;2020;00:50;0;RD BR 116;;;;KM-05;Tombamento;;Bom;Seca;Meio de Quadra;;;0;1;1;0;0;0;0;0;0;1;0;0;"-3,79650200000";"-38,50678700000";rod_match
356712;7;4;2020;10:00;0;RD BR 116;;;;KM-09;ColisÃ£o Transversal;Luz do Dia;Bom;Seca;Meio de Quadra;;;0;3;0;0;0;1;0;0;0;1;0;0;"-3,83083700000";"-38,50486500000";rod_match
356713;7;4;2020;14:25;0;RD BR 116;;;;KM-03;ColisÃ£o;Luz do Dia;Bom;Seca;Meio de Quadra;;;1;1;0;1;0;1;0;0;0;0;0;0;"-3,77983800000";"-38,51437200000";rod_match
357590;8;4;2020;06:56;0;AV GAL OSORIO DE PAIVA;;;;;ColisÃ£o;Luz do Dia;;;Meio de Quadra;;;0;1;1;1;0;0;0;0;0;1;0;0;;;
357591;8;4;2020;07:55;0;AV SEN FERNANDES TAVORA;;;97;;Queda;Luz do Dia;;;Meio de Quadra;;;0;1;0;0;0;0;0;0;0;1;0;0;"-3,76802000000";"-38,57239900000";mq_match
357592;8;4;2020;10:03;0;AV LIBERDADE;;;167;;ColisÃ£o;Luz do Dia;;;Meio de Quadra;;;0;1;1;1;0;0;0;0;0;1;0;0;"-3,74944000000";"-38,59707000000";mq_gpsv
357593;8;4;2020;10:54;0;AV BENJAMIM BRASIL;;;2350;;Queda;Luz do Dia;;;Meio de Quadra;;;0;1;0;0;0;0;0;0;0;1;0;0;"-3,80907300000";"-38,55617400000";mq_match
357594;8;4;2020;11:50;0;AV SORIANO ALBUQUERQUE;;;;;ColisÃ£o;Luz do Dia;;;Meio de Quadra;;;0;1;1;1;0;0;0;0;0;1;0;0;;;
357595;8;4;2020;11:56;17578;RUA MARANHAO;RUA PARANA;;;;ColisÃ£o;Luz do Dia;;;;;;0;1;1;1;0;0;0;0;0;1;0;0;"-3,75490900000";"-38,56687400000";inter_match
357596;8;4;2020;12:13;0;RUA AMAZONAS;;;2420;;ColisÃ£o;Luz do Dia;;;Meio de Quadra;;;0;1;0;0;0;0;0;0;0;0;0;0;;;
357597;8;4;2020;12:40;0;RUA CARLOS VASCONCELOS;;;1090;;ColisÃ£o;Luz do Dia;;;Meio de Quadra;;;0;1;1;1;0;0;0;0;0;1;0;0;"-3,73139192000";"-38,51027770000";mq_qgis
357598;8;4;2020;15:13;20960;RUA PERNAMBUCO;RUA PLANALTO DO PICI;;;;Atropelamento;Luz do Dia;;;;;;0;1;1;0;0;0;0;0;0;1;0;0;"-3,75211000000";"-38,58042000000";inter_gpsv
357599;8;4;2020;15:31;0;RUA DOM EXPEDITO LOPES;;;2324;;ColisÃ£o;Luz do Dia;;;Meio de Quadra;;;0;1;1;1;0;0;0;0;0;0;0;0;"-3,74392614000";"-38,50472260000";mq_qgis
357600;8;4;2020;15:46;0;AV ALBERTO CRAVEIRO;;;1973;;ColisÃ£o;Luz do Dia;;;Meio de Quadra;;;0;1;1;1;0;0;0;0;0;1;0;0;"-3,79740483300";"-38,51850600000";mq_match
357601;8;4;2020;19:05;0;RUA PRO GOMES BRASIL;;;323;;Atropelamento;;;;Meio de Quadra;;;0;1;1;0;0;0;0;0;0;1;0;0;"-3,77304300000";"-38,56829700000";mq_match
357602;8;4;2020;20:23;0;AV JOAO DE ARAUJO LIMA;;;1510;;ColisÃ£o;;;;Meio de Quadra;;;0;1;1;0;0;0;0;0;0;1;0;0;"-3,83490000000";"-38,56116000000";mq_gpsv
357603;8;4;2020;20:54;0;RUA JOAO FIRMINO;;;314;;ColisÃ£o;;;;Meio de Quadra;;;0;1;1;1;0;0;0;0;0;1;0;0;"-3,76158353000";"-38,55320880000";mq_qgis
357604;8;4;2020;20:57;0;AV N CJ JOSE WALTER;;;701;;Queda;;;;Meio de Quadra;;;0;1;0;0;0;1;0;0;0;0;0;0;"-3,76046400000";"-38,56341340000";mq_gpsv
356531;8;4;2020;12:20;3875;RUA SEN POMPEU;RUA PDE MIGUELINHO;;;;ColisÃ£o Lateral;Luz do Dia;Bom;Seca;Cruz;Pare;Comercial;0;0;2;1;0;0;0;0;0;0;0;0;"-3,74246900000";"-38,53433200000";inter_match
356532;8;4;2020;15:36;23430;RUA CAP MELO;RUA MON SALAZAR;;;;ColisÃ£o Transversal;Luz do Dia;Bom;Seca;Cruz;SemÃ¡foro;Comercial;0;2;0;1;0;0;0;0;0;0;0;0;"-3,75601900000";"-38,51318000000";inter_match
356489;8;4;2020;11:45;0;RD CE-040;;;;KM-09;ColisÃ£o;Luz do Dia;;Seca;Meio de Quadra;;;0;0;2;1;0;0;0;0;0;0;0;0;"-3,83445089700";"-38,48246582000";rod_match
356490;8;4;2020;15:45;0;AV SEN CARLOS JEREISSATI (AEROPORTO);;;;KM 01;ColisÃ£o;Luz do Dia;;Seca;Meio de Quadra;;;0;0;2;1;0;0;0;0;0;1;0;0;"-3,78375300000";"-38,52685000000";rod_match
356552;8;4;2020;11:44;0;AV LINEU MACHADO;;;1459;;ColisÃ£o Transversal;Luz do Dia;Bom;Seca;Meio de Quadra;NÃ£o HÃ¡ Controle;Comercial;0;1;1;1;0;0;0;0;0;1;0;0;"-3,77242200000";"-38,58028800000";mq_match
358863;8;4;2020;16:00;0;RUA AMAZONAS;;;;;ColisÃ£o;Luz do Dia;;;Meio de Quadra;;;0;0;1;0;1;0;0;0;0;0;0;0;;;
358095;9;4;2020;19:57;4020;RUA SAMUEL UCHOA;AV PRO GOMES DE MATOS;;;;ColisÃ£o;;;;Cruz;SemÃ¡foro;Comercial;0;1;0;1;0;0;0;0;0;1;0;0;"-3,75719300000";"-38,54221500000";inter_match
358096;9;4;2020;20:16;0;RD QUARTO ANEL VIARIO;;;900;;Atropelamento;;;;Meio de Quadra;;;0;1;0;1;0;0;0;0;0;0;0;0;"-3,86169900000";"-38,53162400000";rod_match
358097;9;4;2020;22:07;0;AV AUGUSTO DOS ANJOS;;;812;;ColisÃ£o;;;;Meio de Quadra;;;0;2;0;0;0;0;0;0;0;1;0;0;"-3,77510523700";"-38,57468871000";mq_match
356533;9;4;2020;12:47;0;RUA JAIME BENEVOLO;;;480;;ColisÃ£o;Luz do Dia;Bom;Seca;Meio de Quadra;NÃ£o HÃ¡ Controle;Residencial;0;1;0;1;0;0;0;0;0;0;0;0;"-3,73637834000";"-38,52677880000";mq_qgis
356534;9;4;2020;14:47;5351;AV IMPERADOR;RUA GAL CLARINDO DE QUEIROZ;;;;ColisÃ£o Transversal;Luz do Dia;Bom;Seca;Cruz;SemÃ¡foro;Comercial;1;1;0;0;0;0;0;0;0;1;0;0;"-3,73096200000";"-38,53556600000";inter_match
357859;9;4;2020;01:08;0;RUA IGUATU;;;91;;ColisÃ£o;;;;Meio de Quadra;;;0;1;0;1;0;0;0;0;0;1;0;0;"-3,75593771000";"-38,57792960000";mq_qgis
357860;9;4;2020;04:06;0;AV JOSE JATAHY;;;1533;;ColisÃ£o;;;;Meio de Quadra;;;0;1;0;1;0;0;0;0;0;0;0;0;"-3,73496937000";"-38,54407590000";mq_qgis
357936;9;4;2020;12:27;5434;AV HERACLITO GRACA;AV DOM MANUEL;;;;ColisÃ£o;Luz do Dia;;;Cruz;SemÃ¡foro;Comercial;0;2;0;1;0;0;0;0;0;1;0;0;"-3,73401300000";"-38,52295200000";inter_match
357937;9;4;2020;12:34;0;RUA DR AIRTON BEZERRA;;;197;;Queda;Luz do Dia;;;Meio de Quadra;;;0;1;0;0;0;0;0;0;0;1;0;0;"-3,80951000000";"-38,46518000000";mq_gpsv
357938;9;4;2020;13:03;0;RUA VASCO DE ATAIDE;;;376;;ColisÃ£o;Luz do Dia;;;Meio de Quadra;;;0;1;0;0;0;0;0;0;0;0;0;0;"-3,82356725000";"-38,49058860000";mq_qgis
357879;9;4;2020;06:44;0;RUA GODOFREDO OLIVEIRA;;;30;;Atropelamento;Luz do Dia;;;Meio de Quadra;;;0;1;0;0;0;0;0;0;0;1;0;0;"-3,80977000000";"-38,55765000000";mq_gpsv
357880;9;4;2020;08:22;0;AV JOAO PESSOA;;;6358;;ColisÃ£o;Luz do Dia;;;Meio de Quadra;;;0;1;0;1;0;0;0;0;0;1;0;0;"-3,76597500000";"-38,55928800000";mq_match
357881;9;4;2020;08:32;0;AV OLIVEIRA PAIVA;;;2000;;ColisÃ£o;Luz do Dia;;;Meio de Quadra;;;0;1;0;1;0;0;0;0;0;1;0;0;"-3,79618000000";"-38,48830500000";mq_match
357882;9;4;2020;10:06;0;AV DR SILAS MUNGUBA;;;;;Queda;Luz do Dia;;;Meio de Quadra;;;0;2;0;0;0;0;0;0;0;1;0;0;;;
357982;9;4;2020;15:35;0;RUA SERRA AZUL;;;1189;;Queda;Luz do Dia;;;Meio de Quadra;;;0;1;0;0;0;0;0;0;0;1;0;0;"-3,84271000000";"-38,52921000000";mq_match
357983;9;4;2020;15:43;17311;RUA ROMEU MARTINS;RUA JOAO FIRMINO;;;;ColisÃ£o;Luz do Dia;;;Cruz;Pare;Residencial;0;1;0;0;0;0;0;0;0;0;0;0;"-3,76427400000";"-38,55558200000";inter_match
357984;9;4;2020;17:40;15356;AV SEN VIRGILIO TAVORA;RUA REPUBLICA DO LIBANO;;;;ColisÃ£o;Anoitecer;;;T;Pare;Comercial;0;1;0;1;0;0;0;0;0;1;0;0;"-3,73288920000";"-38,49181700000";inter_match
357985;9;4;2020;19:14;0;AV PERIMETRAL;;;3349;;Queda;;;;Meio de Quadra;;;0;1;0;0;0;0;0;0;0;1;0;0;;;
357986;9;4;2020;19:45;0;RUA OSCAR ARARIPE;;;4542;;ColisÃ£o;;;;Meio de Quadra;;;0;1;0;0;0;0;0;0;0;1;0;0;;;
357987;9;4;2020;19:30;0;AV GAL OSORIO DE PAIVA;;;4642;;ColisÃ£o;;;;Meio de Quadra;;;1;2;0;1;0;0;0;0;0;1;0;0;"-3,79929353900";"-38,59680269200";mq_match
357970;9;4;2020;13:07;0;RUA ENG JAIME ROLEMBERG;;;276;;ColisÃ£o;Luz do Dia;;;Meio de Quadra;;;0;1;0;1;0;0;0;0;0;1;0;0;"-3,80252000000";"-38,56233000000";mq_gpsv
357971;9;4;2020;13:20;0;RUA GAL RABELO;;;395;;ColisÃ£o;Luz do Dia;;;Meio de Quadra;;;0;1;0;1;0;0;0;0;0;1;0;0;"-3,80648000000";"-38,60622000000";mq_gpsv
357972;9;4;2020;13:22;0;RUA MARIA JULIA;;;370;;ColisÃ£o;Luz do Dia;;;Meio de Quadra;;;0;1;0;1;0;0;0;0;0;1;0;0;"-3,78878000000";"-38,59881000000";mq_gpsv
356491;10;4;2020;17:40;0;RD CE-040;;;;KM-09;ColisÃ£o;Anoitecer;;Seca;Meio de Quadra;;;0;1;1;1;0;0;0;0;0;1;0;0;"-3,83445089700";"-38,48246582000";rod_match
358098;10;4;2020;00:12;0;AV DA INDEPENDENCIA;;;2205;;Queda;;;;Meio de Quadra;;;0;1;0;0;0;0;0;0;0;1;0;0;"-3,72436100000";"-38,59962500000";mq_match
358099;10;4;2020;06:38;3337;AV ENG HUMBERTO MONTE;RUA RIO GRANDE DO SUL;;;;Queda;Luz do Dia;;;T;NÃ£o HÃ¡ Controle;Comercial;0;1;0;0;0;0;0;0;0;1;0;0;"-3,74920400000";"-38,56037400000";inter_match
358100;10;4;2020;07:45;0;AV JOSE JATAHY;;;499;;Queda;Luz do Dia;;;Meio de Quadra;;;0;1;0;0;0;0;0;0;0;1;0;0;"-3,72564000000";"-38,54573000000";mq_match
358101;10;4;2020;09:37;12032;AV BULEVAR I;AV CASTELO DE CASTRO;;;;ColisÃ£o;Luz do Dia;;;Cruz;Pare;Residencial;0;1;0;1;0;0;0;0;0;1;0;0;"-3,83368900000";"-38,52158200000";inter_match
358102;10;4;2020;11:48;10924;RUA PORTO VELHO;RUA NOEL ROSA;;;;Queda;Luz do Dia;;;Cruz;NÃ£o HÃ¡ Controle;Comercial;0;1;0;0;0;0;0;0;0;1;0;0;"-3,76674000000";"-38,58553000000";inter_gpsv
358103;10;4;2020;13:13;0;AV PRS CASTELO BRANCO;;;;;Atropelamento;Luz do Dia;;;Meio de Quadra;;;0;1;0;0;0;0;0;0;0;0;0;0;;;
358104;10;4;2020;16:42;0;AV DR ALDY MENTOR;;;;;Queda;Luz do Dia;;;Meio de Quadra;;;0;1;0;0;0;0;0;0;0;1;0;0;;;
358105;10;4;2020;19:21;0;RUA RIO TOCANTINS;;;1056;;ColisÃ£o;;;;Meio de Quadra;;;0;1;0;1;0;1;0;0;0;0;0;0;"-3,72494269000";"-38,58134110000";mq_qgis
358106;10;4;2020;19:26;1303;AV DOM LUIS;RUA BARBOSA DE FREITAS;;;;ColisÃ£o;;;;Cruz;SemÃ¡foro;Comercial;0;1;0;1;0;0;0;0;0;1;0;0;"-3,73356400000";"-38,49639600000";inter_match
358107;10;4;2020;20:03;0;RUA DIADEMA;;;141;;ColisÃ£o;;;;Meio de Quadra;;;0;1;0;1;0;0;0;0;0;1;0;0;"-3,84482000000";"-38,52250000000";mq_gpsv
358108;10;4;2020;20:05;0;RUA ANTONIO NOGUEIRA;;;830;;ColisÃ£o;;;;Meio de Quadra;;;0;1;0;0;0;0;0;0;0;0;0;0;"-3,79616889000";"-38,45440520000";mq_qgis
358109;10;4;2020;20:16;0;AV SEN CARLOS JEREISSATI (AEROPORTO);;;452;;ColisÃ£o;;;;Meio de Quadra;;;0;2;0;0;0;0;0;0;0;1;0;0;"-3,78334000000";"-38,52266000000";mq_gpsv
358110;10;4;2020;20:54;0;AV ALBERTO CRAVEIRO;;;;;ColisÃ£o;;;;Meio de Quadra;;;0;1;0;0;0;0;0;0;0;0;0;0;;;
358111;10;4;2020;21:18;0;RUA VALDETARIO MOTA;;;931;;ColisÃ£o;;;;Meio de Quadra;;;0;1;0;0;0;0;0;0;0;1;0;0;"-3,73782000000";"-38,48121000000";mq_gpsv
358112;10;4;2020;21:33;0;AV PERIMETRAL;;;;;Atropelamento;;;;Meio de Quadra;;;0;1;0;1;0;0;0;0;0;0;0;0;;;
358113;10;4;2020;22:56;0;RUA SGT JOAO PINHEIRO;;;;;Queda;;;;Meio de Quadra;;;0;1;0;0;0;0;0;0;0;1;0;0;;;
358114;10;4;2020;23:12;0;RUA PDE PEDRO DE ALENCAR;;;1720;;ColisÃ£o;;;;Meio de Quadra;;;0;1;0;0;0;0;0;0;0;1;0;0;"-3,84323454400";"-38,49435997000";mq_match
358115;10;4;2020;23:22;0;AV JOAO PESSOA;;;;;Queda;;;;Meio de Quadra;;;0;1;0;0;0;0;0;0;0;1;0;0;;;
358864;10;4;2020;03:40;0;RUA JOSE TORRES;;;2870;;ColisÃ£o;;;;Meio de Quadra;;;0;0;1;0;0;0;0;0;0;0;0;0;;;
358847;11;4;2020;18:44;11618;RUA VITORIA (AV. PERIMETRAL);RUA BOA VISTA;;;;ColisÃ£o;;;;;NÃ£o HÃ¡ Controle;Comercial;0;1;0;1;0;0;0;0;0;1;0;0;"-3,76714200000";"-38,58960100000";inter_match
358843;11;4;2020;18:40;6484;AV C CJ CEARA;RUA 313 CJ CEARA;;;;ColisÃ£o;;;;Cruz;NÃ£o HÃ¡ Controle;Residencial;0;1;0;1;0;0;0;0;0;1;0;0;"-3,85636000000";"-38,51835000000";inter_gpsv
358838;11;4;2020;12:51;0;RUA CEL MOZART GONDIM;;;1520;;Atropelamento;Luz do Dia;;;Meio de Quadra;;;0;1;0;1;0;0;0;0;0;0;0;0;"-3,73387950000";"-38,55887550000";mq_qgis
358839;11;4;2020;14:41;5346;RUA JOAO CORDEIRO;AV SANTOS DUMONT;;;;ColisÃ£o;Luz do Dia;;;Cruz;SemÃ¡foro;Comercial;0;2;0;0;0;0;0;0;0;1;0;0;"-3,73087800000";"-38,51478100000";inter_match
358850;11;4;2020;21:07;0;RUA MAJ TELESFORO;;;480;;ColisÃ£o;;;;Meio de Quadra;;;0;1;0;0;0;0;0;0;0;1;0;0;"-3,79833058000";"-38,55038160000";mq_qgis
358851;11;4;2020;22:48;0;AV DR THEBERGE;;;599;;Queda;;;;Meio de Quadra;;;0;1;0;0;0;0;0;0;0;1;0;0;"-3,70917500000";"-38,56314700000";mq_qgis
358852;11;4;2020;22:51;0;AV RUI BARBOSA;;;671;;ColisÃ£o;;;;Meio de Quadra;;;0;1;0;1;0;0;0;0;0;1;0;0;"-3,72868500000";"-38,50704800000";mq_match
358853;11;4;2020;23:30;0;AV CONTORNO NORTE (SAO CRSITOVAO);;;55;;ColisÃ£o;;;;Meio de Quadra;;;0;1;0;1;0;0;0;0;0;1;0;0;"-3,81547000000";"-38,58482000000";mq_gpsv
358854;11;4;2020;23:50;0;AV GOV LEONEL BRIZOLA;;;555;;Queda;;;;Meio de Quadra;;;0;1;0;0;0;0;0;0;0;1;0;0;"-3,83167000000";"-38,52215000000";mq_gpsv
358116;11;4;2020;01:17;0;RUA RAIMUNDO MAIA;;;710;;Queda;;;;Meio de Quadra;;;0;1;0;0;0;0;0;0;0;1;0;0;"-3,81389000000";"-38,56432000000";mq_gpsv
358117;11;4;2020;04:28;0;RUA DR PIO SARAIVA;;;232;;Queda;;;;Meio de Quadra;;;0;1;0;0;0;0;0;0;0;1;0;0;"-3,73611750000";"-38,59974150000";mq_qgis
358129;11;4;2020;05:11;0;RD QUARTO ANEL VIARIO;;;;;Queda;Amanhecer;;;Meio de Quadra;;;0;2;0;0;0;0;0;0;0;1;0;0;;;
358138;11;4;2020;06:30;1658;RUA BENI DE CARVALHO;RUA MON CATAO;;;;Queda;Luz do Dia;;;Cruz;Pare;Escola;0;1;0;0;0;0;0;0;0;1;0;0;"-3,74661800000";"-38,49311300000";inter_match
358538;11;4;2020;08:34;0;AV JOSE BASTOS;;;;;ColisÃ£o;Luz do Dia;;;Meio de Quadra;;;0;1;0;1;0;0;0;0;0;0;0;0;;;
358539;11;4;2020;09:04;0;RUA MARIA ALMEIDA;;;760;;ColisÃ£o;Luz do Dia;;;Meio de Quadra;;;0;1;0;0;0;0;0;0;0;0;0;0;"-3,83985000000";"-38,48464000000";mq_gpsv
358540;11;4;2020;10:30;0;RUA MIGUEL GURGEL;;;;;ColisÃ£o;Luz do Dia;;;Meio de Quadra;;;0;1;0;1;0;0;0;0;0;0;0;0;;;
358541;11;4;2020;12:38;0;RUA OSCAR ARARIPE;;;3747;;ColisÃ£o;Luz do Dia;;;Meio de Quadra;;;0;2;0;1;0;0;0;0;0;1;0;0;"-3,78371360000";"-38,62350860000";mq_qgis
356493;11;4;2020;13:50;0;RD CE-040;;;;KM-07;Engavetamento;Luz do Dia;;Seca;Meio de Quadra;;;0;0;3;1;0;0;0;0;0;1;0;0;"-3,81715944500";"-38,48303286000";rod_match
356535;11;4;2020;19:25;19721;RUA GUSTAVO SAMPAIO;RUA AMADEU FURTADO;;;;ColisÃ£o;Mal Iluminada;Bom;Seca;Cruz;Pare;Residencial;0;1;1;1;0;0;0;0;0;1;0;0;"-3,73678600000";"-38,56382800000";inter_match
356536;12;4;2020;07:26;0;RUA FREDERICO ANDRADE;;;422;;NÃ£o Informado;Luz do Dia;Nublado;Molhada;Meio de Quadra;NÃ£o HÃ¡ Controle;Residencial;0;0;1;1;0;0;0;0;0;0;0;0;"-3,71620000000";"-38,56527000000";mq_gpsv
356537;12;4;2020;10:25;24372;AV LUCIANO CARNEIRO;RUA ALM RUFINO;;;;ColisÃ£o Transversal;Luz do Dia;Bom;Seca;Cruz;SemÃ¡foro;Comercial;0;1;1;0;0;0;0;0;0;1;0;0;"-3,76658000000";"-38,53719500000";inter_match