COD_ACIDENTE;DIA;MES;ANO;HORA;INTERSECAO;LOG1;LOG2;LOG3;NUMERO;REFERENCIA;NATUREZA;ILUMINACAO;TEMPO;SUPERFICIEPISTA;TIPOCRUZAMENTO;CONTROLETRAFEGO;USOSOLO;MORTOS;FERIDOS;ILESOS;AUTOMOVEL;ONIBUS;BICICLETA;CAMINHAO;MICROONIBUS;CICLOMOTOR;MOTOCICLETA;TRACAOANIMAL;TREM;LATITUDE;LONGITUDE;METODO
357702;17;4;2020;21:18;0;RUA FRANCISCO DE SALES;;;298;;Queda;;;;Meio de Quadra;;;0;1;0;0;0;0;0;0;0;1;0;0;"-3,77599981000";"-38,58402270000";mq_qgis
357703;17;4;2020;21:26;0;RUA MARIA QUINTELA;;;425;;Queda;;;;Meio de Quadra;;;0;1;0;0;0;0;0;0;0;1;0;0;"-3,77604000000";"-38,58595000000";mq_gpsv
357704;17;4;2020;21:54;0;AV PINTO BANDEIRA D56;;;;;ColisÃ£o;;;;Meio de Quadra;;;0;1;1;0;0;0;0;0;0;1;0;0;;;
357706;18;4;2020;07:49;0;RD QUARTO ANEL VIARIO;;;2415;;ColisÃ£o;Luz do Dia;;;Meio de Quadra;;;0;1;1;0;0;0;0;0;0;1;0;0;"-3,82933700000";"-38,62148800000";rod_match
357707;18;4;2020;11:27;2822;AV GAL OSORIO DE PAIVA;RUA OSCAR ARARIPE;;;;ColisÃ£o;Luz do Dia;;;Outros;NÃ£o HÃ¡ Controle;Comercial;0;1;1;1;0;0;0;0;0;1;0;0;"-3,79416500000";"-38,59182300000";inter_match
357708;18;4;2020;12:05;0;RUA SABIA;;;213;;ColisÃ£o;Luz do Dia;;;Meio de Quadra;;;0;1;1;1;0;0;0;0;0;1;0;0;"-3,77534311000";"-38,57797470000";mq_qgis
357709;18;4;2020;15:14;0;AV PERIMETRAL;;;;;ColisÃ£o;Luz do Dia;;;Meio de Quadra;;;0;1;1;1;0;0;0;0;0;1;0;0;;;
357710;18;4;2020;15:33;1315;RUA TORRES CAMARA;AV RUI BARBOSA;;;;Capotamento;Luz do Dia;;;Cruz;SemÃ¡foro;Comercial;0;1;0;1;0;0;0;0;0;0;0;0;"-3,73494700000";"-38,50907600000";inter_match
357711;18;4;2020;16:03;9578;RUA SOUSA CARVALHO;RUA SAO LUIZ DO OESTE;;;;ColisÃ£o;Luz do Dia;;;Cruz;NÃ£o HÃ¡ Controle;Residencial;0;1;1;0;0;0;0;0;0;1;0;0;"-3,77792700000";"-38,60892300000";inter_match
357712;18;4;2020;16:37;13304;AV G CJ JOSE WALTER;AV I CJ JOSE WALTER;;;;Queda;Luz do Dia;;;Cruz;Pare;Residencial;0;1;0;0;0;1;0;0;0;0;0;0;"-3,83906100000";"-38,55495600000";inter_match
357713;18;4;2020;17:36;0;ET DO FIO (MESSEJANA);;;;;ColisÃ£o;Anoitecer;;;Meio de Quadra;;;0;1;1;0;0;0;0;0;0;1;0;0;;;
357714;18;4;2020;17:41;0;AV ZEZE DIOGO;;;914;;Queda;Anoitecer;;;Meio de Quadra;;;0;1;0;0;0;0;0;0;0;1;0;0;"-3,71470350000";"-38,46575950000";mq_qgis
357715;18;4;2020;17:49;0;AV PRS COSTA E SILVA;;;;;Queda;Anoitecer;;;Meio de Quadra;;;0;1;0;0;0;0;0;0;0;1;0;0;;;
357716;18;4;2020;18:39;0;TR DA AMIZADE;;;159;;ColisÃ£o;;;;Meio de Quadra;;;0;1;0;0;0;0;0;0;0;0;0;0;;;
357717;18;4;2020;18:47;0;AV GAL OSORIO DE PAIVA;;;7840;;ColisÃ£o;;;;Meio de Quadra;;;0;1;0;0;0;0;0;0;0;0;0;0;"-3,82060903000";"-38,61746630000";mq_qgis
357718;18;4;2020;18:53;0;RUA CAP AFRANIO;;;13;;Atropelamento;;;;Meio de Quadra;;;0;1;0;0;0;0;0;0;0;0;0;0;"-3,82920177000";"-38,49469750000";mq_qgis
357719;18;4;2020;20:14;0;RUA JULIO SILVA;;;;;Queda;;;;Meio de Quadra;;;0;1;0;0;0;1;0;0;0;0;0;0;;;
357720;18;4;2020;20:42;0;AV WASHINGTON LUIS;;;1042;;ColisÃ£o;;;;Meio de Quadra;;;0;1;1;1;0;0;0;0;0;1;0;0;"-3,71602530000";"-38,59457810000";mq_gpsv
357721;18;4;2020;23:29;0;RUA VITORIA;;;1735;;Atropelamento;;;;Meio de Quadra;;;0;1;1;0;0;0;0;0;0;1;0;0;"-3,76804000000";"-38,58999000000";mq_gpsv
356717;18;4;2020;07:00;0;RD BR 116;;;;KM-02;Tombamento;Luz do Dia;Bom;Seca;Meio de Quadra;;;0;1;0;0;0;0;0;0;0;1;0;0;"-3,77139100000";"-38,51678000000";rod_match
356498;18;4;2020;20:00;0;RD CE-025;;;;KM-03;Choque c/ ObstÃ¡culo Fixo;;;Seca;Meio de Quadra;;;0;0;1;0;0;0;0;0;0;1;0;0;"-3,80588917900";"-38,45224656000";rod_match
356553;18;4;2020;10:52;12347;RUA RIO GRANDE DO SUL;RUA DIAMANTINA;;;;ColisÃ£o Transversal;Luz do Dia;Chuva;Molhada;Cruz;SemÃ¡foro;Comercial;0;1;1;1;0;0;0;0;0;1;0;0;"-3,76334200000";"-38,57049900000";inter_match
356554;18;4;2020;14:17;0;RUA EDUARDO ANGELIM;;;1260;;Choque c/ ObstÃ¡culo Fixo;Luz do Dia;Bom;Seca;Meio de Quadra;NÃ£o HÃ¡ Controle;Residencial;0;0;1;1;0;0;0;0;0;0;0;0;"-3,76932300000";"-38,54423060000";mq_qgis
356555;18;4;2020;15:10;1315;AV RUI BARBOSA;RUA TORRES CAMARA;;0;;ColisÃ£o Transversal;Luz do Dia;Bom;Seca;Cruz;SemÃ¡foro;Comercial;0;0;2;1;0;0;0;0;0;0;0;0;"-3,73494700000";"-38,50907600000";inter_match
356556;18;4;2020;15:30;22276;RUA PDE ANCHIETA;RUA JOSE MARROCOS;;;;ColisÃ£o Transversal;Luz do Dia;Bom;Seca;Cruz;Pare;Comercial;0;2;1;1;0;0;0;0;0;1;0;0;"-3,73094000000";"-38,55203000000";inter_gpsv
356557;18;4;2020;10:10;0;AV DUQ CAXIAS;;;1897;;Choque c/ ObstÃ¡culo Fixo;Luz do Dia;Chuva;Molhada;Meio de Quadra;Pare;Residencial;0;1;0;0;0;0;0;0;0;0;0;0;"-3,72811869000";"-38,54122890000";mq_qgis
356558;19;4;2020;02:27;0;AV BEIRA MAR;;;840;;ColisÃ£o;Via Iluminada;Bom;Seca;Meio de Quadra;NÃ£o HÃ¡ Controle;Lazer;0;1;1;0;0;0;0;0;0;1;0;0;"-3,72022200000";"-38,51160300000";mq_match
356559;19;4;2020;02:24;0;AV ALBERTO CRAVEIRO;;;1240;;ColisÃ£o Traseira;Via Iluminada;Bom;Seca;Outros;SemÃ¡foro;Residencial;0;0;2;1;0;0;0;0;0;0;0;0;"-3,79154883300";"-38,51727317000";mq_match
356560;19;4;2020;06:38;0;RUA GAL CAIADO DE CASTRO;;;84;;Choque c/ ObstÃ¡culo Fixo;Via Iluminada;Bom;Seca;Meio de Quadra;NÃ£o HÃ¡ Controle;Residencial;0;0;1;1;0;0;0;0;0;0;0;0;"-3,78407700000";"-38,48858700000";mq_match
356561;19;4;2020;07:01;23793;RUA RAIMUNDO NERY;RUA ANTONIO COSTA MENDES (PQ SÃƒO JOSÃ‰);;0;;NÃ£o Informado;Amanhecer;Bom;Seca;Cruz;SemÃ¡foro;Comercial;0;0;1;0;1;0;0;0;0;1;0;0;"-3,79324650000";"-38,58678860000";inter_match
356562;19;4;2020;06:57;0;AV CONTORNO OESTE D71;;;175;;ColisÃ£o Lateral;Amanhecer;Bom;Seca;Meio de Quadra;NÃ£o HÃ¡ Controle;Residencial;0;0;2;1;0;0;0;0;0;0;0;0;"-3,81023423000";"-38,59309600000";mq_qgis
356563;19;4;2020;21:53;0;AV PRS COSTA E SILVA;;;2382;CIALNE;ColisÃ£o Traseira;Mal Iluminada;Bom;Seca;Meio de Quadra;Gesto;Comercial;0;1;2;0;0;0;0;0;0;1;0;0;"-3,82006840000";"-38,56053891000";mq_match
356718;19;4;2020;00:40;0;RD BR 222;;;;KM-01;Choque c/ ObstÃ¡culo Fixo;;Bom;Seca;Meio de Quadra;;;0;0;1;1;0;0;0;0;0;0;0;0;"-3,73769844400";"-38,57814693000";rod_match
356719;19;4;2020;09:50;0;RD BR 116;;;;KM-13;Queda;Luz do Dia;Bom;Seca;Meio de Quadra;;;0;2;0;0;0;0;0;0;0;1;0;0;"-3,86467000000";"-38,49772700000";rod_match
357722;19;4;2020;02:54;0;AV FELINO BARROSO;;;150;;ColisÃ£o;;;;Meio de Quadra;;;0;1;1;1;0;0;0;0;0;1;0;0;"-3,74532816000";"-38,52840080000";mq_qgis
357723;19;4;2020;03:53;0;TR VIA FERREA SOBRAL;;;147;;Queda;;;;Meio de Quadra;;;0;1;0;0;0;0;0;0;0;1;0;0;"-3,72386220000";"-38,57058060000";mq_gpsv
357725;19;4;2020;05:11;0;AV PERIMETRAL;;;531;;ColisÃ£o;Amanhecer;;;Meio de Quadra;;;0;1;0;0;0;0;0;0;0;0;0;0;;;
357726;19;4;2020;07:48;0;AV ALBERTO CRAVEIRO;;;1083;;ColisÃ£o;Luz do Dia;;;Meio de Quadra;;;0;1;1;1;0;0;0;0;0;1;0;0;"-3,78933000000";"-38,51692000000";mq_match
357727;19;4;2020;10:58;0;AV JOAO DE ARAUJO LIMA;;;2381;;Atropelamento;Luz do Dia;;;Meio de Quadra;;;0;1;1;1;0;0;0;0;0;0;0;0;"-3,84301000000";"-38,56293000000";mq_gpsv
357728;19;4;2020;13:22;0;AV A CJ CEARA;;;946;;Queda;Luz do Dia;;;Meio de Quadra;;;0;1;0;0;0;0;0;0;0;1;0;0;"-3,76857000000";"-38,60404400000";mq_qgis
357729;19;4;2020;13:30;17412;RUA BAR SOBRAL;RUA ALBERTO MAGNO;;;;ColisÃ£o;Luz do Dia;;;Cruz;SemÃ¡foro;Comercial;0;1;1;1;0;0;0;0;0;1;0;0;"-3,76799100000";"-38,55241700000";inter_match
357730;19;4;2020;13:46;0;RUA OSVALDO CRUZ (ALDEOTA);;;1400;;ColisÃ£o;Luz do Dia;;;Meio de Quadra;;;0;1;1;1;0;0;0;0;0;1;0;0;"-3,73776400000";"-38,50101500000";mq_qgis
357731;19;4;2020;14:50;0;RUA SOBREIRA FILHO;;;224;;ColisÃ£o;Luz do Dia;;;Meio de Quadra;;;0;1;1;0;0;0;0;0;0;1;0;0;"-3,77951771000";"-38,58181810000";mq_qgis
357732;19;4;2020;15:32;0;AV VIENA WEYNE;;;310;;ColisÃ£o;Luz do Dia;;;Meio de Quadra;;;0;1;1;1;0;0;0;0;0;1;0;0;"-3,80111500000";"-38,49011750000";mq_qgis
357733;19;4;2020;16:09;0;RUA JOSE MONTEIRO DOS SANTOS;;;1290;;Atropelamento;Luz do Dia;;;Meio de Quadra;;;0;1;1;1;0;0;0;0;0;0;0;0;"-3,75062000000";"-38,55020000000";mq_gpsv
357734;19;4;2020;17:38;0;RUA DR JOSE ROBERTO SALES;;;117;;Capotamento;Anoitecer;;;Meio de Quadra;;;0;1;0;1;0;0;0;0;0;0;0;0;"-3,69752000000";"-38,57747000000";mq_gpsv
357735;19;4;2020;18:28;0;AV JOSE JATAHY;;;1350;;ColisÃ£o;Anoitecer;;;Meio de Quadra;;;0;1;0;0;0;0;0;0;0;0;0;0;"-3,73347245000";"-38,54430740000";mq_qgis
357736;19;4;2020;18:54;0;RUA JULIO SILVA;;;;;Queda;;;;Meio de Quadra;;;0;1;0;0;0;1;0;0;0;0;0;0;;;
357737;19;4;2020;21:22;0;RD BR 116;;;11000;KM-11;Atropelamento;;;;Meio de Quadra;;;0;1;1;1;0;0;0;0;0;0;0;0;"-3,84716000000";"-38,49717600000";rod_match
357739;20;4;2020;02:03;0;RUA E CJ VILA VELHA;;;21;;Queda;;;;Meio de Quadra;;;0;1;0;0;0;0;0;0;0;1;0;0;"-3,71150000000";"-38,60111000000";mq_gpsv
357740;20;4;2020;06:46;0;AV GAL OSORIO DE PAIVA;;;6132;;Queda;Luz do Dia;;;Meio de Quadra;;;0;1;0;0;0;0;0;0;0;1;0;0;"-3,80998900000";"-38,60713200000";mq_qgis
357741;20;4;2020;07:35;0;AV JOR THOMAZ COELHO;;;3002;;ColisÃ£o;Luz do Dia;;;Meio de Quadra;;;0;1;1;1;0;0;0;0;0;1;0;0;"-3,82881086000";"-38,52196880000";mq_qgis
357743;20;4;2020;09:22;0;RD BR 116;;;;;Queda;Luz do Dia;;;Meio de Quadra;;;0;1;0;0;0;0;0;0;0;1;0;0;;;
357744;20;4;2020;11:07;0;RUA IRM BAZET;;;314;;ColisÃ£o;Luz do Dia;;;Meio de Quadra;;;0;1;1;1;0;0;0;0;0;1;0;0;"-3,76243791000";"-38,55465160000";mq_qgis
357745;20;4;2020;12:46;0;RUA EMILIO DE MENESES;;;2095;;ColisÃ£o;Luz do Dia;;;Meio de Quadra;;;0;1;1;1;0;0;0;0;0;1;0;0;"-3,77818200000";"-38,60012500000";mq_match
357746;20;4;2020;13:58;5421;AV VIS RIO BRANCO;AV DUQ CAXIAS;;;;ColisÃ£o;Luz do Dia;;;;;;0;1;1;1;0;0;0;0;0;1;0;0;"-3,73348100000";"-38,52460300000";inter_match
357747;20;4;2020;14:45;0;RUA AFONSO LOPES;;;665;;Queda;Luz do Dia;;;Meio de Quadra;;;0;1;0;0;0;0;0;0;0;1;0;0;"-3,79357000000";"-38,54833000000";mq_gpsv
357748;20;4;2020;18:36;11582;AV ROGACIANO LEITE;RUA RICARDO A BRAGA;;;;Queda;;;;Cruz;Pare;Residencial;0;1;0;0;0;0;0;0;0;1;0;0;"-3,78667100000";"-38,50331500000";inter_match
357749;20;4;2020;21:18;0;AV PERIMETRAL;;;;;Atropelamento;;;;Meio de Quadra;;;0;1;1;1;0;0;0;0;0;0;0;0;;;
356564;20;4;2020;08:50;7871;RUA LEONARDO MOTA;RUA PRO FRANCISCO GONCALVES;;;;ColisÃ£o Transversal;Luz do Dia;Bom;Seca;Cruz;Pare;Comercial;0;0;2;1;0;0;0;0;0;0;0;0;"-3,74730800000";"-38,49974800000";inter_match
356565;20;4;2020;20:30;0;RUA LEONARDO MOTA;;;1200;;Choque c/ ObstÃ¡culo Fixo;Via Iluminada;Bom;Seca;Meio de Quadra;NÃ£o HÃ¡ Controle;Residencial;0;0;1;1;0;0;0;0;0;0;0;0;"-3,73657200000";"-38,49630100000";mq_qgis
356566;21;4;2020;08:28;0;RUA CEL ALVES TEIXEIRA;;;1064;;Choque c/ ObstÃ¡culo Fixo;Luz do Dia;Nublado;Molhada;Meio de Quadra;NÃ£o HÃ¡ Controle;Residencial;0;1;0;1;0;0;0;0;0;0;0;0;"-3,74621949000";"-38,51179710000";mq_qgis
356567;21;4;2020;16:09;7923;AV GOV RAUL BARBOSA;RUA ISAC AMARAL;;;;ColisÃ£o;Luz do Dia;Nublado;Seca;Cruz;SemÃ¡foro;Residencial;0;1;1;1;0;0;0;0;0;1;0;0;"-3,75301900000";"-38,50372600000";inter_match
356568;21;4;2020;21:13;23512;RUA ANA GONCALVES;RUA HERMINIO BARROSO;;;;ColisÃ£o;Via Iluminada;Chuva;Molhada;Cruz;Pare;Residencial;0;0;2;1;0;0;0;0;0;1;0;0;"-3,75937000000";"-38,51071000000";inter_gpsv
356576;21;4;2020;07:00;0;AV CHANC EDSON QUEIROZ;;;0;;ColisÃ£o Transversal;Luz do Dia;Nublado;Molhada;Meio de Quadra;NÃ£o HÃ¡ Controle;Residencial;0;0;2;1;0;0;0;0;0;0;0;0;"-3,76485320000";"-38,49343000000";mq_match
356577;21;4;2020;17:30;0;AV DES MOREIRA;RUA GAL POTIGUARA;;0;;ColisÃ£o Transversal;Luz do Dia;Nublado;Seca;;;;0;2;0;1;0;0;0;0;0;1;0;0;"-3,74317400000";"-38,50055300000";inter_match
356585;21;4;2020;13:58;0;RUA DEMETRIO MENEZES;;;0;;Queda;Luz do Dia;Nublado;Seca;Outros;NÃ£o HÃ¡ Controle;Comercial;0;1;0;0;0;0;0;0;0;1;0;0;"-3,74033280000";"-38,58522800000";mq_match
357750;21;4;2020;06:49;12926;AV ANTONIO SALES;AV VIS RIO BRANCO;;;;ColisÃ£o;Luz do Dia;;;Outros;SemÃ¡foro;Comercial;0;1;1;1;0;0;0;0;0;1;0;0;"-3,73857400000";"-38,52358900000";inter_match
357759;21;4;2020;08:19;19669;RUA GUSTAVO SAMPAIO;RUA PRO RAIMUNDO ARRUDA;;;;Queda;Luz do Dia;;;Cruz;Pare;Residencial;0;1;0;0;0;0;0;0;0;1;0;0;"-3,73432800000";"-38,55191500000";inter_match
357760;21;4;2020;12:16;0;RUA PDE PEDRO DE ALENCAR;;;;;Atropelamento;Luz do Dia;;;Meio de Quadra;;;0;1;1;1;0;0;0;0;0;0;0;0;;;
357762;21;4;2020;15:06;0;RUA FLORIANO PEIXOTO;;;1716;;Atropelamento;Luz do Dia;;;Meio de Quadra;;;0;1;1;1;0;0;0;0;0;0;0;0;"-3,73721703000";"-38,53039370000";mq_qgis
357763;21;4;2020;18:05;0;AV GAL MURILO BORGES;;;;;ColisÃ£o;Anoitecer;;;Meio de Quadra;;;0;1;1;1;0;0;0;0;0;1;0;0;;;
357764;21;4;2020;19:23;0;AV HERACLITO GRACA;;;100;;ColisÃ£o;;;;Meio de Quadra;;;0;1;1;1;0;0;0;0;0;1;0;0;"-3,73370600000";"-38,52390500000";mq_match
358901;21;4;2020;17:30;1589;AV DES MOREIRA;RUA GAL TERTULIANO POTYGUARA;;;;ColisÃ£o;Anoitecer;;;Cruz;SemÃ¡foro;Comercial;0;0;2;1;0;0;0;0;0;1;0;0;"-3,74313000000";"-38,50056800000";inter_match
357765;22;4;2020;07:26;0;RUA PORTO VELHO;;;270;;Queda;Luz do Dia;;;Meio de Quadra;;;0;1;0;0;0;0;0;0;0;1;0;0;"-3,76795391000";"-38,58332620000";mq_qgis
357767;22;4;2020;12:22;0;RUA PERILIO TEIXEIRA;;;790;;ColisÃ£o;Luz do Dia;;;Meio de Quadra;;;0;1;1;1;0;0;0;0;0;1;0;0;"-3,75766800000";"-38,60153230000";mq_qgis
357768;22;4;2020;13:08;0;AV GODOFREDO MACIEL;;;;;ColisÃ£o;Luz do Dia;;;Meio de Quadra;;;0;1;1;1;0;0;0;0;0;0;0;0;;;
357772;22;4;2020;15:18;0;RD BR 116;;;;;Queda;Luz do Dia;;;Meio de Quadra;;;0;1;0;0;0;0;0;0;0;1;0;0;;;
357773;22;4;2020;15:25;0;RUA UM (MONDUBIM);;;4025;;ColisÃ£o;Luz do Dia;;;Meio de Quadra;;;0;1;1;1;0;0;0;0;0;1;0;0;"-3,83221400000";"-38,58102160000";mq_gpsv
357774;22;4;2020;16:59;10907;RUA PORTO VELHO;RUA GUARANI D35 (JOAO XXIII);;;;ColisÃ£o;Luz do Dia;;;Cruz;Pare;Residencial;0;1;1;1;0;0;0;0;0;1;0;0;"-3,76844100000";"-38,58239600000";inter_match
357770;22;4;2020;13:50;0;AV H CJ CEARA;;;2400;;ColisÃ£o;Luz do Dia;;;Meio de Quadra;;;0;1;1;1;0;0;0;0;0;1;0;0;"-3,77687000000";"-38,62006650000";mq_match
357836;22;4;2020;17:00;0;AV PERIMETRAL;;;900;;ColisÃ£o;Anoitecer;;;Meio de Quadra;;;0;1;1;0;0;0;1;0;0;1;0;0;;;
357837;22;4;2020;18:24;0;AV MR HULL;;;;;Atropelamento;Anoitecer;;;Meio de Quadra;;;0;1;1;0;0;0;0;0;0;1;0;0;;;
357839;22;4;2020;19:12;0;RUA MAJ MONTENEGRO;;;687;;ColisÃ£o;;;;Meio de Quadra;;;0;1;1;1;0;0;0;0;0;1;0;0;"-3,79860090000";"-38,58062680000";mq_qgis
357840;22;4;2020;21:41;0;AV SGT HERMINIO SAMPAIO;;;73;;Queda;;;;Meio de Quadra;;;0;1;0;0;0;0;0;0;0;1;0;0;"-3,73409500000";"-38,58988400000";mq_qgis
357841;22;4;2020;22:28;0;RUA MIGUEL COUTO;;;414;;Queda;;;;Meio de Quadra;;;0;1;0;0;0;0;0;0;0;1;0;0;"-3,83877000000";"-38,48989000000";mq_gpsv
356569;22;4;2020;06:42;17316;RUA TEN MOACIR MATOS;RUA ZACARIAS GONDIM;;;;ColisÃ£o;Luz do Dia;Nublado;Molhada;Outros;Pare;Residencial;0;0;2;0;0;0;0;0;0;0;0;0;"-3,76444700000";"-38,55681900000";inter_match
356570;22;4;2020;07:19;0;AV PRS JUSCELINO KUBITSCHEK (PASSARÃ‰);;;0;;ColisÃ£o Traseira;Luz do Dia;Bom;Seca;RotatÃ³ria;DÃª PreferÃªncia;Residencial;0;1;1;1;0;0;0;0;0;0;0;0;"-3,82236550000";"-38,53604850000";mq_boat
356571;22;4;2020;09:25;0;AV CONTORNO (CASTELÃƒO);;;41;;ColisÃ£o Lateral;Luz do Dia;Bom;Seca;T;Pare;Residencial;0;2;1;0;1;0;0;0;0;1;0;0;"-3,84209000000";"-38,58524000000";mq_gpsv
356572;22;4;2020;13:10;0;RUA ERETIDES MARTINS;;;1667;;ColisÃ£o;Luz do Dia;Bom;Seca;Meio de Quadra;;;0;1;1;0;0;0;0;0;0;1;0;0;"-3,73415400000";"-38,55759500000";mq_match
356573;22;4;2020;14:00;19714;RUA ERICO MOTA;RUA GUSTAVO SAMPAIO;;;;ColisÃ£o Transversal;Luz do Dia;Nublado;Seca;Cruz;SemÃ¡foro;Residencial;0;1;1;1;0;0;0;0;0;1;0;0;"-3,73652240000";"-38,56260300000";inter_match
356574;22;4;2020;18:25;18198;AV DIOGUINHO;RUA LIV POLARY MAIA;;;;ColisÃ£o Lateral;Anoitecer;Nublado;Seca;Cruz;Pare;Residencial;0;2;1;0;1;0;0;0;0;1;0;0;"-3,76696830000";"-38,44030800000";inter_match
357842;23;4;2020;06:50;0;RUA MANUEL SATIRO;;;1150;;Queda;Luz do Dia;;;Meio de Quadra;;;0;1;0;0;0;0;0;0;0;1;0;0;"-3,80793900000";"-38,57819200000";mq_match
357843;23;4;2020;07:09;0;RD BR 116;;;;;ColisÃ£o;Luz do Dia;;;Meio de Quadra;;;0;1;0;0;0;0;0;0;0;0;0;0;;;
357844;23;4;2020;08:59;0;RUA RAUL CABRAL;;;630;;ColisÃ£o;Luz do Dia;;;Meio de Quadra;;;0;1;0;0;0;0;0;0;0;0;0;0;"-3,76913207000";"-38,54411240000";mq_qgis
357845;23;4;2020;10:30;0;RD QUARTO ANEL VIARIO;;;;;ColisÃ£o;Luz do Dia;;;Meio de Quadra;;;0;1;1;1;0;0;0;0;0;1;0;0;;;
357846;23;4;2020;10:44;0;AV JOSE JATAHY;;;;;Queda;Luz do Dia;;;Meio de Quadra;;;0;1;0;0;0;0;0;0;0;1;0;0;;;
357847;23;4;2020;11:17;0;RUA VITAL BRASIL;;;867;;ColisÃ£o;Luz do Dia;;;Meio de Quadra;;;0;1;1;0;0;0;0;0;0;1;0;0;"-3,78066600000";"-38,58865000000";mq_qgis
357848;23;4;2020;11:56;15437;AV FRE CIRILO;RUA HOMEM DE MELO;;;;ColisÃ£o;Luz do Dia;;;Duplo T;Pare;Comercial;0;1;1;1;0;0;0;0;0;1;0;0;"-3,81703900000";"-38,49752800000";inter_match
357849;23;4;2020;15:05;15331;RUA SILVA PAULET;RUA PEREIRA FILGUEIRAS;;;;ColisÃ£o;Luz do Dia;;;Cruz;Pare;Comercial;0;1;1;1;0;0;0;0;0;1;0;0;"-3,73125400000";"-38,50435000000";inter_match
357850;23;4;2020;15:48;0;AV PASTEUR;;;524;;ColisÃ£o;Luz do Dia;;;Meio de Quadra;;;0;1;1;0;0;0;0;0;0;1;0;0;"-3,71050171000";"-38,55865340000";mq_qgis
357851;23;4;2020;16:49;12352;RUA MON HIPOLITO BRASIL;RUA ERNESTO PEDRO SANTOS;;;;ColisÃ£o;Luz do Dia;;;Cruz;Pare;Residencial;0;1;1;1;0;0;0;0;0;1;0;0;"-3,76077500000";"-38,57531400000";inter_match
357852;23;4;2020;18:35;0;AV GODOFREDO MACIEL;;;;;ColisÃ£o;;;;Meio de Quadra;;;0;1;1;1;0;0;0;0;0;1;0;0;;;
357853;23;4;2020;18:37;0;RUA JOAO FAUSTINO RIBEIR;;;59;;Queda;;;;Meio de Quadra;;;0;1;0;0;0;0;0;0;0;1;0;0;"-3,80176000000";"-38,59844000000";mq_gpsv
357854;23;4;2020;19:37;0;AV JOR THOMAZ COELHO;;;1891;;ColisÃ£o;;;;Meio de Quadra;;;0;1;1;1;0;0;0;0;0;1;0;0;"-3,82899700000";"-38,51203800000";mq_qgis
357855;23;4;2020;19:43;0;AV PRS CASTELO BRANCO;;;;;Queda;;;;Meio de Quadra;;;0;1;0;0;0;0;0;0;0;1;0;0;;;
357856;23;4;2020;20:03;0;AV ROGACIANO LEITE;;;1088;;ColisÃ£o;;;;Meio de Quadra;;;0;1;1;0;0;0;0;0;0;1;0;0;"-3,76732000000";"-38,49688000000";mq_gpsv
357857;23;4;2020;20:07;0;AV DOMINGOS OLIMPIO;;;2225;;Queda;;;;Meio de Quadra;;;0;1;0;0;0;0;0;0;0;1;0;0;"-3,73315990000";"-38,54332970000";mq_gpsv
357858;23;4;2020;21:58;0;RUA CARLOS VASCONCELOS;;;170;;Queda;;;;Meio de Quadra;;;0;1;0;0;0;1;0;0;0;0;0;0;"-3,72362300000";"-38,50776500000";mq_match
357792;24;4;2020;17:15;0;AV SANTOS DUMONT;;;4000;;ColisÃ£o;Anoitecer;;;Meio de Quadra;;;0;1;0;1;0;0;0;0;0;1;0;0;"-3,73936800000";"-38,48863800000";mq_match
357800;24;4;2020;20:33;0;RD BR 116;;;11000;KM-11;Atropelamento;;;;Meio de Quadra;;;0;1;0;0;0;0;0;0;0;1;0;0;"-3,84716000000";"-38,49717600000";rod_match
357784;24;4;2020;06:56;0;AV JOR THOMAZ COELHO;;;;;Atropelamento;Luz do Dia;;;Meio de Quadra;;;0;1;0;0;1;0;0;0;0;0;0;0;;;
357785;24;4;2020;08:40;0;AV AUGUSTO DOS ANJOS;;;500;;Queda;Luz do Dia;;;Meio de Quadra;;;0;1;0;0;0;0;0;0;0;1;0;0;"-3,77312536000";"-38,57286580000";mq_qgis
357786;24;4;2020;08:44;0;RUA ELCIAS LOPES;;;840;;ColisÃ£o;Luz do Dia;;;Meio de Quadra;;;0;1;0;1;0;0;1;0;0;0;0;0;"-3,77209000000";"-38,55291400000";mq_qgis
357787;24;4;2020;10:07;0;RUA METON DE ALENCAR;;;;;Queda;Luz do Dia;;;Meio de Quadra;;;0;1;0;0;0;0;0;0;0;1;0;0;;;
357788;24;4;2020;10:39;0;RUA MANUEL GALDINO;;;1936;;Queda;Luz do Dia;;;Meio de Quadra;;;0;1;0;0;0;0;0;0;0;1;0;0;"-3,79436000000";"-38,61093000000";mq_gpsv
357789;24;4;2020;11:37;0;RUA MONTE LIBANO;;;833;;ColisÃ£o;Luz do Dia;;;Meio de Quadra;;;0;1;0;1;0;0;0;0;0;1;0;0;"-3,82671800000";"-38,56350500000";mq_match
357790;24;4;2020;16:43;0;RUA ADOLFO B DE MENEZES;;;;;ColisÃ£o;Luz do Dia;;;Meio de Quadra;;;0;1;0;0;0;0;0;0;0;0;0;0;;;
357803;24;4;2020;22:25;0;AV GOV RAUL BARBOSA;;;6706;;Queda;;;;Meio de Quadra;;;0;1;0;0;0;0;0;0;0;1;0;0;"-3,77282021000";"-38,51250760000";mq_qgis