COD_ACIDENTE;DIA;MES;ANO;HORA;INTERSECAO;LOG1;LOG2;LOG3;NUMERO;REFERENCIA;NATUREZA;ILUMINACAO;TEMPO;SUPERFICIEPISTA;TIPOCRUZAMENTO;CONTROLETRAFEGO;USOSOLO;MORTOS;FERIDOS;ILESOS;AUTOMOVEL;ONIBUS;BICICLETA;CAMINHAO;MICROONIBUS;CICLOMOTOR;MOTOCICLETA;TRACAOANIMAL;TREM;LATITUDE;LONGITUDE;METODO
357804;24;4;2020;22:25;0;RUA SAO FRANCISCO D34;;;219;;Queda;;;;Meio de Quadra;;;0;1;0;0;0;0;0;0;0;1;0;0;"-3,78431667000";"-38,58830860000";mq_qgis
357807;24;4;2020;23:07;0;RUA OSCAR ARARIPE;;;347;;ColisÃ£o;;;;Meio de Quadra;;;0;1;0;1;0;0;0;0;0;1;0;0;"-3,79270100000";"-38,59460000000";mq_qgis
357808;24;4;2020;23:50;21602;RUA CON DE CASTRO;RUA STA LIDUINA D42;;;;Choque c/ ObstÃ¡culo Fixo;;;;Cruz;SemÃ¡foro;Comercial;2;3;0;1;0;0;0;0;0;0;0;0;"-3,79748200000";"-38,58498600000";inter_match
357794;24;4;2020;18:01;0;AV MR HULL;;;6570;;Atropelamento;Anoitecer;;;Meio de Quadra;;;0;1;0;0;0;0;0;0;0;1;0;0;;;
357795;24;4;2020;18:42;0;AV JOSE LEON;;;929;;ColisÃ£o;;;;Meio de Quadra;;;0;1;0;0;0;0;0;0;0;0;0;0;"-3,78785000000";"-38,50138000000";mq_gpsv
356499;24;4;2020;15:30;0;RD CE-040;;;;KM-03;ColisÃ£o;Luz do Dia;;Seca;Meio de Quadra;;;0;0;2;1;0;0;0;0;0;0;0;0;"-3,78261432500";"-38,48108390000";rod_match
356578;24;4;2020;08:56;11001;RUA ANTONIO FIUZA;RUA ELCIAS LOPES;;;;ColisÃ£o;Luz do Dia;Chuva;Molhada;Cruz;Pare;Comercial;0;1;0;0;0;0;0;0;0;1;0;0;"-3,77209000000";"-38,55291400000";inter_match
356579;24;4;2020;09:32;7809;RUA FRANCISCO HOLANDA;RUA VIS MAUA;;;;Tombamento;Luz do Dia;Chuva;Molhada;Cruz;Pare;Comercial;0;0;1;0;0;0;0;0;0;0;0;0;"-3,74902900000";"-38,50356100000";inter_match
356580;25;4;2020;09:17;7752;AV CARNEIRO DE MENDONCA;AV JOAO PESSOA;;;;ColisÃ£o Traseira;Luz do Dia;Chuva;Molhada;T;SemÃ¡foro;Comercial;0;0;2;1;0;0;0;0;0;0;0;0;"-3,76722200000";"-38,55980800000";inter_match
357809;25;4;2020;00:22;0;RUA PRO HERIBALDO COSTA;;;1559;;Queda;;;;Meio de Quadra;;;0;1;0;0;0;0;0;0;0;1;0;0;"-3,76546750000";"-38,58674250000";mq_qgis
357810;25;4;2020;00:55;0;RD BR 116;;;14000;KM-14;Queda;;;;Meio de Quadra;;;0;1;0;0;0;0;0;0;0;1;0;0;"-3,87352300000";"-38,49924200000";rod_match
357811;25;4;2020;01:35;0;RUA ISRAEL BEZERRA;;;1155;;Queda;;;;Meio de Quadra;;;0;1;0;0;0;0;0;0;0;1;0;0;"-3,75122000000";"-38,49103000000";mq_gpsv
357812;25;4;2020;01:46;0;AV ENG SANTANA JUNIOR;;;;;Acidente Pessoal;;;;Meio de Quadra;;;0;1;0;0;0;0;0;0;0;1;0;0;;;
357814;25;4;2020;02:37;0;AV MR HULL;;;4000;;ColisÃ£o;;;;Meio de Quadra;;;0;1;0;1;0;1;0;0;0;0;0;0;"-3,73791200000";"-38,57978300000";mq_match
357815;25;4;2020;04:06;0;AV WASHINGTON SOARES;;;;;ColisÃ£o;;;;Meio de Quadra;;;0;1;0;1;0;0;0;0;0;1;0;0;;;
357816;25;4;2020;04:19;0;RUA PERGENTINO MAIA;;;5301;;Atropelamento;;;;Meio de Quadra;;;0;1;0;1;0;0;0;0;0;0;0;0;"-3,83224140000";"-38,48302300000";mq_gpsv
357817;25;4;2020;08:29;0;RUA MARIO FILHO;;;983;;Choque c/ ObstÃ¡culo Fixo;Luz do Dia;;;Meio de Quadra;;;0;1;0;0;0;0;0;0;0;0;0;0;"-3,80524000000";"-38,58801000000";mq_gpsv
357818;25;4;2020;09:24;0;AV PERIMETRAL;;;5301;;ColisÃ£o;Luz do Dia;;;Meio de Quadra;;;0;1;0;1;0;0;0;0;0;1;0;0;;;
357819;25;4;2020;10:46;0;RUA VALPARAISO;;;402;;ColisÃ£o;Luz do Dia;;;Meio de Quadra;;;0;1;0;1;0;1;0;0;0;0;0;0;"-3,85016000000";"-38,50843000000";mq_gpsv
357820;25;4;2020;11:29;0;AV GAL OSORIO DE PAIVA;;;;;Queda;Luz do Dia;;;Meio de Quadra;;;0;1;0;0;0;0;0;0;0;1;0;0;;;
357821;25;4;2020;11:44;1219;RUA JOAO CORDEIRO;RUA COSTA BARROS;;;;ColisÃ£o;Luz do Dia;;;Cruz;SemÃ¡foro;Residencial;0;1;0;1;0;0;0;0;0;0;0;0;"-3,72944900000";"-38,51433100000";inter_match
357822;25;4;2020;13:26;0;RUA C (LOT PRQ ARACAPE);;;1125;;Queda;Luz do Dia;;;Meio de Quadra;;;0;1;0;0;0;0;0;0;0;1;0;0;"-3,82029470000";"-38,55596110000";mq_gpsv
357823;25;4;2020;13:51;6745;RUA PRO OTAVIO LOBO;RUA BENTO ALBUQUERQUE;;;;ColisÃ£o;Luz do Dia;;;Cruz;SemÃ¡foro;Residencial;0;1;0;1;0;0;0;0;0;1;0;0;"-3,74503500000";"-38,47919600000";inter_match
357824;25;4;2020;13:58;0;AV CEL CARVALHO;;;1146;;ColisÃ£o;Luz do Dia;;;Meio de Quadra;;;0;1;0;1;0;0;0;0;0;1;0;0;"-3,71236230000";"-38,58921000000";mq_match
357825;25;4;2020;13:59;0;RUA CEL ABELARDO RODRIGUES;;;;;ColisÃ£o;Luz do Dia;;;Meio de Quadra;;;0;1;1;1;0;0;0;0;0;1;0;0;;;
357826;25;4;2020;17:16;0;RUA DIOGO CORREIA;;;491;;Queda;Anoitecer;;;Meio de Quadra;;;0;1;0;0;0;0;0;0;0;1;0;0;"-3,77011300000";"-38,59051800000";mq_match
357827;25;4;2020;20:16;15708;AV WASHINGTON SOARES;RUA GUILHERME PESSOA;;;;Atropelamento;;;;;;;1;0;1;1;0;0;0;0;0;0;0;0;"-3,82781000000";"-38,48221000000";inter_gpsv
357828;25;4;2020;22:26;0;RUA MACEIO;;;1715;;ColisÃ£o;;;;Meio de Quadra;;;0;1;0;0;0;0;0;0;0;0;0;0;"-3,76663000000";"-38,59201000000";mq_gpsv
357829;25;4;2020;23:10;0;AV OLIVEIRA PAIVA;;;1205;;Queda;;;;Meio de Quadra;;;0;1;0;0;0;0;0;0;0;1;0;0;"-3,79544100000";"-38,49588400000";mq_match
357830;26;4;2020;00:43;0;RUA 13 UI 308;;;133;;ColisÃ£o;;;;Meio de Quadra;;;0;1;0;1;0;0;1;0;0;0;0;0;"-3,78461772000";"-38,50166790000";mq_qgis
357831;26;4;2020;02:18;0;RUA DOM XISTO ALBANO;;;1150;;Queda;;;;Meio de Quadra;;;0;1;0;0;0;0;0;0;0;1;0;0;"-3,79464465000";"-38,58339570000";mq_qgis
357832;26;4;2020;03:58;0;RUA BENEDITO MACEDO;;;;;ColisÃ£o;;;;Meio de Quadra;;;0;1;0;0;0;0;0;0;0;0;0;0;;;
357833;26;4;2020;05:37;0;AV LINEU MACHADO;;;;;ColisÃ£o;Amanhecer;;;Meio de Quadra;;;0;1;0;1;0;0;0;0;0;1;0;0;;;
357834;26;4;2020;07:23;0;RUA JATAI D71;;;300;;Tombamento;Luz do Dia;;;Meio de Quadra;;;0;1;0;0;0;0;0;0;0;0;0;0;"-3,83075000000";"-38,58261000000";mq_gpsv
357835;26;4;2020;08:02;5340;AV DUQ CAXIAS;RUA VINTE E QUATRO DE MAIO;;;;Atropelamento;Luz do Dia;;;Cruz;SemÃ¡foro;Comercial;0;1;0;1;0;0;0;0;0;0;0;0;"-3,73070800000";"-38,53323000000";inter_match
357861;26;4;2020;08:38;0;AV ABOLICAO;;;4917;;Queda;Luz do Dia;;;Meio de Quadra;;;0;1;0;0;0;0;0;0;0;1;0;0;;;
357862;26;4;2020;11:16;0;RUA VITAL BRASIL;;;2100;;ColisÃ£o;Luz do Dia;;;Meio de Quadra;;;1;0;1;1;0;0;0;0;0;1;0;0;"-3,77756788000";"-38,59959250000";mq_qgis
357863;26;4;2020;14:18;0;AV DR SILAS MUNGUBA;;;4956;;Queda;Luz do Dia;;;Meio de Quadra;;;0;1;0;0;0;0;0;0;0;1;0;0;"-3,79717180000";"-38,53155500000";mq_match
357865;26;4;2020;14:37;0;RUA CEL MATOS DOURADO;;;2000;;Queda;Luz do Dia;;;Meio de Quadra;;;0;1;0;0;0;0;0;0;0;1;0;0;"-3,75894230000";"-38,58525830000";mq_gpsv
357867;26;4;2020;15:51;0;RUA ANTONIO BANDEIRA D41;;;120;;Queda;Luz do Dia;;;Meio de Quadra;;;0;1;0;0;0;0;0;0;0;1;0;0;"-3,78359500000";"-38,56483400000";mq_match
357868;26;4;2020;17:04;0;RUA RIO VENTURA;;;8;;Outros;Anoitecer;;;Meio de Quadra;;;0;1;0;0;0;1;0;0;0;0;0;0;"-3,74627000000";"-38,59915000000";mq_gpsv
357870;26;4;2020;18:07;0;RUA CHASTINET GUIMARAES;;;291;;Queda;Anoitecer;;;Meio de Quadra;;;0;1;0;0;0;1;0;0;0;0;0;0;"-3,72330511000";"-38,56572960000";mq_qgis
357871;26;4;2020;18:20;0;RUA POMPILIO GOMES;;;1590;;Atropelamento;Anoitecer;;;Meio de Quadra;;;0;1;0;1;0;0;0;0;0;0;0;0;"-3,82569984800";"-38,52115445000";mq_match
357872;26;4;2020;19:11;0;RUA TIBURCIO CAVALCANTE;;;2682;;NÃ£o Informado;;;;Meio de Quadra;;;0;1;0;0;0;0;0;0;0;1;0;0;"-3,74833000000";"-38,50651000000";mq_gpsv
357873;26;4;2020;19:11;0;RUA RIO GRANDE DO SUL;;;369;;Queda;;;;Meio de Quadra;;;0;1;0;0;0;1;0;0;0;0;0;0;"-3,75251189000";"-38,56364790000";mq_qgis
356581;26;4;2020;15:44;9154;AV 13 DE MAIO;RUA MARTINHO RODRIGUES;;;;ColisÃ£o Transversal;Luz do Dia;Bom;Seca;Cruz;SemÃ¡foro;Comercial;0;1;1;1;0;0;0;0;0;1;0;0;"-3,75283200000";"-38,52522100000";inter_match
356582;26;4;2020;17:34;0;RUA PEREIRA DE MIRANDA;;;1155;;ColisÃ£o Frontal;Anoitecer;Bom;Seca;Meio de Quadra;NÃ£o HÃ¡ Controle;Residencial;0;1;1;1;0;1;0;0;0;0;0;0;"-3,74211100000";"-38,47464700000";mq_qgis
356583;26;4;2020;18:51;0;AV CARNEIRO DE MENDONCA;;;1600;;ColisÃ£o Traseira;Via Iluminada;Chuva;Molhada;Meio de Quadra;NÃ£o HÃ¡ Controle;Comercial;0;0;2;1;0;0;0;0;0;0;0;0;"-3,76075100000";"-38,57320550000";mq_qgis
356584;27;4;2020;00:30;2957;RUA PEDRO MARTINS;RUA GUAIRA D50;;;;ColisÃ£o Lateral;Via Iluminada;Chuva;Molhada;Cruz;Pare;Residencial;0;0;2;1;0;0;0;0;0;0;0;0;"-3,79921000000";"-38,60204000000";inter_gpsv
356588;27;4;2020;08:53;0;AV PRS COSTA E SILVA;;;0;;ColisÃ£o Traseira;Luz do Dia;Chuva;Molhada;Meio de Quadra;NÃ£o HÃ¡ Controle;Residencial;0;0;2;1;0;0;0;0;0;0;0;0;"-3,81576060000";"-38,56845500000";mq_match
356586;27;4;2020;20:00;1558;RUA PDE VALDEVINO;AV BAR STUDART;;;;ColisÃ£o Transversal;Via Iluminada;Bom;Molhada;Cruz;Gesto;Comercial;0;1;0;1;0;1;0;0;0;0;0;0;"-3,74164100000";"-38,50885500000";inter_match
357874;27;4;2020;01:58;0;AV DOM MANUEL;;;445;;ColisÃ£o;;;;Meio de Quadra;;;0;1;1;0;0;0;0;0;0;0;0;0;"-3,72808790000";"-38,52102490000";mq_qgis
357876;27;4;2020;08:15;1413;RUA BARBARA DE ALENCAR;RUA JOAO CORDEIRO;;;;ColisÃ£o;Luz do Dia;;;Cruz;Pare;Comercial;0;2;0;0;0;0;0;0;0;1;0;0;"-3,73704100000";"-38,51698700000";inter_match
357877;27;4;2020;09:21;0;AV GAL OSORIO DE PAIVA;;;929;;Queda;Luz do Dia;;;Meio de Quadra;;;0;1;0;0;0;0;0;0;0;1;0;0;"-3,77806100000";"-38,57036000000";mq_match
357878;27;4;2020;10:40;17551;RUA DR JOSE LINO;RUA MANUEL JESUINO;;;;ColisÃ£o;Luz do Dia;;;Cruz;SemÃ¡foro;Comercial;0;1;0;0;0;0;0;0;0;0;0;0;"-3,72991060000";"-38,48512300000";inter_match
357883;27;4;2020;17:25;0;AV PRS CASTELO BRANCO;;;240;;Atropelamento;Anoitecer;;;Meio de Quadra;;;0;1;0;1;0;0;0;0;0;0;0;0;"-3,72130000000";"-38,52710000000";mq_match
357884;27;4;2020;19:14;24820;AV MOZART PINHEIRO DE LUCENA;RUA CARLOS WALRAVEN;;;;ColisÃ£o;;;;Cruz;Pare;Misto;0;1;0;1;0;0;0;0;0;1;0;0;"-3,71870100000";"-38,59580100000";inter_match
357885;27;4;2020;19:23;0;AV BAR STUDART;;;;;ColisÃ£o;;;;Meio de Quadra;;;0;1;0;1;0;1;0;0;0;0;0;0;;;
357886;27;4;2020;21:09;2830;RUA OSCAR FRANCA;AV GAL OSORIO DE PAIVA;;;;ColisÃ£o;;;;T;SemÃ¡foro;Comercial;0;1;0;0;0;0;0;0;0;0;0;0;"-3,79447300000";"-38,59211300000";inter_match
359612;27;4;2020;04:33;0;RUA POMPILIO GOMES;;;1590;;Atropelamento;;;;Meio de Quadra;;;1;0;1;0;0;0;0;0;0;0;0;0;"-3,82569984800";"-38,52115445000";mq_match
358907;28;4;2020;20:10;0;AV CASTELO DE CASTRO;;;997;;ColisÃ£o;;;;Meio de Quadra;;;0;0;1;0;0;0;0;0;0;0;0;0;"-3,83833000000";"-38,52161000000";mq_gpsv
358908;28;4;2020;12:30;0;RUA EDMUNDO FALCAO;;;235;;ColisÃ£o;Luz do Dia;;;Meio de Quadra;;;0;0;2;1;0;0;1;0;0;0;0;0;"-3,74948000000";"-38,45003000000";mq_gpsv
357887;28;4;2020;00:58;0;AV PRS JUSCELINO KUBITSCHEK (PASSARÃ‰);;;3595;;Atropelamento;;;;Meio de Quadra;;;0;1;0;1;0;0;0;0;0;0;0;0;"-3,81366000000";"-38,52957000000";mq_gpsv
357888;28;4;2020;01:07;0;RUA 418 CJ SAO CRISTOVAO;;;212;;Queda;;;;Meio de Quadra;;;0;1;0;0;0;0;0;0;0;1;0;0;"-3,82251910000";"-38,53872010000";mq_gpsv
357889;28;4;2020;06:45;0;AV DUQ CAXIAS;;;;;Atropelamento;Luz do Dia;;;Meio de Quadra;;;0;1;0;1;0;0;0;0;0;0;0;0;;;
357890;28;4;2020;07:24;0;RUA VALPARAISO;;;8;;ColisÃ£o;Luz do Dia;;;Meio de Quadra;;;0;1;0;1;0;0;0;0;0;1;0;0;"-3,84632000000";"-38,52030000000";mq_gpsv
357891;28;4;2020;07:55;0;RUA RAUL CABRAL;;;1921;;ColisÃ£o;Luz do Dia;;;Meio de Quadra;;;0;1;0;1;0;0;0;0;0;1;0;0;;;
357892;28;4;2020;08:50;0;AV A CJ JOSE WALTER;;;170;;ColisÃ£o;Luz do Dia;;;Meio de Quadra;;;0;1;0;1;0;0;0;0;0;1;0;0;"-3,82543100000";"-38,55226700000";mq_match
357893;28;4;2020;08:55;0;AV JOSE BASTOS;;;2330;;Acidente Pessoal;Luz do Dia;;;Meio de Quadra;;;0;1;0;0;0;0;0;0;0;1;0;0;"-3,74266000000";"-38,54320000000";mq_gpsv
357894;28;4;2020;08:59;0;RUA MONTE LIBANO;;;1023;;Queda;Luz do Dia;;;Meio de Quadra;;;0;1;0;0;0;0;0;0;0;1;0;0;"-3,82892528000";"-38,56518340000";mq_qgis
357895;28;4;2020;09:25;0;RUA DEMETRIO MENEZES;;;3640;;ColisÃ£o;Luz do Dia;;;Meio de Quadra;;;0;1;0;1;0;0;0;0;0;1;0;0;"-3,73545000000";"-38,58425000000";mq_gpsv
357896;28;4;2020;10:54;0;AV CONTORNO NORTE D71;;;1580;;Atropelamento;Luz do Dia;;;Meio de Quadra;;;0;1;0;0;0;0;0;0;0;1;0;0;"-3,81084000000";"-38,59027700000";mq_gpsv
357897;28;4;2020;15:25;0;RUA CRISANTO M DA ROCHA;;;1520;;ColisÃ£o;Luz do Dia;;;Meio de Quadra;;;0;1;0;1;0;0;0;0;0;1;0;0;"-3,80156700000";"-38,48138700000";mq_qgis
357898;28;4;2020;16:22;0;RUA DES CARVALHO LIMA D56;;;183;;Queda;Luz do Dia;;;Meio de Quadra;;;0;1;0;0;0;0;0;0;0;1;0;0;"-3,78085400000";"-38,50025200000";mq_gpsv
357899;28;4;2020;16:57;0;AV AGUANAMBI;;;;;ColisÃ£o;Luz do Dia;;;Meio de Quadra;;;0;1;0;1;0;0;0;0;0;1;0;0;;;
357900;28;4;2020;18:14;0;RUA 15 CJ JOSE WALTER;;;;;ColisÃ£o;Anoitecer;;;Meio de Quadra;;;0;1;0;1;0;0;0;0;0;1;0;0;;;
357901;28;4;2020;20:44;0;RD BR 116;;;100;;Queda;;;;Meio de Quadra;;;0;1;0;0;0;0;0;0;0;1;0;0;"-3,76255400000";"-38,51870200000";rod_match
357902;28;4;2020;21:59;0;RUA AUDISIO PINHEIRO;;;364;;ColisÃ£o;;;;Meio de Quadra;;;0;2;0;0;0;0;0;0;0;1;0;0;"-3,75571475000";"-38,58736290000";mq_qgis
357903;28;4;2020;23:27;0;AV DIOGUINHO;;;1705;;ColisÃ£o;;;;Meio de Quadra;;;0;1;0;1;0;0;0;0;0;0;0;0;"-3,73239500000";"-38,45836000000";mq_qgis
357904;28;4;2020;23:47;0;AV COLOMBO DE SOUZA;;;2699;;Atropelamento;;;;Meio de Quadra;;;0;1;0;0;0;0;0;0;0;0;0;0;;;
356628;28;4;2020;20:21;5472;RUA JAIME BENEVOLO;RUA ANTONIO POMPEU;;;;ColisÃ£o Transversal;Via Iluminada;Bom;Seca;Cruz;SemÃ¡foro;Residencial;0;2;0;0;0;0;0;0;0;1;0;0;"-3,73603300000";"-38,52666400000";inter_match
356587;28;4;2020;07:30;0;RUA ANTONIO FIUZA;RUA TRES MARIAS;;0;;NÃ£o Informado;Luz do Dia;Nublado;Seca;Cruz;SemÃ¡foro;Comercial;0;0;1;1;0;0;0;0;0;1;0;0;"-3,77116000000";"-38,55259000000";inter_gpsv
356720;29;4;2020;09:15;0;RD BR 116;;;3000;KM-03;Atropelamento;Luz do Dia;Bom;Seca;Meio de Quadra;;;0;1;1;0;1;0;0;0;0;0;0;0;"-3,77983800000";"-38,51437200000";rod_match
356721;29;4;2020;17:15;0;RD BR 116;;;;KM-14;ColisÃ£o Traseira;Anoitecer;Bom;Seca;Meio de Quadra;;;0;2;0;0;0;0;0;0;0;1;0;0;"-3,87352300000";"-38,49924200000";rod_match
356732;29;4;2020;08:00;0;AV MOZART PINHEIRO DE LUCENA;;;527;;Choque c/ ObstÃ¡culo Fixo;Luz do Dia;Bom;Seca;Meio de Quadra;NÃ£o HÃ¡ Controle;Residencial;0;0;1;0;0;0;1;0;0;0;0;0;"-3,70684800000";"-38,59236900000";mq_qgis
357905;29;4;2020;00:00;0;AV BEZERRA DE MENEZES;;;9;;Atropelamento;;;;Meio de Quadra;;;0;1;0;1;0;0;0;0;0;0;0;0;"-3,73195000000";"-38,54485000000";mq_gpsv
357906;29;4;2020;07:48;15139;AV MON TABOSA;RUA BAR ARACATI;;;;ColisÃ£o;Luz do Dia;;;Cruz;SemÃ¡foro;Comercial;0;1;0;1;0;0;0;0;0;1;0;0;"-3,72422600000";"-38,50915800000";inter_match
357907;29;4;2020;08:15;0;AV PASTEUR;;;778;;ColisÃ£o;Luz do Dia;;;Meio de Quadra;;;0;1;0;1;0;0;0;0;0;1;0;0;"-3,71284700000";"-38,55938860000";mq_qgis
357908;29;4;2020;08:38;0;RUA JORGE DUMAR;;;2067;;Queda;Luz do Dia;;;Meio de Quadra;;;0;1;0;0;0;0;0;0;0;1;0;0;"-3,75376420000";"-38,53958500000";mq_match
357909;29;4;2020;08:40;1406;RUA DES LEITE ALBUQUERQUE;AV DES MOREIRA;;;;ColisÃ£o;Luz do Dia;;;Cruz;SemÃ¡foro;Comercial;0;1;0;1;0;0;0;0;0;1;0;0;"-3,73722000000";"-38,49867800000";inter_match
357910;29;4;2020;10:10;0;RD BR 116;;;5000;KM-05;Atropelamento;Luz do Dia;;;Meio de Quadra;;;0;1;0;0;1;0;0;0;0;0;0;0;"-3,79650200000";"-38,50678700000";rod_match
357911;29;4;2020;11:36;0;RUA ENG LUIS MONTENEGRO;;;599;;Queda;Luz do Dia;;;Meio de Quadra;;;0;1;0;0;0;0;0;0;0;1;0;0;"-3,81430000000";"-38,61806000000";mq_gpsv
357912;29;4;2020;13:23;20226;AV SAUDADE D68;AV PAROARAS;;;;ColisÃ£o;Luz do Dia;;;Cruz;NÃ£o HÃ¡ Controle;Residencial;0;2;0;1;0;0;0;0;0;1;0;0;"-3,81439900000";"-38,53425700000";inter_match
357913;29;4;2020;13:58;13433;RUA TOMAS ACIOLI;RUA ILDEFONSO ALBANO;;;;ColisÃ£o;Luz do Dia;;;T;Pare;Residencial;0;1;0;1;0;0;0;0;0;1;0;0;"-3,74268500000";"-38,51639100000";inter_match
357915;29;4;2020;15:23;0;AV PERIMETRAL;;;3451;;ColisÃ£o;Luz do Dia;;;Meio de Quadra;;;0;2;0;1;0;0;0;0;0;1;0;0;;;
357916;29;4;2020;17:21;0;RD BR 116;;;5379;;ColisÃ£o;Anoitecer;;;Meio de Quadra;;;0;1;0;1;0;0;0;0;0;1;0;0;"-3,79650200000";"-38,50678700000";rod_match
357917;29;4;2020;17:57;0;AV LINEU MACHADO;;;776;;ColisÃ£o;Anoitecer;;;Meio de Quadra;;;0;1;0;1;0;1;0;0;0;0;0;0;"-3,76711300000";"-38,57753070000";mq_qgis
357918;29;4;2020;18:02;0;AV GAL MURILO BORGES;;;;;ColisÃ£o;Anoitecer;;;Meio de Quadra;;;0;1;0;0;0;0;0;0;0;0;0;0;;;
357919;29;4;2020;18:51;0;AV VIS RIO BRANCO;;;;;ColisÃ£o;;;;Meio de Quadra;;;0;1;0;0;0;0;0;0;0;1;0;0;;;
357920;29;4;2020;20:00;0;RUA 15 DE NOVEMBRO;;;911;;ColisÃ£o;;;;Meio de Quadra;;;0;1;0;0;0;0;0;0;0;0;0;0;"-3,77025200000";"-38,55222800000";mq_qgis
357921;29;4;2020;21:05;0;RUA DOM XISTO ALBANO;;;961;;ColisÃ£o;;;;Meio de Quadra;;;0;1;0;0;0;0;0;0;0;1;0;0;"-3,79286000000";"-38,58176000000";mq_gpsv
357922;29;4;2020;21:22;0;AV SANTOS DUMONT;;;6905;;Queda;;;;Meio de Quadra;;;0;1;0;0;0;0;0;0;0;1;0;0;"-3,74489600000";"-38,47150300000";mq_match
358909;29;4;2020;15:28;0;AV JOAO PESSOA;;;5083;;ColisÃ£o;Luz do Dia;;;Meio de Quadra;;;0;0;2;1;0;0;0;0;0;1;0;0;"-3,75617274000";"-38,55286480000";mq_qgis
358910;30;4;2020;20:30;0;RUA CARLOS RIBEIRO;;;;;ColisÃ£o;;;;Meio de Quadra;;;0;0;1;0;0;0;0;0;0;1;0;0;;;
357923;30;4;2020;07:34;0;AV MR HULL;;;;;ColisÃ£o;Luz do Dia;;;Meio de Quadra;;;0;1;0;0;0;0;0;0;0;0;0;0;;;
357924;30;4;2020;08:13;2837;RUA MARIA JULIA;RUA BOM JESUS (GRANJA LISBOA);;;;ColisÃ£o;Luz do Dia;;;Cruz;Pare;Residencial;0;1;0;0;0;0;0;0;0;1;0;0;"-3,79464000000";"-38,60060300000";inter_match
357925;30;4;2020;08:44;0;RD BR 116;;;10000;KM-10;Queda;Luz do Dia;;;Meio de Quadra;;;0;1;0;0;0;0;0;0;0;1;0;0;"-3,83443500000";"-38,50337300000";rod_match
357926;30;4;2020;10:34;0;RUA VALPARAISO;;;1328;;ColisÃ£o;Luz do Dia;;;Meio de Quadra;;;0;1;0;1;0;0;0;0;0;1;0;0;"-3,84054357000";"-38,53024913000";mq_match
357927;30;4;2020;12:42;0;RUA CARLOS JUACABA;;;1462;;ColisÃ£o;Luz do Dia;;;Meio de Quadra;;;0;1;0;1;0;0;0;0;0;1;0;0;"-3,79464000000";"-38,56323000000";mq_gpsv
357928;30;4;2020;16:43;7430;RUA ELESBAO VELOSO;RUA COS ARAUJO LIMA;;;;ColisÃ£o;Luz do Dia;;;;;;0;1;0;1;0;0;0;0;0;1;0;0;"-3,74940300000";"-38,59136100000";inter_match
357929;30;4;2020;16:49;0;RUA PRO ALVARO COSTA;;;399;;ColisÃ£o;Luz do Dia;;;Meio de Quadra;;;0;2;0;0;0;0;0;0;0;1;0;0;"-3,72383000000";"-38,46608000000";mq_gpsv
357930;30;4;2020;18:00;0;RD BR 116;;;;;Queda;Anoitecer;;;Meio de Quadra;;;0;1;0;0;0;0;0;0;0;1;0;0;;;
357931;30;4;2020;19:06;0;AV SEN CARLOS JEREISSATI (AEROPORTO);;;;;Queda;;;;Meio de Quadra;;;0;1;0;0;0;0;0;0;0;1;0;0;;;
356722;30;4;2020;08:30;0;RD BR 116;;;10000;KM-10;Choque c/ ObstÃ¡culo Fixo;Luz do Dia;Bom;Seca;Meio de Quadra;;;0;1;0;0;0;0;0;0;0;1;0;0;"-3,83443500000";"-38,50337300000";rod_match
356502;30;4;2020;19:10;0;AV SEN CARLOS JEREISSATI (AEROPORTO);;;;KM 01;Choque c/ ObstÃ¡culo Fixo;;;Material Derrapante;Meio de Quadra;;;0;0;1;0;0;0;0;0;0;1;0;0;"-3,78375300000";"-38,52685000000";rod_match
356602;30;4;2020;11:00;0;RUA JOSE FACANHA;;;336;;ColisÃ£o Traseira;Luz do Dia;Bom;Seca;Meio de Quadra;NÃ£o HÃ¡ Controle;Comercial;0;0;2;1;0;0;0;0;0;0;0;0;"-3,75420100000";"-38,55500300000";mq_qgis
356500;30;4;2020;08:10;0;AV SEN CARLOS JEREISSATI (AEROPORTO);;;5;;ColisÃ£o;Luz do Dia;;Seca;Meio de Quadra;;;0;0;3;1;1;0;0;0;0;0;0;0;;;
356589;1;5;2020;19:23;3209;RUA VITAL BRASIL;RUA ANSELMO NOGUEIRA;;;;Capotamento;Via Iluminada;Bom;Seca;Cruz;SemÃ¡foro;Residencial;0;2;0;1;0;0;0;0;0;1;0;0;"-3,78107200000";"-38,58718100000";inter_match
357939;1;5;2020;08:09;0;AV WASHINGTON SOARES;;;611;;Atropelamento;Luz do Dia;;;Meio de Quadra;;;0;1;1;0;0;1;0;0;0;0;0;0;"-3,75840100000";"-38,48571300000";mq_match
357940;1;5;2020;09:20;0;RUA VALPARAISO;;;;;Queda;Luz do Dia;;;Meio de Quadra;;;0;1;0;0;0;0;0;0;0;1;0;0;;;
357958;1;5;2020;17:45;0;RD BR 116;;;3000;KM-03;Atropelamento;Anoitecer;;;Meio de Quadra;;;0;2;0;0;0;0;0;0;0;1;0;0;"-3,77983800000";"-38,51437200000";rod_match
357959;1;5;2020;17:54;5372;RUA DNA LEOPOLDINA;RUA PINTO MADEIRA;;;;ColisÃ£o;Anoitecer;;;Cruz;SemÃ¡foro;Comercial;0;1;1;1;0;0;0;0;0;1;0;0;"-3,73165000000";"-38,51966400000";inter_match