COD_ACIDENTE;DIA;MES;ANO;HORA;INTERSECAO;LOG1;LOG2;LOG3;NUMERO;REFERENCIA;NATUREZA;ILUMINACAO;TEMPO;SUPERFICIEPISTA;TIPOCRUZAMENTO;CONTROLETRAFEGO;USOSOLO;MORTOS;FERIDOS;ILESOS;AUTOMOVEL;ONIBUS;BICICLETA;CAMINHAO;MICROONIBUS;CICLOMOTOR;MOTOCICLETA;TRACAOANIMAL;TREM;LATITUDE;LONGITUDE;METODO
357960;1;5;2020;19:36;3316;RUA CHILE;RUA VIRIATO RIBEIRO;;;;ColisÃ£o;;;;Cruz;Pare;Residencial;0;1;0;0;0;0;0;0;0;0;0;0;"-3,74617800000";"-38,56527600000";inter_match
357961;1;5;2020;20:30;0;TR ISAURA;;;55;;Atropelamento;;;;Meio de Quadra;;;0;1;1;1;0;0;0;0;0;0;0;0;"-3,72411000000";"-38,54763000000";mq_gpsv
357962;1;5;2020;20:51;0;AV GAL OSORIO DE PAIVA;;;6391;;ColisÃ£o;;;;Meio de Quadra;;;0;1;1;1;0;0;0;0;0;1;0;0;"-3,81104730000";"-38,60811000000";mq_match
357963;1;5;2020;22:36;0;AV DOS JANGADEIROS;;;104;;Queda;;;;Meio de Quadra;;;0;1;0;0;0;0;0;0;0;1;0;0;"-3,72222000000";"-38,47624000000";mq_gpsv
357964;1;5;2020;22:54;4292;AV TEN LISBOA;RUA HENRIQUE ELERY;;;;ColisÃ£o;;;;;;;0;1;0;0;0;0;0;0;0;0;0;0;"-3,71949700000";"-38,56153700000";inter_match
357950;1;5;2020;09:49;0;RUA MAL BITENCOURT;;;160;;ColisÃ£o;Luz do Dia;;;Meio de Quadra;;;0;1;1;1;0;0;0;0;0;1;0;0;"-3,78647614000";"-38,52848570000";mq_qgis
358636;1;5;2020;14:30;0;RUA DELMIRO FARIAS;;;163;;ColisÃ£o Lateral;Luz do Dia;Bom;Seca;Meio de Quadra;Outros;Residencial;0;0;2;1;0;0;0;0;0;0;0;0;"-3,75482589000";"-38,54234380000";mq_qgis
358742;1;5;2020;21:19;0;RUA JERONIMO ALBUQUERQUE;;;625;;ColisÃ£o;;;;Meio de Quadra;;;0;1;1;1;0;0;0;0;0;1;0;0;"-3,70792000000";"-38,57670000000";mq_gpsv
358743;2;5;2020;16:00;0;AV BEZERRA DE MENEZES;;;2597;;ColisÃ£o;Luz do Dia;;;Meio de Quadra;;;0;0;2;1;0;0;0;0;0;0;0;0;"-3,73633429000";"-38,56764060000";mq_qgis
358744;2;5;2020;15:00;7628;RUA RIO GRANDE DO SUL;RUA ALAGOAS;;;;ColisÃ£o;Luz do Dia;;;Cruz;NÃ£o HÃ¡ Controle;Residencial;0;0;2;1;0;0;0;0;0;0;0;0;"-3,76076200000";"-38,56893400000";inter_match
358641;2;5;2020;15:00;0;AV BEZERRA DE MENEZES;;;2630;;ColisÃ£o Traseira;Luz do Dia;Bom;Seca;Meio de Quadra;Outros;Residencial;0;1;2;1;0;0;0;0;0;0;0;0;"-3,73631700000";"-38,56775700000";mq_match
358652;2;5;2020;12:52;0;AV JOSE SABOIA;;;905;;Queda;Luz do Dia;Bom;Seca;Meio de Quadra;;;1;0;0;0;0;0;0;0;0;1;0;0;"-3,71832350000";"-38,46546280000";mq_match
357973;2;5;2020;09:58;10050;RUA VITAL BRASIL;RUA BRAGANCA;;;;ColisÃ£o;Luz do Dia;;;Com Via FÃ©rrea;Pare;Misto;0;1;1;0;0;0;0;0;0;1;0;0;"-3,77858000000";"-38,59599500000";inter_match
357974;2;5;2020;10:41;0;RUA STA LUCRECIA;;;1319;;Queda;Luz do Dia;;;Meio de Quadra;;;0;1;0;0;0;1;0;0;0;0;0;0;"-3,85013000000";"-38,48545000000";mq_gpsv
357975;2;5;2020;11:37;23653;AV OLAVO BILAC;RUA BAR CRATO;;;;Queda;Luz do Dia;;;Cruz;SemÃ¡foro;Comercial;0;1;0;0;0;0;0;0;0;1;0;0;"-3,72303600000";"-38,56637000000";inter_match
357976;2;5;2020;12:22;0;RUA LUIS VIEIRA;;;382;;Queda;Luz do Dia;;;Meio de Quadra;;;0;1;0;0;0;0;0;0;0;1;0;0;"-3,79494410000";"-38,58702660000";mq_qgis
357977;2;5;2020;12:29;0;RUA CEL VIRGILIO NOGUEIRA (BOM JARDIM);;;1113;;Atropelamento;Luz do Dia;;;Meio de Quadra;;;0;2;0;0;0;0;0;0;0;1;0;0;"-3,79224000000";"-38,60981000000";mq_gpsv
357978;2;5;2020;12:52;0;AV DIOGUINHO;;;977;;Queda;Luz do Dia;;;Meio de Quadra;;;0;1;0;0;0;0;0;0;0;1;0;0;"-3,72826000000";"-38,46055000000";mq_gpsv
357980;2;5;2020;12:53;0;AV GOV RAUL BARBOSA;;;7146;;ColisÃ£o;Luz do Dia;;;Meio de Quadra;;;0;1;1;0;0;0;0;0;0;1;0;0;"-3,77522018000";"-38,51298870000";mq_qgis
357981;2;5;2020;13:24;0;AV D CJ JOSE WALTER;;;300;;ColisÃ£o;Luz do Dia;;;Meio de Quadra;;;0;1;1;0;0;0;0;0;0;1;0;0;"-3,83149000000";"-38,55587000000";mq_gpsv
357965;2;5;2020;01:19;0;AV ODILON GUIMARAES;;;1910;;ColisÃ£o;;;;Meio de Quadra;;;0;1;1;0;0;0;0;0;0;1;0;0;"-3,82150400000";"-38,47654800000";mq_match
357966;2;5;2020;01:46;0;RUA RECANTO VERDE;;;2191;;ColisÃ£o;;;;Meio de Quadra;;;0;1;0;0;0;0;0;0;0;0;0;0;"-3,84695371000";"-38,51497430000";mq_qgis
357967;2;5;2020;05:34;0;AV GAL OSORIO DE PAIVA;;;;;ColisÃ£o;Amanhecer;;;Meio de Quadra;;;0;1;1;1;0;0;0;0;0;1;0;0;;;
357968;2;5;2020;06:51;0;AV MR HULL;;;4083;;Queda;Luz do Dia;;;Meio de Quadra;;;0;1;0;0;0;0;0;0;0;1;0;0;"-3,73813700000";"-38,58116500000";mq_match
357969;2;5;2020;07:31;10726;RUA CURITIBA;RUA PRO HERIBALDO COSTA;;;;ColisÃ£o;Luz do Dia;;;Cruz;Pare;Residencial;0;1;1;1;0;0;0;0;0;1;0;0;"-3,75999200000";"-38,58385300000";inter_match
357988;2;5;2020;13:32;0;AV SGT HERMINIO SAMPAIO;;;62;;ColisÃ£o;Luz do Dia;;;Meio de Quadra;;;0;1;1;1;0;0;0;0;0;1;0;0;"-3,72460000000";"-38,54650000000";mq_gpsv
357989;2;5;2020;13:36;0;RUA VALPARAISO;;;300;;ColisÃ£o;Luz do Dia;;;Meio de Quadra;;;0;1;1;0;0;0;0;0;0;1;0;0;"-3,84594000000";"-38,52316210000";mq_match
357990;2;5;2020;14:29;0;AV BORGES DE MELO;;;;;Queda;Luz do Dia;;;Meio de Quadra;;;0;1;0;0;0;0;0;0;0;1;0;0;;;
357991;2;5;2020;14:33;0;AV BEZERRA DE MENEZES;;;2229;;ColisÃ£o;Luz do Dia;;;Meio de Quadra;;;0;1;1;1;0;0;0;0;0;0;0;0;"-3,73571692000";"-38,56466980000";mq_qgis
357992;2;5;2020;18:07;0;AV ALBERTO CRAVEIRO;;;2333;;ColisÃ£o;Anoitecer;;;Meio de Quadra;;;0;1;1;1;0;0;0;0;0;1;0;0;"-3,80156900000";"-38,52024800000";mq_match
357993;2;5;2020;18:18;0;RUA MARIA GOMES DE SA;;;;;ColisÃ£o;Anoitecer;;;Meio de Quadra;;;0;1;0;0;0;0;0;0;0;0;0;0;;;
357994;2;5;2020;18:28;0;AV MAE LISBOA;;;2879;;ColisÃ£o;Anoitecer;;;Meio de Quadra;;;0;1;1;1;0;1;0;0;0;0;0;0;"-3,80603826000";"-38,45333210000";mq_qgis
357995;2;5;2020;19:31;14422;AV SGT HERMINIO SAMPAIO;RUA MOZART PINTO;;;;ColisÃ£o;;;;T;Pare;Comercial;0;1;1;1;0;1;0;0;0;0;0;0;"-3,72478300000";"-38,55175300000";inter_match
357996;2;5;2020;20:17;0;RUA STA ELISA D21;;;1203;;ColisÃ£o;;;;Meio de Quadra;;;0;1;1;1;0;0;0;0;0;1;0;0;"-3,70453450000";"-38,56444680000";mq_gpsv
357997;2;5;2020;21:23;0;RUA ANA BRITO;;;1225;;ColisÃ£o;;;;Meio de Quadra;;;0;1;1;1;0;0;0;0;0;1;0;0;"-3,82765000000";"-38,58921000000";mq_gpsv
357998;2;5;2020;21:24;0;AV DR SILAS MUNGUBA;;;4956;;Queda;;;;Meio de Quadra;;;0;1;0;0;0;1;0;0;0;0;0;0;"-3,79717180000";"-38,53155500000";mq_match
357999;2;5;2020;23:24;0;RUA CEL MATOS DOURADO;;;540;;Atropelamento;;;;Meio de Quadra;;;0;1;0;0;0;0;0;0;0;0;0;0;"-3,74340316900";"-38,58501966000";mq_match
356590;2;5;2020;14:56;5247;AV IMPERADOR;RUA PEDRO PEREIRA;;;;ColisÃ£o Transversal;Luz do Dia;Bom;Seca;Cruz;SemÃ¡foro;Comercial;0;0;2;0;0;0;0;0;0;0;0;0;"-3,72771400000";"-38,53460900000";inter_match
356591;2;5;2020;06:47;0;AV AUGUSTO DOS ANJOS;;;2250;;ColisÃ£o Frontal;Luz do Dia;Bom;Seca;Meio de Quadra;;;0;1;2;1;0;0;0;0;0;1;0;0;"-3,78627300000";"-38,58427200000";mq_match
356592;2;5;2020;19:07;0;RUA SGT NERI;;;756;;Capotamento;Via Iluminada;Bom;Seca;Meio de Quadra;NÃ£o HÃ¡ Controle;Residencial;0;0;2;1;0;0;0;0;0;0;0;0;"-3,82807000000";"-38,58092000000";mq_gpsv
356593;3;5;2020;13:26;0;AV PRO JOSE ARTHUR CARVALHO;;;1802;;Choque c/ ObstÃ¡culo Fixo;Luz do Dia;Bom;Seca;Meio de Quadra;NÃ£o HÃ¡ Controle;Comercial;0;1;0;0;0;0;0;0;0;0;0;0;"-3,82585850000";"-38,46380750000";mq_qgis
356594;3;5;2020;22:10;0;RUA FRE JOSE MAURICIO;;;479;;Choque c/ ObstÃ¡culo Fixo;Anoitecer;Bom;Seca;Meio de Quadra;NÃ£o HÃ¡ Controle;Residencial;0;0;1;1;0;0;0;0;0;0;0;0;"-3,80635000000";"-38,61158000000";mq_gpsv
358000;3;5;2020;02:45;0;AV MAJ ASSIS;;;1418;;Queda;;;;Meio de Quadra;;;1;0;0;0;0;0;0;0;0;1;0;0;"-3,72278920000";"-38,59198580000";mq_qgis
358001;3;5;2020;07:17;0;AV CARNEIRO DE MENDONCA;;;;;Atropelamento;Luz do Dia;;;Meio de Quadra;;;0;1;1;0;0;0;0;0;0;1;0;0;;;
358002;3;5;2020;13:06;0;AV ALBERTO CRAVEIRO;;;2780;;Atropelamento;Luz do Dia;;;Meio de Quadra;;;0;1;1;1;0;0;0;0;0;0;0;0;"-3,80561650000";"-38,52347000000";mq_match
358003;3;5;2020;14:46;25041;RUA JOSE HIPOLITO;RUA BAR AQUIRAZ;;;;ColisÃ£o;Luz do Dia;;;Cruz;SemÃ¡foro;Comercial;0;1;1;1;0;0;0;0;0;1;0;0;"-3,83372500000";"-38,48993300000";inter_match
358004;3;5;2020;15:37;0;AV CONTORNO SUL;;;;;ColisÃ£o;Luz do Dia;;;Meio de Quadra;;;0;1;1;1;0;0;0;0;0;1;0;0;;;
358005;3;5;2020;15:57;0;RUA CON DE CASTRO;;;1328;;ColisÃ£o;Luz do Dia;;;Meio de Quadra;;;0;1;0;0;0;0;0;0;0;0;0;0;"-3,78401900000";"-38,57253450000";mq_qgis
358006;3;5;2020;17:06;0;RUA VALPARAISO;;;1190;;Queda;Anoitecer;;;Meio de Quadra;;;0;1;0;0;0;0;0;0;0;1;0;0;"-3,84134095400";"-38,52928725000";mq_match
358007;3;5;2020;17:20;19578;AV GODOFREDO MACIEL;RUA ROQUET PINTO;;;;Atropelamento;Anoitecer;;;T;Pare;Comercial;0;1;1;1;0;0;0;0;0;0;0;0;"-3,78441800000";"-38,56618200000";inter_match
358008;3;5;2020;17:45;9653;RUA BOM JESUS (GRANJA LISBOA);RUA FRANCISCO PAIVA;;;;ColisÃ£o;Anoitecer;;;Cruz;Pare;Residencial;0;1;1;0;0;0;0;0;0;1;0;0;"-3,79024100000";"-38,61408800000";inter_match
358009;3;5;2020;18:48;0;AV SANTOS DUMONT;;;4000;;ColisÃ£o Transversal;Anoitecer;Bom;Seca;Meio de Quadra;Outros;Comercial;0;3;0;0;0;1;0;0;0;1;0;0;"-3,73936800000";"-38,48863800000";mq_match
358010;3;5;2020;19:12;0;AV GENIBAU;;;174;;Atropelamento de Animal;;;;Meio de Quadra;;;0;1;0;0;0;0;0;0;0;1;0;0;"-3,76141707000";"-38,59688130000";mq_qgis
358011;3;5;2020;20:02;0;RUA TEODOMIRO DE CASTRO;;;466;;ColisÃ£o;;;;Meio de Quadra;;;0;1;1;1;0;0;0;0;0;1;0;0;"-3,72032000000";"-38,56894000000";mq_gpsv
358012;3;5;2020;23:52;0;RUA PEREIRA FILGUEIRAS;;;705;;ColisÃ£o;;;;Meio de Quadra;;;0;1;0;0;0;0;0;0;0;0;0;0;"-3,72727373000";"-38,51621880000";mq_qgis
358745;3;5;2020;13:24;0;AV ALBERTO CRAVEIRO;;;;;ColisÃ£o;Luz do Dia;;;Meio de Quadra;;;0;0;2;1;0;0;0;0;0;0;0;0;;;
358767;3;5;2020;00:50;0;RUA ALBERTO MAGNO;;;1658;;ColisÃ£o;;;;Meio de Quadra;;;0;0;2;1;0;0;0;0;0;0;0;0;"-3,76824000000";"-38,55253650000";mq_qgis
358768;3;5;2020;16:00;5424;RUA METON DE ALENCAR;RUA BAR RIO BRANCO;;;;ColisÃ£o;Luz do Dia;;;Cruz;SemÃ¡foro;Comercial;0;0;2;1;0;0;0;0;0;0;0;0;"-3,73370100000";"-38,53056300000";inter_match
358769;4;5;2020;18:05;0;RUA CAP CLOVIS MAIA;;;3401;;ColisÃ£o;Anoitecer;;;Meio de Quadra;;;0;0;2;0;0;0;0;0;0;1;0;0;"-3,72784260000";"-38,45929040000";mq_gpsv
358746;4;5;2020;10:50;0;RD BR 116;;;14000;KM-14;Tombamento;Luz do Dia;;;Meio de Quadra;;;0;0;1;0;0;0;1;0;0;0;0;0;"-3,87352300000";"-38,49924200000";rod_match
358968;4;5;2020;17:00;0;RD CE-040;;;;KM-01;ColisÃ£o;Anoitecer;;;Meio de Quadra;;;0;0;2;1;1;0;0;0;0;0;0;0;"-3,76465044900";"-38,48258304000";rod_match
358013;4;5;2020;01:03;0;AV PERIMETRAL;;;3078;;Queda;;;;Meio de Quadra;;;0;1;0;0;0;0;0;0;0;1;0;0;;;
358014;4;5;2020;06:34;0;AV C CJ CEARA;;;1084;;ColisÃ£o;Luz do Dia;;;Meio de Quadra;;;0;1;1;1;0;0;0;0;0;1;0;0;"-3,78402790000";"-38,46758290000";mq_match
358015;4;5;2020;06:50;0;AV DA INDEPENDENCIA;;;894;;Queda;Luz do Dia;;;Meio de Quadra;;;0;1;0;0;0;1;0;0;0;0;0;0;"-3,72754500000";"-38,58875300000";mq_qgis
358016;4;5;2020;08:14;15244;RUA JOSE VILAR;RUA DEP MOREIRA DA ROCHA;;;;ColisÃ£o;Luz do Dia;;;Cruz;Pare;Residencial;0;1;1;1;0;0;0;0;0;1;0;0;"-3,72783200000";"-38,50211300000";inter_match
358017;4;5;2020;11:16;0;AV DR SILAS MUNGUBA;;;;;Atropelamento;Luz do Dia;;;Meio de Quadra;;;0;1;1;0;0;0;0;0;0;1;0;0;;;
358018;4;5;2020;11:26;0;AV RAD JOSE LIMA VERDE;;;807;;ColisÃ£o;Luz do Dia;;;Meio de Quadra;;;0;1;1;1;0;0;0;0;0;1;0;0;"-3,69965318200";"-38,58801073000";mq_match
358019;4;5;2020;12:35;0;AV DR SILAS MUNGUBA;;;2261;;Atropelamento;Luz do Dia;;;Meio de Quadra;;;0;1;1;0;0;0;0;0;0;1;0;0;"-3,78583300000";"-38,55124200000";mq_match
358020;4;5;2020;13:36;0;RUA CHILE;;;685;;Atropelamento;Luz do Dia;;;Meio de Quadra;;;0;1;1;0;0;0;0;0;0;1;0;0;"-3,74819208000";"-38,56748010000";mq_qgis
358021;4;5;2020;14:46;0;RUA CON DE CASTRO;;;4266;;ColisÃ£o;Luz do Dia;;;Meio de Quadra;;;0;1;1;1;0;0;0;0;0;1;0;0;"-3,80318784600";"-38,59032515400";mq_match
358022;4;5;2020;16:16;23508;RUA ESV PINHEIRO;RUA ANA GONCALVES;;;;Atropelamento;Luz do Dia;;;Cruz;Pare;Residencial;0;1;1;1;0;0;0;0;0;0;0;0;"-3,75915550000";"-38,50786600000";inter_match
358023;4;5;2020;16:18;0;AV ROGACIANO LEITE;;;2450;;ColisÃ£o;Luz do Dia;;;Meio de Quadra;;;0;1;0;0;0;0;0;0;0;0;0;0;"-3,77745600000";"-38,50077600000";mq_match
358024;4;5;2020;16:34;12437;RUA BELO HORIZONTE;RUA BENTO LOUSADO;;;;ColisÃ£o;Luz do Dia;;;Cruz;Pare;Residencial;0;1;1;1;0;0;0;0;0;1;0;0;"-3,76573800000";"-38,56868600000";inter_match
358025;4;5;2020;18:22;19522;RUA PDE NOBREGA;RUA PERU;;;;ColisÃ£o;Anoitecer;;;Cruz;NÃ£o HÃ¡ Controle;Residencial;0;1;1;1;0;0;0;0;0;1;0;0;"-3,78180000000";"-38,55406000000";inter_gpsv
358026;4;5;2020;18:27;0;AV 13 DE MAIO;;;;;ColisÃ£o;Anoitecer;;;Meio de Quadra;;;0;1;0;0;0;0;0;0;0;0;0;0;;;
358027;4;5;2020;19:15;0;RUA PEDRO MARTINS;;;724;;ColisÃ£o;;;;Meio de Quadra;;;0;1;1;0;0;0;0;0;0;1;0;0;"-3,79806200000";"-38,60460700000";mq_match
358028;4;5;2020;21:27;0;AV ENG HUMBERTO MONTE;;;531;;ColisÃ£o;;;;Meio de Quadra;;;0;1;1;1;0;0;0;0;0;1;0;0;"-3,75338400000";"-38,55694000000";mq_match
356595;4;5;2020;01:25;15331;RUA PEREIRA FILGUEIRAS;RUA SILVA PAULET;;;;ColisÃ£o;Via Iluminada;Bom;Seca;Cruz;Pare;Comercial;0;1;1;1;0;0;0;0;0;1;0;0;"-3,73114400000";"-38,50433800000";inter_match
356596;4;5;2020;10:00;1219;RUA COSTA BARROS;RUA JOAO CORDEIRO;;;;ColisÃ£o;Luz do Dia;Bom;Seca;Cruz;SemÃ¡foro;Residencial;0;1;1;0;0;0;0;0;0;1;0;0;"-3,72944900000";"-38,51433100000";inter_match
356597;4;5;2020;19:23;0;AV ABOLICAO;;;4001;;ColisÃ£o Lateral;Luz do Dia;Bom;Seca;Meio de Quadra;NÃ£o HÃ¡ Controle;Comercial;0;0;2;1;0;0;0;0;0;1;0;0;"-3,72505600000";"-38,48338800000";mq_match
356598;4;5;2020;19:01;1561;AV PDE ANTONIO TOMAS;AV SEN VIRGILIO TAVORA;;;;ColisÃ£o Transversal;Via Iluminada;Bom;Molhada;Cruz;Gesto;Comercial;0;1;1;1;0;0;0;0;0;1;0;0;"-3,74176000000";"-38,49474900000";inter_match
356599;5;5;2020;19:30;1273;AV SANTOS DUMONT;RUA DR JOSE LOURENCO;;;;ColisÃ£o Transversal;Via Iluminada;Bom;Seca;Cruz;Pare;Comercial;0;1;1;1;0;0;0;0;0;1;0;0;"-3,73329900000";"-38,50738000000";inter_match
356600;5;5;2020;19:22;0;AV ENG SANTANA JUNIOR;;;2277;;ColisÃ£o;Via Iluminada;Bom;Seca;Meio de Quadra;SemÃ¡foro;Comercial;0;2;0;0;0;0;0;0;0;1;0;0;"-3,74267800000";"-38,48653800000";mq_match
356601;5;5;2020;20:00;0;RUA BELISARIO TAVORA;;;308;;ColisÃ£o Frontal;Via Iluminada;Bom;Seca;Meio de Quadra;Pare;Residencial;0;2;0;1;0;0;0;0;0;1;0;0;"-3,75869000000";"-38,50561000000";mq_gpsv
358029;5;5;2020;03:09;0;AV A CJ CEARA;;;1514;;Queda;;;;Meio de Quadra;;;0;1;0;0;0;0;0;0;0;1;0;0;"-3,77474760000";"-38,60584300000";mq_match
358030;5;5;2020;08:09;0;AV CARAPINIMA;;;2415;;ColisÃ£o;Luz do Dia;;;Meio de Quadra;;;0;1;1;1;0;0;0;0;0;1;0;0;"-3,74063923500";"-38,54087518000";mq_match
358031;5;5;2020;10:12;0;TR CLARA NUNES;;;66;;Queda;Luz do Dia;;;Meio de Quadra;;;0;1;0;0;0;0;0;0;0;1;0;0;"-3,84706000000";"-38,47618000000";mq_gpsv
358032;5;5;2020;10:43;0;RUA PRO HERACLITO;;;;;ColisÃ£o;Luz do Dia;;;Meio de Quadra;;;0;1;1;1;0;0;0;0;0;1;0;0;;;
358033;5;5;2020;12:03;0;AV ABOLICAO;;;4653;;ColisÃ£o;Luz do Dia;;;Meio de Quadra;;;0;1;1;1;0;1;0;0;0;0;0;0;"-3,72261500000";"-38,47979800000";mq_match
358034;5;5;2020;12:09;1376;RUA JOAO CARVALHO;RUA MON BRUNO;;;;ColisÃ£o;Luz do Dia;;;Cruz;Pare;Comercial;0;1;1;1;0;0;0;0;0;1;0;0;"-3,73658500000";"-38,51079200000";inter_match
358035;5;5;2020;12:30;7718;AV CARNEIRO DE MENDONCA;AV JOSE BASTOS;;;;ColisÃ£o;Luz do Dia;;;Cruz;SemÃ¡foro;Comercial;0;1;1;1;0;0;0;0;0;1;0;0;"-3,76410900000";"-38,56675900000";inter_match
358036;5;5;2020;15:10;0;RD BR 116;;;12000;KM-12;Atropelamento;Luz do Dia;;;Meio de Quadra;;;0;1;1;0;0;0;1;0;0;0;0;0;"-3,85574000000";"-38,49606600000";rod_match
358037;5;5;2020;15:37;0;AV SGT HERMINIO SAMPAIO;;;;;Atropelamento;Luz do Dia;;;Meio de Quadra;;;0;1;1;1;0;0;0;0;0;0;0;0;;;
358038;5;5;2020;15:55;0;RUA METON DE ALENCAR;;;161;;ColisÃ£o;Luz do Dia;;;Meio de Quadra;;;0;1;0;0;0;0;0;0;0;0;0;0;"-3,73530192000";"-38,52561430000";mq_qgis
358039;5;5;2020;17:19;0;RUA TEN BENEVOLO;;;593;;ColisÃ£o;Anoitecer;;;Meio de Quadra;;;0;1;0;0;0;0;0;0;0;0;0;0;"-3,72579200000";"-38,51582000000";mq_match
358040;5;5;2020;17:34;0;AV LINEU MACHADO;;;657;;Queda;Anoitecer;;;Meio de Quadra;;;0;1;0;0;0;1;0;0;0;0;0;0;"-3,76623100000";"-38,57707400000";mq_match
358041;5;5;2020;21:15;0;RUA POMPILIO GOMES;;;1750;;Queda;;;;Meio de Quadra;;;0;1;0;0;0;0;0;0;0;1;0;0;"-3,82710915000";"-38,52120780000";mq_qgis
358042;5;5;2020;21:32;10140;RUA CEL FABRICIANO;RUA VALDEMAR PAES;;;;ColisÃ£o;;;;;;;0;1;0;0;0;0;0;0;0;0;0;0;"-3,78518600000";"-38,59927500000";inter_match
358043;5;5;2020;22:52;0;RUA TUPI D35;;;1565;;Queda;;;;Meio de Quadra;;;0;1;0;0;0;0;0;0;0;1;0;0;"-3,77044698000";"-38,58426340000";mq_qgis
358044;5;5;2020;23:41;0;RUA CEL MATOS DOURADO;;;665;;Queda;;;;Meio de Quadra;;;0;1;0;0;0;0;0;0;0;1;0;0;"-3,74479500000";"-38,58487600000";mq_match
358045;5;5;2020;23:45;0;AV DIOGUINHO;;;;;ColisÃ£o;;;;Meio de Quadra;;;0;1;1;0;0;0;1;0;0;1;0;0;;;
358688;5;5;2020;20:00;5670;AV JOSE LEON;RUA VALTER DE CASTRO;;;;ColisÃ£o Lateral;Mal Iluminada;Bom;Seca;Cruz;Pare;Residencial;0;1;1;1;0;0;0;0;0;1;0;0;"-3,78997700000";"-38,49284800000";inter_match
359620;5;5;2020;09:00;0;AV DEP PAULINO ROCHA;;;;;ColisÃ£o;Luz do Dia;;;Meio de Quadra;;;1;0;0;1;0;0;0;0;0;1;0;0;"-3,81003300000";"-38,51997600000";fat_match
358770;6;5;2020;17:50;0;RUA VITORIA;;;934;;ColisÃ£o;Anoitecer;;;Meio de Quadra;;;0;0;2;1;0;0;0;0;0;0;0;0;"-3,81717103000";"-38,60068453000";mq_gpsv
358981;6;5;2020;12:47;0;AV SEN CARLOS JEREISSATI (AEROPORTO);;;;KM 02;ColisÃ£o;Luz do Dia;;;Meio de Quadra;;;0;0;2;1;0;0;0;0;0;0;0;0;"-3,78219400000";"-38,53542400000";rod_match
358046;6;5;2020;08:56;0;RUA 7 DE SETEMBRO;;;;;ColisÃ£o;Luz do Dia;;;Meio de Quadra;;;0;1;1;0;0;0;0;0;0;1;0;0;;;
358047;6;5;2020;10:12;0;AV WASHINGTON SOARES;;;1850;;ColisÃ£o;Luz do Dia;;;Meio de Quadra;;;0;1;1;1;0;0;0;0;0;1;0;0;"-3,77484200000";"-38,48173800000";mq_match
358048;6;5;2020;12:50;0;AV COSTA OESTE;;;547;;Queda;Luz do Dia;;;Meio de Quadra;;;0;1;0;0;0;0;0;0;0;1;0;0;"-3,80585000000";"-38,58714000000";mq_gpsv
358049;6;5;2020;13:27;9200;RUA JAIME BENEVOLO;RUA DEP JOAO PONTES;;;;ColisÃ£o;Luz do Dia;;;Cruz;Pare;Residencial;0;1;1;0;0;0;0;0;0;1;0;0;"-3,74614000000";"-38,53007600000";inter_match
358050;6;5;2020;15:28;0;RD BR 116;;;825;;ColisÃ£o;Luz do Dia;;;Meio de Quadra;;;0;2;0;0;0;0;0;0;0;0;0;0;"-3,76255400000";"-38,51870200000";rod_match
358052;6;5;2020;15:59;0;RUA BERNARDO MANUEL;;;9976;;Queda;Luz do Dia;;;Meio de Quadra;;;0;1;0;0;0;0;0;0;0;1;0;0;"-3,80470200000";"-38,55321000000";mq_match
358053;6;5;2020;19:16;0;AV 13 DE MAIO;;;299;;ColisÃ£o;;;;Meio de Quadra;;;0;1;1;1;0;0;0;0;0;1;0;0;"-3,75369500000";"-38,52423400000";mq_gpsv
358054;6;5;2020;20:07;0;AV GAL OSORIO DE PAIVA;;;4450;;ColisÃ£o;;;;Meio de Quadra;;;0;1;1;1;0;0;0;0;0;1;0;0;"-3,79736814000";"-38,59493210000";mq_qgis
358055;6;5;2020;20:29;0;AV SGT HERMINIO SAMPAIO;;;1511;;ColisÃ£o;;;;Meio de Quadra;;;0;1;1;0;0;0;0;0;0;1;0;0;"-3,72519445900";"-38,55406895000";mq_match
358056;6;5;2020;21:17;0;ET SIQUEIRA;;;1095;;ColisÃ£o;;;;Meio de Quadra;;;0;1;0;1;1;0;0;0;0;0;0;0;"-3,80768000000";"-38,59410000000";mq_match
358057;6;5;2020;22:23;24257;RUA MANUEL JESUINO;RUA TAVARES COUTINHO;;;;ColisÃ£o;;;;Cruz;SemÃ¡foro;Residencial;0;1;0;0;0;0;0;0;0;0;0;0;"-3,73250000000";"-38,48496500000";inter_match
358058;7;5;2020;09:08;0;AV PRS CASTELO BRANCO;;;;;Atropelamento;Luz do Dia;;;Meio de Quadra;;;0;1;1;0;1;0;0;0;0;0;0;0;;;
358059;7;5;2020;09:42;0;RUA JOAQUIM FELICIO;;;419;;ColisÃ£o;Luz do Dia;;;Meio de Quadra;;;0;1;1;1;0;1;0;0;0;0;0;0;"-3,83016237000";"-38,49128300000";mq_qgis
358060;7;5;2020;10:56;0;AV PRO GOMES DE MATOS;;;1544;;ColisÃ£o;Luz do Dia;;;Meio de Quadra;;;0;1;1;1;0;1;0;0;0;0;0;0;"-3,76501378000";"-38,54894800000";mq_qgis