COD_ACIDENTE;DIA;MES;ANO;HORA;INTERSECAO;LOG1;LOG2;LOG3;NUMERO;REFERENCIA;NATUREZA;ILUMINACAO;TEMPO;SUPERFICIEPISTA;TIPOCRUZAMENTO;CONTROLETRAFEGO;USOSOLO;MORTOS;FERIDOS;ILESOS;AUTOMOVEL;ONIBUS;BICICLETA;CAMINHAO;MICROONIBUS;CICLOMOTOR;MOTOCICLETA;TRACAOANIMAL;TREM;LATITUDE;LONGITUDE;METODO
358875;5;6;2020;21:30;0;RUA SGT JOAO PINHEIRO;;;198;;ColisÃ£o Traseira;Mal Iluminada;Bom;Seca;Meio de Quadra;NÃ£o HÃ¡ Controle;Residencial;0;2;0;1;0;1;0;0;0;0;0;0;"-3,77860750000";"-38,62162300000";mq_qgis
358876;5;6;2020;20:00;0;AV DR SILAS MUNGUBA;;;3133;;ColisÃ£o Traseira;Mal Iluminada;Bom;Seca;Meio de Quadra;NÃ£o HÃ¡ Controle;Comercial;0;1;1;0;0;1;0;0;0;1;0;0;"-3,78864000000";"-38,54525900000";mq_qgis
358889;5;6;2020;22:00;0;RUA FRANCISCO BENTO;;;42;;ColisÃ£o Lateral;Via Iluminada;Bom;Seca;Meio de Quadra;NÃ£o HÃ¡ Controle;Residencial;0;0;2;1;0;0;0;0;0;1;0;0;"-3,81225000000";"-38,57693000000";mq_gpsv
359611;5;6;2020;17:14;0;AV JOSE TAVARES;;;1040;;ColisÃ£o;Anoitecer;;;Meio de Quadra;;;0;1;0;1;0;0;0;0;0;1;0;0;;;
359598;5;6;2020;08:55;0;AV PRO JOSE ARTHUR CARVALHO;;;796;;Queda;Luz do Dia;;;Meio de Quadra;;;0;1;0;0;0;0;0;0;0;1;0;0;"-3,82666500000";"-38,47252600000";mq_match
359599;5;6;2020;09:13;0;RUA PRO VIRGILIO DE MORAIS;;;405;;Queda;Luz do Dia;;;Meio de Quadra;;;0;2;0;0;0;0;0;0;0;1;0;0;"-3,75206160000";"-38,59680880000";mq_qgis
359601;5;6;2020;11:56;0;RD BR 116;;;5000;KM-05;ColisÃ£o;Luz do Dia;;;Meio de Quadra;;;0;1;0;0;0;0;0;0;0;0;0;0;"-3,79650200000";"-38,50678700000";rod_match
359602;5;6;2020;13:06;0;RUA MACHADO DE ASSIS;;;800;;Atropelamento;Luz do Dia;;;Meio de Quadra;;;0;1;0;1;0;0;0;0;0;0;0;0;"-3,75274540000";"-38,55137600000";mq_match
359603;5;6;2020;14:32;0;AV DR THEBERGE;;;2600;;ColisÃ£o;Luz do Dia;;;Meio de Quadra;;;0;1;0;1;0;0;0;0;0;1;0;0;"-3,72538380000";"-38,56838600000";mq_match
359605;5;6;2020;14:37;0;AV JOSE LEON;;;2445;;ColisÃ£o;Luz do Dia;;;Meio de Quadra;;;0;1;0;1;0;0;0;0;0;1;0;0;"-3,79076600000";"-38,48963200000";mq_match
359606;5;6;2020;15:56;0;AV EDILSON B SOARES;;;;;Queda;Luz do Dia;;;Meio de Quadra;;;0;1;0;0;0;0;0;0;0;1;0;0;;;
359607;5;6;2020;16:19;20131;RUA PRO JOSE SILVEIRA;RUA CRISANTO ARRUDA;;;;ColisÃ£o;Luz do Dia;;;Cruz;Pare;Residencial;0;1;0;0;0;0;0;0;0;1;0;0;"-3,81026800000";"-38,52256400000";inter_match
359613;5;6;2020;17:22;0;RUA JOSE CARVALHO;;;963;;Atropelamento de Animal;Anoitecer;;;Meio de Quadra;;;0;1;0;0;0;0;0;0;0;1;0;0;"-3,80260000000";"-38,48895000000";mq_gpsv
359614;5;6;2020;17:58;0;AV ENG SANTANA JUNIOR;;;636;;Atropelamento;Anoitecer;;;Meio de Quadra;;;0;1;0;0;0;0;0;0;0;1;0;0;"-3,73395015700";"-38,48100414000";mq_match
359615;5;6;2020;18:04;0;RD CE-040;;;2434;;ColisÃ£o;Anoitecer;;;Meio de Quadra;;;0;1;0;1;0;0;0;0;0;1;0;0;"-3,84775470000";"-38,47723296200";rod_match
359616;5;6;2020;18:13;0;AV PERIMETRAL;;;;;ColisÃ£o;Anoitecer;;;Meio de Quadra;;;0;1;0;0;0;0;0;0;0;0;0;0;;;
359617;5;6;2020;18:37;0;AV FRANCISCO SA;;;5290;;ColisÃ£o;;;;Meio de Quadra;;;0;1;0;1;0;1;0;0;0;0;0;0;"-3,71264600000";"-38,57129580000";mq_qgis
359618;5;6;2020;18:53;21545;RUA TULIPA NEGRA;RUA ALCINO GUANABARA;;;;ColisÃ£o;;;;Cruz;Pare;Rural;0;1;0;0;0;0;0;0;0;0;0;0;"-3,81901000000";"-38,59824800000";inter_match
359619;5;6;2020;20:04;0;RUA SAO PAULO;;;32;;Queda;;;;Meio de Quadra;;;0;1;0;0;0;0;0;0;0;1;0;0;"-3,72654900000";"-38,52599100000";mq_match
357367;5;6;2020;08:42;4111;RUA LUCAS PINTO;RUA ENG JOAO NOGUEIRA;;;;ColisÃ£o Transversal;Luz do Dia;Bom;Seca;Cruz;Pare;Comercial;0;1;1;1;0;0;0;0;0;1;0;0;"-3,71327900000";"-38,55839200000";inter_match
357368;6;6;2020;08:12;22704;RUA TAB JOAQUIM COELHO;RUA MIN ABNER VASCONCELOS;;0;;NÃ£o Informado;Luz do Dia;Bom;Seca;Cruz;Pare;Comercial;0;1;1;0;0;0;0;0;0;1;0;0;"-3,79693060000";"-38,47891600000";inter_match
357369;6;6;2020;10:01;0;TR 25 DE MARCO UI 806;RUA PERO COELHO;;0;;ColisÃ£o Transversal;Luz do Dia;Bom;Seca;Cruz;Pare;Comercial;0;0;1;1;0;0;0;0;0;1;0;0;"-3,73285000000";"-38,52364000000";inter_gpsv
357370;6;6;2020;13:00;8938;AV BEZERRA DE MENEZES;RUA CARLOS SEVERO;;;;ColisÃ£o Traseira;Luz do Dia;Bom;Seca;T;Pare;Comercial;0;1;1;1;0;0;0;0;0;1;0;0;"-3,73098400000";"-38,54204700000";inter_match
359637;6;6;2020;00:05;0;RUA BARRA VERMELHA;;;115;;ColisÃ£o;;;;Meio de Quadra;;;0;1;1;1;0;0;0;0;0;1;0;0;"-3,78936000000";"-38,61525000000";mq_gpsv
359638;6;6;2020;09:47;0;AV L CJ CEARA;;;893;;Queda;Luz do Dia;;;Meio de Quadra;;;0;1;0;0;0;0;0;0;0;1;0;0;"-3,83245000000";"-38,55791090000";mq_gpsv
359639;6;6;2020;10:51;0;AV CONTORNO SUL;;;190;;ColisÃ£o;Luz do Dia;;;Meio de Quadra;;;0;1;1;1;0;0;0;0;0;1;0;0;"-3,83552136000";"-38,51571908000";mq_match
359640;6;6;2020;13:36;7791;AV PONTES VIEIRA;RUA VIS MAUA;;;;ColisÃ£o;Luz do Dia;;;Cruz;SemÃ¡foro;Residencial;0;1;1;1;0;0;0;0;0;1;0;0;"-3,75165300000";"-38,50440100000";inter_match
359641;6;6;2020;14:26;0;RUA DA COPAIBA;;;110;;ColisÃ£o;Luz do Dia;;;Meio de Quadra;;;0;1;1;1;0;0;0;0;0;1;0;0;"-3,78418371000";"-38,51048970000";mq_qgis
359642;6;6;2020;14:39;0;RUA CODO;;;642;;ColisÃ£o;Luz do Dia;;;Meio de Quadra;;;0;1;0;0;0;0;0;0;0;0;0;0;"-3,85364675000";"-38,52340750000";mq_qgis
359647;6;6;2020;14:41;0;AV SEN FERNANDES TAVORA;;;3290;;Queda;Luz do Dia;;;Meio de Quadra;;;0;1;0;0;0;0;0;0;0;1;0;0;"-3,75449200000";"-38,60169600000";mq_match
359648;6;6;2020;14:41;0;RUA JOSE MENDONCA;;;1059;;ColisÃ£o;Luz do Dia;;;Meio de Quadra;;;0;1;0;0;0;0;0;0;0;0;0;0;"-3,75449200000";"-38,60169600000";mq_qgis
359649;6;6;2020;15:29;0;AV PRS CASTELO BRANCO;;;2856;;ColisÃ£o;Luz do Dia;;;Meio de Quadra;;;1;0;1;1;0;1;0;0;0;0;0;0;"-3,71233600000";"-38,55326000000";mq_qgis
359650;6;6;2020;15:45;0;RUA DA SORTE;;;22;;Queda;Luz do Dia;;;Meio de Quadra;;;0;1;0;0;0;0;0;0;0;1;0;0;"-3,80927290000";"-38,51099790000";mq_gpsv
359651;6;6;2020;16:16;0;AV AGUANAMBI;;;945;;ColisÃ£o;Luz do Dia;;;Meio de Quadra;;;0;1;1;1;0;0;0;0;0;1;0;0;"-3,74522400000";"-38,52544500000";mq_match
359652;6;6;2020;17:30;0;AV ALM HENRIQUE SABOIA;;;;;Queda;Anoitecer;;;Meio de Quadra;;;0;1;0;0;0;0;0;0;0;1;0;0;;;
359653;6;6;2020;18:07;0;RUA VALPARAISO;;;1066;;ColisÃ£o;Anoitecer;;;Meio de Quadra;;;0;1;0;0;0;0;0;0;0;0;0;0;"-3,84200500000";"-38,52848500000";mq_match
359654;6;6;2020;18:27;0;AV FRE CIRILO;;;127;;Queda;Anoitecer;;;Meio de Quadra;;;0;1;0;0;0;0;0;0;0;1;0;0;"-3,81111000000";"-38,50006000000";mq_gpsv
359655;6;6;2020;18:27;0;RUA ALFREDO MAMEDE;;;421;;Atropelamento;Anoitecer;;;Meio de Quadra;;;0;1;1;1;0;0;0;0;0;0;0;0;"-3,80907377000";"-38,58116350000";mq_qgis
359656;6;6;2020;19:12;0;AV RAD JOSE LIMA VERDE;;;612;;Queda;;;;Meio de Quadra;;;0;1;0;0;0;0;0;0;0;1;0;0;"-3,69825000000";"-38,58700400000";mq_qgis
359658;6;6;2020;19:26;0;AV JOSE BASTOS;;;4800;;ColisÃ£o;;;;Meio de Quadra;;;0;1;0;0;0;0;0;0;0;0;0;0;"-3,75720650000";"-38,55940350000";mq_match
359659;6;6;2020;19:42;15152;AV ABOLICAO;AV BAR STUDART;;;;Queda;;;;;;;0;1;0;0;0;1;0;0;0;0;0;0;"-3,72476200000";"-38,50344500000";inter_match
359660;6;6;2020;19:43;0;RUA OSVALDO CRUZ;;;1000;;ColisÃ£o;;;;Meio de Quadra;;;0;1;1;0;0;0;0;0;0;1;0;0;"-3,73371000000";"-38,49974000000";mq_gpsv
359661;6;6;2020;19:55;0;AV GAL OSORIO DE PAIVA;;;;;ColisÃ£o;;;;Meio de Quadra;;;0;1;1;1;0;0;0;0;0;1;0;0;;;
359662;6;6;2020;20:05;0;RUA CARLOS JUACABA;;;661;;Queda;;;;Meio de Quadra;;;0;1;0;0;0;1;0;0;0;0;0;0;"-3,79068000000";"-38,56150000000";mq_gpsv
359663;6;6;2020;20:58;0;AV FRE CIRILO;;;;;Queda;;;;Meio de Quadra;;;0;1;0;0;0;0;0;0;0;1;0;0;;;
359664;6;6;2020;21:27;0;RUA DEP MATOSO FILHO;;;564;;ColisÃ£o;;;;Meio de Quadra;;;0;1;0;0;0;0;0;0;0;0;0;0;"-3,73206850000";"-38,58958750000";mq_qgis
359665;6;6;2020;22:08;0;RUA FRE GALVAO D64;;;260;;Queda;;;;Meio de Quadra;;;0;1;0;0;0;0;0;0;0;1;0;0;"-3,83460000000";"-38,47567000000";mq_gpsv
359666;6;6;2020;22:24;5504;RUA PDE VALDEVINO;RUA JOAO CORDEIRO;;;;ColisÃ£o;;;;Cruz;SemÃ¡foro;Comercial;0;1;1;0;0;0;0;0;0;1;0;0;"-3,73889600000";"-38,51755000000";inter_match
359667;6;6;2020;22:28;0;AV LAURO VIEIRA CHAVES;;;1534;;Queda;;;;Meio de Quadra;;;0;1;0;0;0;0;0;0;0;1;0;0;"-3,77175756000";"-38,54113930000";mq_qgis
359668;6;6;2020;22:35;0;RUA JOSE MARTINS;;;1596;;ColisÃ£o;;;;Meio de Quadra;;;0;1;1;1;0;0;0;0;0;1;0;0;"-3,78757000000";"-38,60572000000";mq_gpsv
358756;6;6;2020;10:40;0;RD BR 020;;;;KM 426;Queda;Luz do Dia;;;Meio de Quadra;;;0;1;0;0;0;0;0;0;0;1;0;0;"-3,86300000000";"-38,52400000000";rod_match
359040;6;6;2020;12:10;0;AV WASHINGTON SOARES;;;;VIADUTO-IGUATEMI;Choque c/ ObstÃ¡culo Fixo;Luz do Dia;;Seca;Meio de Quadra;;;0;0;1;0;0;0;0;0;0;0;0;0;"-3,75513000000";"-38,49120100000";ref_gpsv
359051;6;6;2020;08:40;0;RD CE-040;;;;KM-04;ColisÃ£o;Luz do Dia;;;Meio de Quadra;;;0;0;2;0;0;0;1;0;0;0;0;0;"-3,79161315600";"-38,48033084000";rod_match
358890;7;6;2020;20:30;19957;AV LUCIANO CARNEIRO;RUA STA QUITERIA;;;;ColisÃ£o Transversal;Via Iluminada;Bom;Seca;Duplo T;SemÃ¡foro;Comercial;0;1;1;0;0;0;0;0;0;1;0;0;"-3,76053700000";"-38,53533900000";inter_match
358891;7;6;2020;05:35;22940;RUA BERNARDO MANUEL;RUA JAPI;;;;ColisÃ£o Lateral;Amanhecer;Chuva;Molhada;Cruz;Pare;Comercial;0;1;1;1;0;0;0;0;0;1;0;0;"-3,78407300000";"-38,54692700000";inter_match
358821;7;6;2020;21:00;0;AV LUCIANO CARNEIRO;;;1437;;ColisÃ£o;;;;Meio de Quadra;;;0;1;1;0;0;0;0;0;0;0;0;0;"-3,76083500000";"-38,53543100000";mq_qgis
358818;7;6;2020;09:12;0;RUA BERNARDO MANUEL;;;7536;;ColisÃ£o;Luz do Dia;;;Meio de Quadra;;;0;1;1;1;0;0;0;0;0;1;0;0;"-3,78407300000";"-38,54692700000";mq_match
358816;7;6;2020;01:02;5504;RUA PDE VALDEVINO;RUA JOAO CORDEIRO;;;;ColisÃ£o;;;;Cruz;SemÃ¡foro;Comercial;0;1;1;0;0;0;0;0;0;0;0;0;"-3,73889600000";"-38,51755000000";inter_match
359669;7;6;2020;00:25;0;AV PRS CASTELO BRANCO;;;5427;;Queda;;;;Meio de Quadra;;;0;1;0;0;0;0;0;0;0;1;0;0;"-3,70408200000";"-38,57911600000";mq_match
359670;7;6;2020;01:32;0;RUA BERNARDO MANUEL;;;;;Queda;;;;Meio de Quadra;;;0;1;0;0;0;0;0;0;0;1;0;0;;;
359671;7;6;2020;03:19;0;AV ROGACIANO LEITE;;;2850;;Queda;;;;Meio de Quadra;;;0;1;0;0;0;1;0;0;0;0;0;0;"-3,78360300000";"-38,50250000000";mq_match
359672;7;6;2020;07:08;0;RUA PRO CARVALHO;;;563;;ColisÃ£o;Luz do Dia;;;Meio de Quadra;;;0;1;1;1;0;0;0;0;0;1;0;0;"-3,74909000000";"-38,51561000000";mq_gpsv
359673;7;6;2020;11:13;0;AV SGT HERMINIO SAMPAIO;;;950;;Queda;Luz do Dia;;;Meio de Quadra;;;0;1;0;0;0;0;0;0;0;1;0;0;"-3,72455000000";"-38,54925100000";mq_match
359674;7;6;2020;12:33;0;AV GAL OSORIO DE PAIVA;;;3480;;Queda;Luz do Dia;;;Meio de Quadra;;;0;1;0;0;0;1;0;0;0;0;0;0;"-3,79165165400";"-38,58934788900";mq_match
359675;7;6;2020;13:50;0;RUA JOSE MARTINS;;;1927;;ColisÃ£o;Luz do Dia;;;Meio de Quadra;;;0;1;0;0;0;0;0;0;0;0;0;0;"-3,78697000000";"-38,60842000000";mq_gpsv
359676;7;6;2020;14:47;0;AV JOSE LEON;;;2094;;Queda;Luz do Dia;;;Meio de Quadra;;;0;1;0;0;0;0;0;0;0;1;0;0;"-3,78995686000";"-38,49294420000";mq_qgis
359677;7;6;2020;15:12;0;RUA PERILIO TEIXEIRA;;;;;ColisÃ£o;Luz do Dia;;;Meio de Quadra;;;0;1;1;1;0;0;0;0;0;0;0;0;;;
359678;7;6;2020;15:39;2573;AV FRANCISCO SA;RUA GRACA ARANHA;;;;Queda;Luz do Dia;;;Cruz;Pare;Residencial;0;1;0;0;0;0;0;0;0;1;0;0;"-3,71161100000";"-38,57435900000";inter_match
359679;7;6;2020;16:25;0;RUA SAO JOAO D20;;;289;;ColisÃ£o;Luz do Dia;;;Meio de Quadra;;;0;1;1;1;0;0;0;0;0;1;0;0;"-3,77260300000";"-38,59450700000";mq_gpsv
359680;7;6;2020;16:31;0;RUA CRUZEIRO DO SUL;;;;;ColisÃ£o;Luz do Dia;;;Meio de Quadra;;;0;1;0;0;0;0;0;0;0;0;0;0;;;
359682;7;6;2020;16:43;0;AV DOS EXPEDICIONARIOS;;;3656;;ColisÃ£o;Luz do Dia;;;Meio de Quadra;;;0;1;0;0;0;0;0;0;0;0;0;0;"-3,75080300000";"-38,53688000000";mq_qgis
359683;7;6;2020;16:47;0;RUA PEDRO MUNIZ;;;;;Queda;Luz do Dia;;;Meio de Quadra;;;0;1;0;0;0;0;0;0;0;1;0;0;;;
359684;7;6;2020;17:52;0;AV EDILSON B SOARES;;;2040;;ColisÃ£o;Anoitecer;;;Meio de Quadra;;;0;1;1;1;0;0;0;0;0;0;0;0;"-3,78832619200";"-38,46747273000";mq_match
359685;7;6;2020;18:21;0;RUA GUILHERME MENDES;;;1019;;Queda;Anoitecer;;;Meio de Quadra;;;0;1;0;0;0;0;0;0;0;1;0;0;"-3,72058250000";"-38,58772300000";mq_qgis
359686;7;6;2020;19:17;0;RUA CANGURU;;;217;;Atropelamento;;;;Meio de Quadra;;;0;1;1;1;0;0;0;0;0;0;0;0;"-3,84700000000";"-38,52521000000";mq_gpsv
359687;7;6;2020;21:15;0;RUA FENELON BOMILCAR;;;558;;Queda;;;;Meio de Quadra;;;0;1;0;0;0;0;0;0;0;1;0;0;"-3,71577000000";"-38,58351000000";mq_gpsv
359688;7;6;2020;21:45;0;RUA MARIO CAMPOS;;;883;;Queda;;;;Meio de Quadra;;;0;1;0;0;0;1;0;0;0;0;0;0;"-3,72567000000";"-38,58765000000";mq_gpsv
359689;7;6;2020;22:39;0;RUA TAUBATE;;;28;;ColisÃ£o;;;;Meio de Quadra;;;0;1;1;1;0;0;0;0;0;1;0;0;"-3,77101700000";"-38,59539500000";mq_qgis
359690;7;6;2020;23:44;0;RUA URUCUTUBA;;;282;;ColisÃ£o;;;;Meio de Quadra;;;0;1;0;0;0;0;0;0;0;0;0;0;"-3,79792000000";"-38,59833000000";mq_gpsv
360403;7;6;2020;19:00;0;RD CE-040;;;;KM-03;ColisÃ£o;;;;Meio de Quadra;;;0;0;2;1;0;0;0;0;0;0;0;0;"-3,78261432500";"-38,48108390000";rod_match
357371;7;6;2020;07:35;0;AV PRS CASTELO BRANCO;;;901;;Choque c/ ObstÃ¡culo Fixo;Luz do Dia;Chuva;Molhada;Meio de Quadra;NÃ£o HÃ¡ Controle;Residencial;0;0;1;1;0;0;0;0;0;0;0;0;"-3,71976091900";"-38,53134654000";mq_match
357372;7;6;2020;10:26;5108;RUA SAO PAULO;RUA PRC ISABEL;;0;;ColisÃ£o Transversal;Luz do Dia;Chuva;Molhada;Cruz;Pare;Comercial;0;1;1;1;0;0;0;0;0;0;0;0;"-3,72367900000";"-38,53461900000";inter_match
357373;7;6;2020;13:33;0;AV ENG HUMBERTO MONTE;;;2929;;Tombamento;Luz do Dia;Chuva;Molhada;Meio de Quadra;NÃ£o HÃ¡ Controle;Comercial;0;1;0;0;0;0;0;0;0;0;0;0;"-3,74236370000";"-38,56599370000";mq_gpsv
357374;7;6;2020;19:27;17678;RUA MAJ TELESFORO;RUA JOSE PEDRA;;;;Atropelamento;Via Iluminada;Bom;Seca;Cruz;Pare;Residencial;0;1;1;1;0;0;0;0;0;0;0;0;"-3,79828700000";"-38,55052000000";inter_match
357375;7;6;2020;08:08;0;AV ANTONIO SALES;;;2666;;ColisÃ£o Lateral;Luz do Dia;NÃ£o Informado;Molhada;Meio de Quadra;NÃ£o HÃ¡ Controle;Comercial;0;1;2;0;1;0;0;0;0;1;0;0;"-3,74605100000";"-38,50040700000";mq_match
357376;8;6;2020;09:34;15423;AV FRE CIRILO;RUA ALBERTO TORRES;;;;ColisÃ£o Lateral;Luz do Dia;Bom;Seca;Cruz;SemÃ¡foro;Residencial;0;0;2;0;0;0;0;0;0;1;0;0;"-3,81594400000";"-38,49801200000";inter_match
357377;8;6;2020;21:09;0;RUA 10 DE NOVEMBRO;AV PRO GOMES DE MATOS;;0;;ColisÃ£o Transversal;Via Iluminada;Bom;Seca;Meio de Quadra;Pare;Comercial;0;0;2;1;0;0;0;0;0;1;0;0;"-3,76603300000";"-38,54984600000";inter_gpsv
359691;8;6;2020;06:22;0;RUA STA ELISA D21;;;1175;;ColisÃ£o;Luz do Dia;;;Meio de Quadra;;;0;1;1;1;0;0;0;0;0;1;0;0;"-3,70527252000";"-38,56272740000";mq_qgis
359692;8;6;2020;06:43;0;AV PERIMETRAL;;;835;;Queda;Luz do Dia;;;Meio de Quadra;;;0;1;0;0;0;0;0;0;0;1;0;0;;;
359693;8;6;2020;07:07;0;AV ENG ALBERTO SA;;;1340;;Queda;Luz do Dia;;;Meio de Quadra;;;0;1;0;0;0;1;0;0;0;0;0;0;"-3,73597500000";"-38,47090500000";mq_qgis
359694;8;6;2020;08:10;0;RUA BERNARDO MANUEL;;;;;Queda;Luz do Dia;;;Meio de Quadra;;;0;1;0;0;0;0;0;0;0;1;0;0;;;
359696;8;6;2020;09:21;25552;AV VICENTE DE CASTRO;RUA BENEDITO MACEDO;;;;ColisÃ£o;Luz do Dia;;;Cruz;Pare;Comercial;0;1;1;1;0;1;0;0;0;0;0;0;"-3,71652000000";"-38,47500000000";inter_gpsv
359697;8;6;2020;10:42;0;RUA COS LAFAYETE;;;131;;ColisÃ£o;Luz do Dia;;;Meio de Quadra;;;0;1;1;1;0;0;0;0;0;1;0;0;"-3,71846000000";"-38,57836000000";mq_gpsv
359698;8;6;2020;10:53;0;RUA MARIA JULIA;;;816;;Atropelamento;Luz do Dia;;;Meio de Quadra;;;0;1;1;0;0;0;0;0;0;1;0;0;"-3,79276971000";"-38,60000570000";mq_qgis
359699;8;6;2020;11:10;0;RUA JOAO BRIGIDO;;;2191;;ColisÃ£o;Luz do Dia;;;Meio de Quadra;;;0;1;1;1;0;0;0;0;0;1;0;0;"-3,73894007000";"-38,52106850000";mq_qgis
359700;8;6;2020;11:12;15921;RUA MIRACEMA;RUA JOAO IVO;;;;ColisÃ£o;Luz do Dia;;;;;;0;1;1;1;0;0;0;0;0;1;0;0;"-3,83702000000";"-38,49756000000";inter_gpsv
359701;8;6;2020;11:15;0;AV JOR THOMAZ COELHO;;;3309;;ColisÃ£o;Luz do Dia;;;Meio de Quadra;;;0;1;1;1;0;0;0;0;0;1;0;0;"-3,82934900000";"-38,52562600000";mq_match
359702;8;6;2020;12:31;0;AV GODOFREDO MACIEL;;;;;ColisÃ£o;Luz do Dia;;;Meio de Quadra;;;0;1;1;0;0;0;0;0;0;1;0;0;;;
359703;8;6;2020;15:00;12871;RUA BAR ARATANHA;RUA JOAQUIM MAGALHAES;;;;ColisÃ£o;Luz do Dia;;;Cruz;NÃ£o HÃ¡ Controle;Residencial;0;1;1;1;0;0;0;0;0;0;0;0;"-3,73971600000";"-38,52866600000";inter_match
359704;8;6;2020;15:39;0;RUA BAR CANINDE;;;712;;ColisÃ£o;Luz do Dia;;;Meio de Quadra;;;0;1;1;1;0;0;0;0;0;1;0;0;"-3,76879602000";"-38,55683620000";mq_qgis
359705;8;6;2020;16:59;0;RUA JOSE DANTAS VIEIRA;;;447;;Queda;Luz do Dia;;;Meio de Quadra;;;0;1;0;0;0;0;0;0;0;1;0;0;"-3,76491700000";"-38,56415570000";mq_match
359706;8;6;2020;18:47;0;RUA RIO GRANDE DO NORTE;;;644;;ColisÃ£o;;;;Meio de Quadra;;;0;1;1;1;0;0;0;0;0;1;0;0;"-3,76034000000";"-38,56479000000";mq_gpsv
359707;8;6;2020;20:27;0;RUA 15 DE NOVEMBRO;;;806;;ColisÃ£o;;;;Meio de Quadra;;;0;1;1;1;0;0;0;0;0;1;0;0;"-3,76990900000";"-38,55316900000";mq_qgis
358897;8;6;2020;14:20;0;RUA JOAO AREAS;;;450;;ColisÃ£o Lateral Sentido Oposto;Luz do Dia;Bom;Seca;Meio de Quadra;NÃ£o HÃ¡ Controle;Residencial;0;1;1;1;0;0;0;0;0;1;0;0;"-3,79092531000";"-38,57593050000";mq_qgis
358903;8;6;2020;08:00;0;RUA ANSELMO NOGUEIRA;;;;;ColisÃ£o Lateral;Luz do Dia;Bom;Seca;;;;0;1;1;1;0;0;0;0;0;1;0;0;;;
358923;9;6;2020;11:30;7840;AV BAR STUDART;AV SORIANO ALBUQUERQUE;;;;ColisÃ£o Transversal;Luz do Dia;Bom;Seca;Cruz;SemÃ¡foro;Comercial;0;1;1;0;0;0;0;0;0;1;0;0;"-3,75018300000";"-38,51157300000";inter_match
358824;9;6;2020;22:43;0;AV DOLOR BARREIRA;;;531;;ColisÃ£o;;;;Meio de Quadra;;;0;2;0;0;0;0;0;0;0;1;0;0;"-3,72966100000";"-38,47242900000";mq_qgis
359052;9;6;2020;10:30;0;RD CE-040;;;;;ColisÃ£o;Luz do Dia;;Seca;Meio de Quadra;;;0;0;3;1;0;0;0;0;0;1;0;0;;;
359071;9;6;2020;00:45;0;RUA LUIS VIEIRA;;;735;;Atropelamento;;;;Meio de Quadra;;;0;1;0;1;0;0;0;0;0;0;0;0;"-3,79216768000";"-38,58812920000";mq_qgis
359072;9;6;2020;07:16;0;RUA PDE PEDRO DE ALENCAR;;;115;;Queda;Luz do Dia;;;Meio de Quadra;;;0;1;0;0;0;0;0;0;0;1;0;0;"-3,82878000000";"-38,49358000000";mq_gpsv
359073;9;6;2020;09:34;0;ET DO JATOBA;;;2265;;Queda;Luz do Dia;;;Meio de Quadra;;;0;1;0;0;0;0;0;0;0;1;0;0;"-3,79258111000";"-38,62630280000";mq_qgis
359074;9;6;2020;09:44;0;AV D CJ JOSE WALTER;;;110;;ColisÃ£o;Luz do Dia;;;Meio de Quadra;;;0;1;0;1;0;1;0;0;0;0;0;0;"-3,84143000000";"-38,56203000000";mq_gpsv
359075;9;6;2020;10:06;0;AV PRS COSTA E SILVA;;;898;;ColisÃ£o;Luz do Dia;;;Meio de Quadra;;;0;2;0;1;0;0;0;0;0;1;0;0;"-3,81295445800";"-38,57125737000";mq_match
359076;9;6;2020;12:56;0;AV CEL CARVALHO;;;;;Queda;Luz do Dia;;;Meio de Quadra;;;0;1;0;0;0;0;0;0;0;1;0;0;;;
359077;9;6;2020;16:00;0;RUA DA SAUDADE;;;3330;;ColisÃ£o;Luz do Dia;;;Meio de Quadra;;;0;1;0;0;0;0;0;0;0;0;0;0;;;
359078;9;6;2020;16:19;0;RUA PRO HERIBALDO COSTA;;;2043;;Atropelamento;Luz do Dia;;;Meio de Quadra;;;0;1;0;0;0;0;0;0;0;1;0;0;"-3,76934160000";"-38,58874980000";mq_qgis
359079;9;6;2020;16:56;0;RUA PORTO ALEGRE;;;1270;;ColisÃ£o;Luz do Dia;;;Meio de Quadra;;;0;1;0;1;0;1;0;0;0;0;0;0;"-3,76064722000";"-38,58985600000";mq_qgis
359080;9;6;2020;17:43;0;RUA PRO ARAUJO;;;45833;;Atropelamento;Anoitecer;;;Meio de Quadra;;;0;1;0;1;0;0;0;0;0;0;0;0;;;
359081;9;6;2020;18:00;0;AV JOR THOMAZ COELHO;;;2116;;Atropelamento;Anoitecer;;;Meio de Quadra;;;0;1;0;0;0;0;0;0;0;1;0;0;"-3,82792000000";"-38,51522000000";mq_gpsv
359082;9;6;2020;19:00;0;RUA MARIA JULIA;;;956;;ColisÃ£o;;;;Meio de Quadra;;;0;3;0;0;0;0;0;0;0;1;0;0;"-3,79390000000";"-38,60043000000";mq_gpsv
357378;9;6;2020;11:33;0;AV PRO GOMES DE MATOS;;;476;;NÃ£o Informado;Luz do Dia;Nublado;Seca;Meio de Quadra;NÃ£o HÃ¡ Controle;Comercial;0;0;3;1;0;0;0;0;0;0;0;0;"-3,75764600000";"-38,54260600000";mq_match