COD_ACIDENTE;DIA;MES;ANO;HORA;INTERSECAO;LOG1;LOG2;LOG3;NUMERO;REFERENCIA;NATUREZA;ILUMINACAO;TEMPO;SUPERFICIEPISTA;TIPOCRUZAMENTO;CONTROLETRAFEGO;USOSOLO;MORTOS;FERIDOS;ILESOS;AUTOMOVEL;ONIBUS;BICICLETA;CAMINHAO;MICROONIBUS;CICLOMOTOR;MOTOCICLETA;TRACAOANIMAL;TREM;LATITUDE;LONGITUDE;METODO
357414;19;6;2020;07:18;0;AV VIS RIO BRANCO;;;4317;HOSP UNIMED;ColisÃ£o Lateral;Luz do Dia;Bom;Seca;Meio de Quadra;NÃ£o HÃ¡ Controle;Residencial;0;1;1;1;0;0;0;0;1;0;0;0;"-3,75801350000";"-38,51964600000";mq_match
357415;19;6;2020;15:03;1566;RUA PDE VALDEVINO;RUA SILVA PAULET;;;;ColisÃ£o Transversal;Luz do Dia;Bom;Seca;Cruz;NÃ£o HÃ¡ Controle;Comercial;0;1;1;1;0;0;0;0;0;1;0;0;"-3,74195700000";"-38,50785100000";inter_match
357416;19;6;2020;19:43;0;RUA PRO JOSE HENRIQUE;RUA PRO JOSE BONIFACIO;;0;;ColisÃ£o Transversal;Via Iluminada;Bom;Seca;Meio de Quadra;Pare;Residencial;0;1;1;0;0;0;0;0;0;0;0;0;"-3,83040000000";"-38,48143000000";inter_gpsv
359252;19;6;2020;08:00;0;RUA JOAO LOBO FILHO;;;99;;Queda;Luz do Dia;;;Meio de Quadra;;;0;1;0;0;0;0;0;0;0;1;0;0;"-3,75094020000";"-38,52284420000";mq_qgis
359254;19;6;2020;09:13;0;RUA BAR SOBRAL;;;1333;;Queda;Luz do Dia;;;Meio de Quadra;;;0;1;0;0;0;0;0;0;0;1;0;0;"-3,76356000000";"-38,56022000000";mq_match
359255;19;6;2020;11:01;10726;RUA PRO HERIBALDO COSTA;RUA CURITIBA;;;;ColisÃ£o;Luz do Dia;;;Cruz;Pare;Residencial;0;1;1;1;0;0;0;0;0;1;0;0;"-3,75999200000";"-38,58385300000";inter_match
359256;19;6;2020;11:29;0;RUA ALEMANHA;;;270;;ColisÃ£o;Luz do Dia;;;Meio de Quadra;;;0;1;1;1;0;0;0;0;0;1;0;0;"-3,78050000000";"-38,56014000000";mq_gpsv
359257;19;6;2020;11:37;0;AV CARNEIRO DE MENDONCA;;;541;;ColisÃ£o;Luz do Dia;;;Meio de Quadra;;;0;1;1;1;0;0;0;0;0;1;0;0;"-3,76533000000";"-38,56445000000";mq_gpsv
359249;19;6;2020;07:04;0;AV AGUANAMBI;;;;;ColisÃ£o;Luz do Dia;;;Meio de Quadra;;;0;1;1;1;0;0;0;0;0;1;0;0;;;
359275;19;6;2020;18:00;0;AV 13 DE MAIO;;;1220;;Atropelamento;Anoitecer;;;Meio de Quadra;;;1;0;1;1;0;0;0;0;0;0;0;0;"-3,74886700000";"-38,52985800000";mq_match
359276;19;6;2020;19:14;0;RUA JOSE BAIMA;;;345;;Capotamento;;;;Meio de Quadra;;;0;1;0;0;0;0;0;0;0;0;0;0;"-3,83034000000";"-38,48138000000";mq_gpsv
359277;19;6;2020;22:42;0;AV GAL OSORIO DE PAIVA;;;7828;SÃTIO SIQUEIRA;ColisÃ£o;;;;Meio de Quadra;;;0;1;1;0;0;0;0;0;0;0;0;0;"-3,82056613500";"-38,61742349000";mq_match
359259;19;6;2020;14:30;5069;RUA SAO PAULO;RUA COS ESTELITA;;;;Atropelamento;Luz do Dia;;;Cruz;Pare;Comercial;0;1;1;1;0;0;0;0;0;0;0;0;"-3,72228900000";"-38,53885500000";inter_match
359260;19;6;2020;14:30;12508;AV LINEU MACHADO;RUA ALUISIO AZEVEDO;;;;ColisÃ£o;Luz do Dia;;;Cruz;SemÃ¡foro;Comercial;0;1;1;1;0;0;0;0;0;1;0;0;"-3,77021200000";"-38,57918400000";inter_match
359261;19;6;2020;14:43;0;RUA HIPOLITO PAMPLONA;;;326;;Queda;Luz do Dia;;;Meio de Quadra;;;0;1;0;0;0;0;0;0;0;1;0;0;"-3,74464893000";"-38,59617210000";mq_qgis
359262;19;6;2020;14:45;88;RUA ANARIO BRAGA;RUA FROTA PESSOA;;;;Queda;Luz do Dia;;;T;Pare;Residencial;0;1;0;0;0;0;0;0;0;1;0;0;"-3,73713500000";"-38,59255300000";inter_match
359263;19;6;2020;15:05;7871;RUA LEONARDO MOTA;RUA PRO FRANCISCO GONCALVES;;;;ColisÃ£o;Luz do Dia;;;Cruz;Pare;Comercial;0;1;1;1;0;0;0;0;0;1;0;0;"-3,74730800000";"-38,49974800000";inter_match
359264;19;6;2020;15:28;0;RUA BERNARDO MANUEL;;;8875;;ColisÃ£o;Luz do Dia;;;Meio de Quadra;;;0;1;1;1;0;0;0;0;0;1;0;0;"-3,79713717000";"-38,55094320000";mq_qgis
359265;19;6;2020;16:02;0;AV ROGACIANO LEITE;;;3550;;ColisÃ£o;Luz do Dia;;;Meio de Quadra;;;0;1;1;0;0;0;0;0;0;1;0;0;"-3,77217970000";"-38,49869540000";mq_gpsv
359266;19;6;2020;16:11;0;RUA JUVENAL GALENO;;;544;;Atropelamento;Luz do Dia;;;Meio de Quadra;;;0;1;1;0;0;0;0;0;0;1;0;0;"-3,73841550000";"-38,53985350000";mq_qgis
359267;19;6;2020;16:19;13111;RUA 69 CJ JOSE WALTER;AV C CJ JOSE WALTER;;;;ColisÃ£o;Luz do Dia;;;Cruz;Pare;Residencial;0;1;1;1;0;0;0;0;0;1;0;0;"-3,82916400000";"-38,55429100000";inter_match
359268;19;6;2020;16:53;0;AV RECREIO D64;;;260;;ColisÃ£o;Luz do Dia;;;Meio de Quadra;;;0;2;0;0;0;0;0;0;0;0;0;0;"-3,80799700000";"-38,44896400000";mq_match
359269;19;6;2020;17:06;0;AV SANTOS DUMONT;;;3609;;ColisÃ£o;Anoitecer;;;Meio de Quadra;;;0;1;1;1;0;1;0;0;0;0;0;0;"-3,73811300000";"-38,49250200000";mq_qgis
359045;19;6;2020;19:40;0;RUA SEN ALENCAR;;;1008;;ColisÃ£o Traseira;Mal Iluminada;Bom;Seca;Meio de Quadra;NÃ£o HÃ¡ Controle;Residencial;0;1;1;1;0;0;0;0;0;1;0;0;"-3,72272300000";"-38,53468750000";mq_qgis
359090;19;6;2020;09:00;0;RD CE-025;;;;KM-08;ColisÃ£o;Luz do Dia;;Seca;Meio de Quadra;;;0;0;2;1;0;0;0;0;0;0;0;0;"-3,82467964800";"-38,41861484000";rod_match
359091;19;6;2020;15:22;0;AV MIN JOSE AMERICO;;;;;Engavetamento;Luz do Dia;;Seca;Meio de Quadra;;;0;0;3;1;0;0;1;0;0;0;0;0;;;
359058;19;6;2020;12:20;22217;RUA ERETIDES MARTINS;RUA SAO JUDAS TADEU D08;;;;ColisÃ£o Frontal;Luz do Dia;Bom;Seca;T;Pare;Comercial;0;1;1;1;0;1;0;0;0;0;0;0;"-3,72890400000";"-38,55953200000";inter_match
358762;19;6;2020;05:40;0;RD BR 020;;;;KM 425;Capotamento;Amanhecer;;;Meio de Quadra;;;0;1;0;1;0;0;0;0;0;0;0;0;"-3,86100000000";"-38,53300000000";rod_match
359271;19;6;2020;17:20;0;AV PERIMETRAL;;;170;;Queda;Anoitecer;;;Meio de Quadra;;;0;1;0;0;0;0;0;0;0;1;0;0;;;
359272;19;6;2020;17:37;0;AV JOR THOMAZ COELHO;;;1276;;ColisÃ£o;Anoitecer;;;Meio de Quadra;;;0;1;1;1;0;0;0;0;0;1;0;0;"-3,83084900000";"-38,50559450000";mq_match
359635;19;6;2020;18:30;0;RD BR 222;;;;;ColisÃ£o;Anoitecer;;;Meio de Quadra;;;1;0;1;0;0;1;0;0;0;0;0;0;"-3,73986600000";"-38,59248000000";fat_match
359356;20;6;2020;17:05;0;AV BORGES DE MELO;;;;;ColisÃ£o;Anoitecer;;;Meio de Quadra;;;0;1;1;1;0;0;0;0;0;1;0;0;;;
359404;20;6;2020;19:39;0;AV N CJ JOSE WALTER;;;;;Queda;;;;Meio de Quadra;;;0;1;0;0;0;0;0;0;0;1;0;0;;;
359405;20;6;2020;22:06;0;RUA MOCAMBIQUE;;;620;;ColisÃ£o;;;;Meio de Quadra;;;0;1;1;1;0;0;0;0;0;1;0;0;"-3,75988200000";"-38,59831200000";mq_qgis
359407;20;6;2020;22:38;0;RUA JAIME BENEVOLO;;;52;;ColisÃ£o;;;;Meio de Quadra;;;0;1;1;1;0;0;0;0;0;1;0;0;"-3,73275000000";"-38,52558000000";mq_gpsv
359395;20;6;2020;15:00;0;RUA BUENO;;;526;;ColisÃ£o;Luz do Dia;;;Meio de Quadra;;;0;1;1;1;0;0;0;0;0;1;0;0;"-3,77176000000";"-38,59297000000";mq_gpsv
359396;20;6;2020;18:07;0;RUA CON DE CASTRO;;;88;;ColisÃ£o;Anoitecer;;;Meio de Quadra;;;0;1;1;1;0;1;0;0;0;0;0;0;"-3,79859000000";"-38,58608000000";mq_gpsv
359397;20;6;2020;18:36;0;RUA PORTO VELHO;;;1832;;Atropelamento;;;;Meio de Quadra;;;0;1;1;1;0;0;0;0;0;0;0;0;"-3,76194900000";"-38,59471500000";mq_match
359399;20;6;2020;18:37;1471;RUA EDUARDO GARCIA;RUA LEONARDO MOTA;;;;ColisÃ£o;;;;Cruz;SemÃ¡foro;Comercial;0;1;1;1;0;0;0;0;0;1;0;0;"-3,73914670000";"-38,49820700000";inter_match
359400;20;6;2020;19:18;0;RUA BARRA NOVA;;;951;;ColisÃ£o;;;;Meio de Quadra;;;0;3;0;0;0;0;0;0;0;0;0;0;"-3,78407491000";"-38,50549900000";mq_qgis
359059;20;6;2020;12:06;0;RUA TEN JURANDIR ALENCAR;;;55;;ColisÃ£o Lateral;Luz do Dia;Bom;Seca;Meio de Quadra;Outros;Comercial;1;0;1;1;0;1;0;0;0;0;0;0;"-3,83162000000";"-38,49496000000";mq_gpsv
359060;20;6;2020;02:53;5434;AV DOM MANUEL;AV HERACLITO GRACA;;;;ColisÃ£o Lateral;Via Iluminada;Bom;Seca;Cruz;SemÃ¡foro;Comercial;0;1;1;1;0;0;0;0;0;1;0;0;"-3,73401300000";"-38,52295200000";inter_match
359093;20;6;2020;16:10;0;RD CE-040;;;;KM-12;Choque c/ ObstÃ¡culo Fixo;Luz do Dia;;Seca;Meio de Quadra;;;0;0;1;1;0;0;0;0;0;0;0;0;"-3,85769094900";"-38,47204254000";rod_match
359278;20;6;2020;02:28;0;RUA COS DA SILVA;;;380;;Queda;;;;Meio de Quadra;;;0;1;0;0;0;0;0;0;0;1;0;0;"-3,81486563000";"-38,51040890000";mq_qgis
359280;20;6;2020;11:18;0;AV DR SILAS MUNGUBA;;;;;ColisÃ£o;Luz do Dia;;;Meio de Quadra;;;0;1;1;1;0;0;0;0;0;1;0;0;;;
359281;20;6;2020;11:43;0;RUA CAETANO SILVA (A. NUNES);;;80;;Queda;Luz do Dia;;;Meio de Quadra;;;0;1;0;0;0;0;0;0;0;1;0;0;"-3,82025300000";"-38,53754410000";mq_gpsv
359282;20;6;2020;12:06;1538;AV PDE ANTONIO TOMAS;RUA LEONARDO MOTA;;;;ColisÃ£o;Luz do Dia;;;Cruz;SemÃ¡foro;Comercial;0;1;1;1;0;0;0;0;0;1;0;0;"-3,74081100000";"-38,49766200000";inter_match
359283;20;6;2020;12:27;0;AV OLIVEIRA PAIVA;;;261;;ColisÃ£o;Luz do Dia;;;Meio de Quadra;;;0;1;1;1;0;0;0;0;0;1;0;0;"-3,79830500000";"-38,50256000000";mq_match
359284;20;6;2020;13:04;0;RUA GERMANO FRANCK;;;395;;ColisÃ£o;Luz do Dia;;;Meio de Quadra;;;0;1;1;0;0;0;0;0;0;1;0;0;"-3,77602700000";"-38,56058100000";mq_match
359285;20;6;2020;13:24;0;AV LINEU MACHADO;;;1250;;Atropelamento;Luz do Dia;;;Meio de Quadra;;;0;1;1;0;0;0;0;0;0;1;0;0;"-3,77068781000";"-38,57941090000";mq_qgis
357417;20;6;2020;02:03;0;RUA PDE RODOLFO;TR SAO RAIMUNDO;;0;;NÃ£o Informado;Via Iluminada;Bom;Seca;Meio de Quadra;Pare;Residencial;0;0;1;1;0;0;0;0;0;0;0;0;"-3,80367000000";"-38,58784000000";inter_gpsv
357418;20;6;2020;09:26;5351;AV IMPERADOR;RUA GAL CLARINDO DE QUEIROZ;;1092;;ColisÃ£o Transversal;Luz do Dia;Bom;Seca;Cruz;SemÃ¡foro;Comercial;0;0;2;1;1;0;0;0;0;0;0;0;"-3,73096200000";"-38,53556600000";inter_match
357419;20;6;2020;09:57;0;AV AMERICO BARREIRA;;;5899;;ColisÃ£o;Luz do Dia;Bom;Seca;Meio de Quadra;DÃª PreferÃªncia;Comercial;0;1;1;0;0;0;0;0;0;1;0;0;"-3,76389100000";"-38,56660500000";mq_match
357420;20;6;2020;11:45;0;RUA TEN ROMA;;;110;;ColisÃ£o Lateral;Luz do Dia;Bom;Seca;Meio de Quadra;Pare;Residencial;0;1;1;0;0;0;0;0;0;1;0;0;"-3,76825923000";"-38,51688760000";mq_qgis
357421;21;6;2020;00:03;9020;RUA JAIME BENEVOLO;RUA SALDANHA MARINHO;;;;ColisÃ£o Transversal;Via Iluminada;Bom;Seca;Cruz;SemÃ¡foro;Comercial;0;1;1;1;0;0;0;0;0;1;0;0;"-3,74304600000";"-38,52899400000";inter_match
357422;21;6;2020;15:30;7781;AV ANTONIO SALES;AV DES MOREIRA;;;;ColisÃ£o Transversal;Luz do Dia;Nublado;Seca;Cruz;SemÃ¡foro;Comercial;0;2;1;1;0;0;0;0;0;1;0;0;"-3,74574400000";"-38,50141000000";inter_match
359065;21;6;2020;21:30;20195;AV PAROARAS;AV PRUDENTE BRASIL;;;;ColisÃ£o Frontal;Anoitecer;Bom;Seca;T;SemÃ¡foro Intermitente;Comercial;0;0;2;1;0;0;0;0;0;0;0;0;"-3,81295200000";"-38,53555700000";inter_match
358763;21;6;2020;20:25;0;RD BR 116;;;13000;KM-13;ColisÃ£o Lateral;;;;Meio de Quadra;;;0;1;1;1;0;0;0;0;0;1;0;0;"-3,86467000000";"-38,49772700000";rod_match
358764;21;6;2020;22:38;0;RD BR 116;;;2000;KM-02;ColisÃ£o Lateral;;;;Meio de Quadra;;;0;1;1;1;0;0;0;0;0;1;0;0;"-3,77139100000";"-38,51678000000";rod_match
359414;21;6;2020;00:03;0;AV 13 DE MAIO;;;3030;;Queda;;;;Meio de Quadra;;;0;1;0;0;0;0;0;0;0;1;0;0;"-3,73751160000";"-38,54276800000";mq_match
359415;21;6;2020;03:36;0;AV ALBERTO CRAVEIRO;;;786;VIADUTO-AEROPORTO;ColisÃ£o;;;;Meio de Quadra;;;0;1;1;0;0;0;0;0;0;0;0;0;"-3,78514960000";"-38,51705600000";mq_match
359416;21;6;2020;05:22;0;AV PERIMETRAL;;;;;Atropelamento;Amanhecer;;;Meio de Quadra;;;0;1;1;0;0;0;0;0;0;0;0;0;;;
359417;21;6;2020;06:01;18387;AV OLAVO BILAC;AV SGT HERMINIO SAMPAIO;;;;Capotamento;Luz do Dia;;;Cruz;SemÃ¡foro;Comercial;0;1;0;0;0;0;0;0;0;0;0;0;"-3,72717900000";"-38,56508000000";inter_match
359418;21;6;2020;10:31;5209;RUA TEN BENEVOLO;RUA JOAO CORDEIRO;;;;ColisÃ£o;Luz do Dia;;;Cruz;SemÃ¡foro;Comercial;0;1;1;1;0;0;0;0;0;1;0;0;"-3,72651400000";"-38,51342400000";inter_match
359419;21;6;2020;11:30;4100;AV PASTEUR;RUA 11 DE JULHO;;;;ColisÃ£o;Luz do Dia;;;T;NÃ£o HÃ¡ Controle;Residencial;0;1;1;0;0;0;0;0;0;1;0;0;"-3,71547000000";"-38,56028200000";inter_match
359422;21;6;2020;12:55;0;RUA JAPI;;;656;;ColisÃ£o;Luz do Dia;;;Meio de Quadra;;;0;1;1;0;0;0;0;0;0;0;0;0;"-3,78324000000";"-38,54932000000";mq_gpsv
359423;21;6;2020;12:56;0;RUA NELSON COELHO;;;727;;ColisÃ£o;Luz do Dia;;;Meio de Quadra;;;0;1;1;1;0;0;0;0;0;1;0;0;"-3,83137000000";"-38,46212000000";mq_gpsv
359424;21;6;2020;13:12;0;ET DO FIO (MESSEJANA);;;3335;;Queda;Luz do Dia;;;Meio de Quadra;;;0;1;0;0;0;0;0;0;0;1;0;0;;;
359425;21;6;2020;13:47;0;RUA OSCAR ARARIPE;;;1473;;Queda;Luz do Dia;;;Meio de Quadra;;;0;1;0;0;0;1;0;0;0;0;0;0;"-3,78955400000";"-38,60445700000";mq_match
359426;21;6;2020;14:59;4185;RUA PEDRO ARTUR;RUA FRANCISCO CORDEIRO;;;;ColisÃ£o;Luz do Dia;;;;;;0;1;1;1;0;0;0;0;0;1;0;0;"-3,71363000000";"-38,55077000000";inter_gpsv
359359;21;6;2020;21:57;0;RUA ESPIRITO SANTO;;;714;;ColisÃ£o;;;;Meio de Quadra;;;0;1;1;0;0;0;0;0;0;1;0;0;"-3,75456312000";"-38,56920460000";mq_qgis
359362;21;6;2020;21:37;0;RUA DUAS NACOES;;;717;;ColisÃ£o;;;;Meio de Quadra;;;0;2;0;0;0;0;0;0;0;1;0;0;"-3,77826700000";"-38,60240900000";mq_qgis
359369;21;6;2020;21:19;9018;RUA SOLON PINHEIRO;RUA SALDANHA MARINHO;;;;ColisÃ£o;;;;Cruz;Pare;Residencial;0;1;1;1;0;0;0;0;0;1;0;0;"-3,74259400000";"-38,53040600000";inter_match
359367;21;6;2020;21:28;0;AV CONTORNO NORTE D71;;;1399;;Atropelamento;;;;Meio de Quadra;;;0;1;1;0;0;0;0;0;0;1;0;0;"-3,81175000000";"-38,58951100000";mq_match
359373;21;6;2020;18:49;0;AV MOZART PINHEIRO DE LUCENA;;;1791;;ColisÃ£o;;;;Meio de Quadra;;;0;1;1;1;0;0;0;0;0;1;0;0;"-3,71800400000";"-38,59562200000";mq_qgis
359375;21;6;2020;19:06;0;RUA DIOGO CORREIA;;;604;;Atropelamento;;;;Meio de Quadra;;;0;1;1;1;0;0;0;0;0;0;0;0;"-3,76916634000";"-38,59097900000";mq_qgis
359386;21;6;2020;16:13;0;AV LIBERDADE;;;396;;ColisÃ£o;Luz do Dia;;;Meio de Quadra;;;0;1;1;0;0;0;0;0;0;0;0;0;"-3,74908000000";"-38,59874000000";mq_gpsv
359387;21;6;2020;16:48;25231;AV PRS COSTA E SILVA;AV I CJ JOSE WALTER;;;;ColisÃ£o;Luz do Dia;;;T;Gesto;NÃ£o Informado;0;1;1;1;0;0;0;0;0;1;0;0;"-3,82349400000";"-38,55023200000";inter_match
359388;21;6;2020;17:40;0;RUA DOS TREVOS;;;1106;;Queda;Anoitecer;;;Meio de Quadra;;;0;1;0;0;0;0;0;0;0;1;0;0;"-3,80487000000";"-38,59935000000";mq_gpsv
359389;21;6;2020;17:46;0;RUA RAIMUNDO MAIA;;;685;;ColisÃ£o;Anoitecer;;;Meio de Quadra;;;0;1;1;1;0;0;0;0;0;1;0;0;"-3,81418000000";"-38,56385000000";mq_gpsv
359390;21;6;2020;18:15;0;AV ALM HENRIQUE SABOIA;;;;;Queda;Anoitecer;;;Meio de Quadra;;;0;1;0;0;0;0;0;0;0;1;0;0;;;
359634;21;6;2020;17:44;0;AV SEN FERNANDES TAVORA;;;2433;;Choque c/ ObstÃ¡culo Fixo;Anoitecer;;;Meio de Quadra;;;1;0;0;0;0;0;0;0;0;1;0;0;"-3,75595300000";"-38,59388900000";mq_match
359328;22;6;2020;11:24;0;AV A CJ JOSE WALTER;;;700;;ColisÃ£o;Luz do Dia;;;Meio de Quadra;;;0;1;1;1;0;0;0;0;0;1;0;0;"-3,82410000000";"-38,55662300000";mq_qgis
359331;22;6;2020;13:25;0;AV GENIBAU;;;768;;ColisÃ£o;Luz do Dia;;;Meio de Quadra;;;0;1;1;1;0;0;0;0;0;1;0;0;"-3,76044500000";"-38,60168150000";mq_qgis
359332;22;6;2020;14:38;0;RUA VITAL BRASIL;;;322;;ColisÃ£o;Luz do Dia;;;Meio de Quadra;;;0;3;0;1;0;0;0;0;0;1;0;0;"-3,78195763000";"-38,58407920000";mq_qgis
359322;22;6;2020;06:22;0;AV SGT HERMINIO SAMPAIO;;;70;;Atropelamento;Luz do Dia;;;Meio de Quadra;;;0;1;1;0;0;0;0;0;0;1;0;0;"-3,72460000000";"-38,54651000000";mq_gpsv
359323;22;6;2020;06:50;0;AV COS GOMES DE FREITAS (SAPIRANGA/COITE);;;3568;;ColisÃ£o;Luz do Dia;;;Meio de Quadra;;;0;1;1;1;0;0;0;0;0;1;0;0;"-3,79526500000";"-38,47494200000";mq_match
359324;22;6;2020;08:10;84;AV MR HULL;RUA PDE PERDIGAO SAMPAIO;;;;Atropelamento;Luz do Dia;;;Cruz;SemÃ¡foro;Residencial;0;1;1;0;0;0;0;0;0;1;0;0;"-3,74011300000";"-38,59463500000";inter_match
359325;22;6;2020;09:36;0;RD BR 116;;;5885;KM-05;ColisÃ£o;Luz do Dia;;;Meio de Quadra;;;0;1;1;1;0;0;0;0;0;1;0;0;"-3,79650200000";"-38,50678700000";rod_match
359337;22;6;2020;15:42;0;RUA CON DE CASTRO;;;5506;;ColisÃ£o;Luz do Dia;;;Meio de Quadra;;;0;1;1;1;0;0;0;0;0;1;0;0;"-3,81200800000";"-38,59747800000";mq_match
359338;22;6;2020;15:52;0;RUA JOR ANTONIO P TAVARES;;;1080;;Queda;Luz do Dia;;;Meio de Quadra;;;0;1;0;0;0;0;0;0;0;1;0;0;"-3,81439839000";"-38,50783130000";mq_qgis
359339;22;6;2020;16:28;10907;RUA GUARANI D35 (JOAO XXIII);RUA PORTO VELHO;;;;ColisÃ£o;Luz do Dia;;;Cruz;Pare;Residencial;0;1;1;1;0;0;0;0;0;1;0;0;"-3,76844100000";"-38,58239600000";inter_match
358933;22;6;2020;16:30;5269;RUA PDE IBIAPINA;AV DUQ CAXIAS;;;;Choque c/ ObstÃ¡culo Fixo;Luz do Dia;;;Cruz;SemÃ¡foro;Comercial;0;1;0;0;0;0;0;0;0;0;0;0;"-3,72844600000";"-38,54022600000";inter_match
359094;22;6;2020;15:00;0;RD CE-040;;;;KM-13;ColisÃ£o;Luz do Dia;;Seca;Meio de Quadra;;;0;0;2;0;0;0;1;0;0;0;0;0;"-3,86609325400";"-38,46893682000";rod_match
359096;22;6;2020;17:11;0;AV SEN CARLOS JEREISSATI (AEROPORTO);;;;KM 04;ColisÃ£o;Anoitecer;;Seca;Meio de Quadra;;;0;3;0;0;0;0;0;0;0;1;0;0;"-3,77402000000";"-38,55090700000";rod_match
359068;22;6;2020;09:44;0;RUA LAURO NOGUEIRA;;;613;;Atropelamento;Luz do Dia;Bom;Seca;Meio de Quadra;Outros;Residencial;1;0;1;0;0;0;1;0;0;0;0;0;"-3,73937000000";"-38,48034000000";mq_gpsv
359069;22;6;2020;15:00;0;AV PRS CASTELO BRANCO;;;2996;;ColisÃ£o Transversal;Luz do Dia;Bom;Seca;Meio de Quadra;NÃ£o HÃ¡ Controle;Residencial;0;2;1;0;0;1;0;0;0;1;0;0;"-3,71184710000";"-38,55573670000";mq_qgis
359070;22;6;2020;01:30;0;AV SANTOS DUMONT;;;782;;Choque c/ ObstÃ¡culo Fixo;Via Iluminada;Bom;Seca;Meio de Quadra;NÃ£o HÃ¡ Controle;Comercial;0;0;1;1;0;0;0;0;0;0;0;0;"-3,73020100000";"-38,51692400000";mq_qgis
359136;22;6;2020;20:02;0;AV WASHINGTON SOARES;;;;;ColisÃ£o;;;;Meio de Quadra;;;0;1;1;0;0;0;0;0;0;1;0;0;;;
359137;22;6;2020;17:58;10998;RUA ALBERTO MAGNO;RUA DOM CARLOTO TAVORA;;;;ColisÃ£o;Anoitecer;;;Cruz;Pare;Residencial;0;1;1;1;0;0;0;0;0;1;0;0;"-3,77083200000";"-38,55349500000";inter_match
359138;22;6;2020;19:08;0;AV SEN CARLOS JEREISSATI (AEROPORTO);;;;;ColisÃ£o;;;;Meio de Quadra;;;0;1;1;1;0;0;0;0;0;1;0;0;;;
358238;22;6;2020;13:18;0;AV VIS RIO BRANCO;;;4317;;Atropelamento;Luz do Dia;;;Meio de Quadra;;;0;1;1;1;0;0;0;0;0;0;0;0;"-3,75801350000";"-38,51964600000";mq_match
359118;23;6;2020;21:52;21607;RUA LUIS VIEIRA;RUA CON DE CASTRO;;;;ColisÃ£o;;;;Y;Pare;Comercial;0;2;1;1;0;1;0;0;0;0;0;0;"-3,79840500000";"-38,58584500000";inter_match
359119;23;6;2020;18:17;0;RUA VALPARAISO;;;300;;ColisÃ£o;Anoitecer;;;Meio de Quadra;;;0;1;1;1;0;0;0;0;0;1;0;0;"-3,84594000000";"-38,52316210000";mq_match
359120;23;6;2020;17:53;0;AV GAL OSORIO DE PAIVA;;;3440;;ColisÃ£o;Anoitecer;;;Meio de Quadra;;;0;1;1;0;0;0;0;0;0;0;0;0;"-3,79130376900";"-38,58901820500";mq_match
359121;23;6;2020;16:24;0;AV DEP PAULINO ROCHA;;;1001;;ColisÃ£o;Luz do Dia;;;Meio de Quadra;;;0;1;1;1;0;0;0;0;0;1;0;0;"-3,80762000000";"-38,50840000000";mq_match
359122;23;6;2020;15:17;0;RUA MARIA GOMES DE SA;;;1545;;ColisÃ£o;Luz do Dia;;;Meio de Quadra;;;0;1;1;1;0;0;0;0;0;1;0;0;"-3,82417000000";"-38,58352000000";mq_gpsv
359124;23;6;2020;14:52;21082;RUA PERNAMBUCO;TR SAO JOAO;;;;ColisÃ£o;Luz do Dia;;;;;;0;1;1;1;0;0;0;0;0;1;0;0;"-3,75291000000";"-38,57672000000";inter_gpsv
359125;23;6;2020;14:17;0;RUA BERNARDO MANUEL;;;7142;VIADUTO DO AEROPORTO;Queda;Luz do Dia;;;Meio de Quadra;;;0;1;0;0;0;0;0;0;0;1;0;0;"-3,77987400000";"-38,54565600000";mq_match
359097;23;6;2020;00:30;0;RD CE-040;;;;KM-03;Choque c/ ObstÃ¡culo Fixo;;;Seca;Meio de Quadra;;;0;0;1;1;0;0;0;0;0;0;0;0;"-3,78261432500";"-38,48108390000";rod_match
359018;23;6;2020;21:00;9154;AV 13 DE MAIO;RUA MARTINHO RODRIGUES;;;;ColisÃ£o Transversal;Via Iluminada;Bom;Seca;Cruz;SemÃ¡foro;Lazer;0;0;2;1;0;0;0;0;0;0;0;0;"-3,75283200000";"-38,52522100000";inter_match
359129;23;6;2020;10:58;5402;RUA METON DE ALENCAR;RUA VINTE E QUATRO DE MAIO;;;;ColisÃ£o;Luz do Dia;;;Cruz;Pare;Comercial;0;1;1;1;0;0;0;0;0;1;0;0;"-3,73262600000";"-38,53384800000";inter_match
359130;23;6;2020;10:27;0;RUA PDE PEDRO DE ALENCAR;;;632;;ColisÃ£o;Luz do Dia;;;Meio de Quadra;;;0;1;1;1;0;0;0;0;0;1;0;0;"-3,83348770000";"-38,49414400000";mq_match
359131;23;6;2020;10:25;0;AV MR HULL;;;;;ColisÃ£o;Luz do Dia;;;Meio de Quadra;;;0;1;1;0;0;0;0;0;0;1;0;0;;;
359132;23;6;2020;09:08;0;AV WASHINGTON SOARES;;;2891;;ColisÃ£o;Luz do Dia;;;Meio de Quadra;;;0;1;1;1;0;1;0;0;0;0;0;0;"-3,78310300000";"-38,48102200000";mq_match