COD_ACIDENTE;DIA;MES;ANO;HORA;INTERSECAO;LOG1;LOG2;LOG3;NUMERO;REFERENCIA;NATUREZA;ILUMINACAO;TEMPO;SUPERFICIEPISTA;TIPOCRUZAMENTO;CONTROLETRAFEGO;USOSOLO;MORTOS;FERIDOS;ILESOS;AUTOMOVEL;ONIBUS;BICICLETA;CAMINHAO;MICROONIBUS;CICLOMOTOR;MOTOCICLETA;TRACAOANIMAL;TREM;LATITUDE;LONGITUDE;METODO
361466;5;7;2020;10:56;12642;RUA MARIA CLARA;RUA ALBERTO FERREIRA;;;;ColisÃ£o;Luz do Dia;;;Cruz;Pare;Comercial;0;1;1;0;0;0;0;0;0;0;0;0;"-3,72567630000";"-38,58352700000";inter_match
361467;5;7;2020;10:53;0;RUA DEMETRIO MENEZES;;;;;Queda;Luz do Dia;;;Meio de Quadra;;;0;1;0;0;0;0;0;0;0;1;0;0;;;
361453;5;7;2020;11:32;0;RUA CON DE CASTRO;;;5531;;Atropelamento;Luz do Dia;;;Meio de Quadra;;;0;1;1;0;0;0;0;0;0;1;0;0;"-3,81195120000";"-38,59750000000";mq_match
361450;5;7;2020;12:17;0;RUA ROSINHA SAMPAIO;;;2233;;NÃ£o Informado;Luz do Dia;;;Meio de Quadra;;;0;1;0;0;0;0;0;0;0;1;0;0;"-3,72392362000";"-38,59841080000";mq_qgis
361444;5;7;2020;14:57;0;AV DA INDEPENDENCIA;;;840;;ColisÃ£o;Luz do Dia;;;Meio de Quadra;;;0;1;1;1;0;0;0;0;0;1;0;0;"-3,72768661000";"-38,58825790000";mq_qgis
361440;5;7;2020;17:25;0;RUA ADARIAS DE LIMA;;;301;;ColisÃ£o;Anoitecer;;;Meio de Quadra;;;0;1;1;0;0;0;0;0;0;0;0;0;"-3,72002000000";"-38,53446000000";mq_gpsv
361441;5;7;2020;15:05;0;AV DR SILAS MUNGUBA;;;1150;;ColisÃ£o;Luz do Dia;;;Meio de Quadra;;;0;1;1;1;0;0;0;0;0;1;0;0;"-3,79059890000";"-38,53950500000";mq_match
361435;5;7;2020;17:33;0;RUA MOTA CAMBRAIA;;;125;;Atropelamento;Anoitecer;;;Meio de Quadra;;;0;1;1;1;0;0;0;0;0;0;0;0;;;
361426;5;7;2020;18:49;0;RUA PEDRO LUIZ SOBRINHO;;;966;;Atropelamento;;;;Meio de Quadra;;;0;1;1;0;0;0;0;0;0;1;0;0;"-3,78160000000";"-38,59031000000";mq_gpsv
361429;5;7;2020;18:13;0;AV FRANCISCO SA;;;5090;;Atropelamento;Anoitecer;;;Meio de Quadra;;;0;1;1;1;0;0;0;0;0;0;0;0;"-3,71316900000";"-38,56976800000";mq_match
361423;5;7;2020;18:50;0;RUA MIN ALBUQUERQUE LIMA;;;153;;Atropelamento;;;;Meio de Quadra;;;0;1;1;0;1;0;0;0;0;0;0;0;;;
361401;5;7;2020;20:30;0;AV CEL CARVALHO;;;;;Atropelamento;;;;Meio de Quadra;;;0;2;0;0;0;0;0;0;0;1;0;0;;;
361404;5;7;2020;20:06;0;RUA ALBERTO FERREIRA;;;1074;;Queda;;;;Meio de Quadra;;;0;1;0;0;0;0;0;0;0;1;0;0;"-3,72677000000";"-38,58361000000";mq_gpsv
361405;5;7;2020;19:03;0;RUA PROF. MANOEL LOURENCO;;;95;;ColisÃ£o;;;;Meio de Quadra;;;0;1;1;1;0;0;0;0;0;1;0;0;"-3,80858720000";"-38,46944300000";mq_match
361319;5;7;2020;22:07;0;RUA BAR SOBRAL;;;491;;ColisÃ£o;;;;Meio de Quadra;;;0;1;1;1;0;0;0;0;0;1;0;0;"-3,76748300000";"-38,55335100000";mq_match
361317;5;7;2020;22:17;0;RUA JOR ANTONIO P TAVARES;;;1043;;ColisÃ£o;;;;Meio de Quadra;;;0;1;1;0;0;0;1;0;0;1;0;0;"-3,81459490000";"-38,50771490000";mq_qgis
361313;5;7;2020;23:49;0;AV JOSE LEON;;;1473;;ColisÃ£o;;;;Meio de Quadra;;;0;2;0;0;0;0;0;0;0;1;0;0;"-3,78876900000";"-38,49804300000";mq_qgis
361314;5;7;2020;23:07;0;RUA SAO BENTO;;;939;;ColisÃ£o;;;;Meio de Quadra;;;0;1;1;0;0;0;0;0;0;0;0;0;;;
361315;5;7;2020;22:20;0;RUA BAR ARACATI;;;150;;ColisÃ£o;;;;Meio de Quadra;;;0;1;1;1;0;0;0;0;0;1;0;0;"-3,72291400000";"-38,50876200000";mq_qgis
361462;5;7;2020;10:57;25394;RUA ALEMANHA;RUA CASIMIRO DE ABREU;;;;ColisÃ£o;Luz do Dia;;;Cruz;Pare;Residencial;0;1;1;1;0;0;0;0;0;1;0;0;"-3,77981000000";"-38,56098400000";inter_match
361310;6;7;2020;06:41;6573;AV H CJ CEARA;AV C CJ CEARA;;;;ColisÃ£o;Luz do Dia;;;Outros;Pare;Residencial;0;2;1;0;0;0;0;0;0;1;0;0;"-3,76271100000";"-38,60954700000";inter_match
361311;6;7;2020;07:14;0;AV RUI BARBOSA;;;1635;;Queda;Luz do Dia;;;Meio de Quadra;;;0;1;0;0;0;0;0;0;0;1;0;0;"-3,73692800000";"-38,50973100000";mq_qgis
361312;6;7;2020;07:32;0;RUA DR JORGE DA ROCHA;;;;;Queda;Luz do Dia;;;Meio de Quadra;;;0;1;0;0;0;0;0;0;0;1;0;0;;;
361299;6;7;2020;08:05;21552;RUA EDUARDO ARAUJO;RUA CEREJEIRAS;;;;ColisÃ£o;Luz do Dia;;;;;;0;1;1;1;0;1;0;0;0;0;0;0;"-3,81829000000";"-38,59668000000";inter_gpsv
361292;6;7;2020;15:19;8951;RUA ANTONIO POMPEU;RUA RUBIA SAMPAIO;;;;ColisÃ£o;Luz do Dia;;;Cruz;Pare;Comercial;0;1;1;1;0;0;0;0;0;1;0;0;"-3,73165200000";"-38,54054400000";inter_match
361294;6;7;2020;12:33;0;AV JOVITA FEITOSA;;;2278;;ColisÃ£o;Luz do Dia;;;Meio de Quadra;;;0;1;1;1;0;0;0;0;0;1;0;0;"-3,74013687000";"-38,55791360000";mq_qgis
361295;6;7;2020;11:17;0;RUA VALPARAISO;;;567;;Queda;Luz do Dia;;;Meio de Quadra;;;0;2;0;0;0;0;0;0;0;1;0;0;"-3,84440477000";"-38,52553580000";mq_qgis
361296;6;7;2020;10:40;0;AV DR SILAS MUNGUBA;;;1409;;ColisÃ£o;Luz do Dia;;;Meio de Quadra;;;0;1;1;1;0;0;0;0;0;1;0;0;"-3,78395000000";"-38,55391000000";mq_match
361297;6;7;2020;09:07;0;RUA DR JOSE GOIANA;;;596;;ColisÃ£o;Luz do Dia;;;Meio de Quadra;;;0;1;1;0;0;0;0;0;0;0;0;0;"-3,72952327000";"-38,59529780000";mq_qgis
361283;6;7;2020;19:05;0;AV PRS COSTA E SILVA;;;;JOSE WALTER;Atropelamento;;;;Meio de Quadra;;;0;2;0;0;0;0;0;0;0;1;0;0;;;
361284;6;7;2020;23:39;0;AV WASHINGTON SOARES;;;2100;;Queda;;;;Meio de Quadra;;;0;1;0;0;0;1;0;0;0;0;0;0;"-3,77685400000";"-38,48156400000";mq_qgis
361286;6;7;2020;19:24;12457;AV SEN FERNANDES TAVORA;RUA MONTE CLARO;;;;ColisÃ£o;;;;;;;0;1;1;1;0;0;0;0;0;1;0;0;"-3,77015300000";"-38,57042700000";inter_match
361287;6;7;2020;19:08;24872;RUA ANTONIO ARRUDA;RUA CREUSA ROCHA;;;;ColisÃ£o;;;;;;;0;1;1;1;0;0;0;0;0;1;0;0;"-3,72064500000";"-38,59415100000";inter_match
361288;6;7;2020;19:05;0;AV GAL OSORIO DE PAIVA;;;8060;;ColisÃ£o;;;;Meio de Quadra;;;0;2;0;0;0;0;0;0;0;0;0;0;"-3,82148694000";"-38,61832530000";mq_qgis
361289;6;7;2020;18:19;0;RUA PIAUI;;;1388;;ColisÃ£o;Anoitecer;;;Meio de Quadra;;;0;1;1;1;0;0;0;0;0;1;0;0;"-3,75312000000";"-38,57141000000";mq_gpsv
361290;6;7;2020;17:42;0;AV CARNEIRO DE MENDONCA;;;395;;ColisÃ£o;Anoitecer;;;Meio de Quadra;;;0;1;1;1;0;0;0;0;0;1;0;0;"-3,76585700000";"-38,56308900000";mq_match
358358;6;7;2020;09:11;9024;RUA DOM SEBASTIAO LEME;RUA DR JOAO DE DEUS D11;;0;;NÃ£o Informado;Luz do Dia;Chuva;Molhada;Cruz;Pare;Residencial;0;0;2;1;0;0;0;0;0;0;0;0;"-3,74533300000";"-38,52639100000";inter_match
358359;6;7;2020;08:25;0;AV PRS CASTELO BRANCO;;;1143;MARINHA;ColisÃ£o Lateral;Luz do Dia;Chuva;Molhada;Meio de Quadra;SemÃ¡foro;Comercial;0;1;1;1;0;0;0;0;0;1;0;0;"-3,71857202300";"-38,53430049000";mq_match
358360;6;7;2020;18:54;5122;AV IMPERADOR;RUA SAO PAULO;;;;ColisÃ£o Traseira;Via Iluminada;Chuva;Molhada;Cruz;SemÃ¡foro;Comercial;0;1;2;1;0;0;0;0;0;1;0;0;"-3,72404900000";"-38,53352200000";inter_match
358361;6;7;2020;19:46;0;AV PRS COSTA E SILVA;;;2907;ARVOREDO SHOP.;ColisÃ£o Traseira;Via Iluminada;Bom;Molhada;Meio de Quadra;SemÃ¡foro;Residencial;0;0;2;1;0;0;0;0;0;0;0;0;"-3,82157000000";"-38,55635000000";mq_gpsv
358362;6;7;2020;21:06;12833;AV EDUARDO GIRAO;RUA DAMASCENO GIRAO;;;;ColisÃ£o Transversal;Via Iluminada;Chuva;Molhada;Cruz;SemÃ¡foro;Comercial;0;1;1;1;0;0;0;0;0;1;0;0;"-3,74925700000";"-38,53929200000";inter_match
358363;6;7;2020;19:35;7710;AV CARNEIRO DE MENDONCA;RUA PEDRO MUNIZ;;;;ColisÃ£o;Via Iluminada;Chuva;Molhada;Cruz;SemÃ¡foro;Comercial;0;1;1;1;0;0;0;0;0;1;0;0;"-3,76562700000";"-38,56364600000";inter_match
359462;6;7;2020;17:30;5402;RUA METON DE ALENCAR;RUA VINTE E QUATRO DE MAIO;;;;ColisÃ£o Transversal;Anoitecer;Bom;Molhada;Cruz;Pare;Comercial;0;2;0;0;1;0;0;0;0;1;0;0;"-3,73262600000";"-38,53384800000";inter_match
359464;6;7;2020;18:17;0;RUA CASTRO E SILVA;;;;;ColisÃ£o Traseira;Anoitecer;Bom;Seca;;;;0;0;2;1;0;0;0;0;0;0;0;0;;;
359432;7;7;2020;12:15;0;RD CE-040;;;;;ColisÃ£o;Luz do Dia;;Seca;Meio de Quadra;;;0;0;4;1;0;0;0;0;0;0;0;0;;;
359733;7;7;2020;20:18;24993;AV DOM MANUEL;RUA ROCHA LIMA;;;;ColisÃ£o;;;;Cruz;SemÃ¡foro;Comercial;0;1;1;1;0;0;0;0;0;1;0;0;"-3,73595900000";"-38,52358700000";inter_match
359734;7;7;2020;09:08;0;RUA BERNARDO MANUEL;;;;;ColisÃ£o;Luz do Dia;;;Meio de Quadra;;;0;2;1;1;0;0;0;0;0;1;0;0;;;
358364;7;7;2020;14:12;0;AV PRS COSTA E SILVA;;;1251;;ColisÃ£o Traseira;Luz do Dia;Bom;Seca;Outros;NÃ£o HÃ¡ Controle;Comercial;0;0;2;1;0;0;0;0;0;0;0;0;"-3,81506900000";"-38,56905200000";mq_match
358365;7;7;2020;13:45;0;AV AMERICO BARREIRA;;;278;;NÃ£o Informado;Luz do Dia;Bom;Seca;Meio de Quadra;SemÃ¡foro;Comercial;0;0;1;0;0;0;0;0;0;1;0;0;;;
358366;7;7;2020;16:05;0;AV DR SILAS MUNGUBA;;;722;;ColisÃ£o Traseira;Luz do Dia;Bom;Seca;Meio de Quadra;SemÃ¡foro;Comercial;0;0;1;1;0;0;0;0;0;1;0;0;"-3,78041100000";"-38,55907600000";mq_match
358367;7;7;2020;20:35;1474;RUA JOAO CARVALHO;RUA TIBURCIO CAVALCANTE;;0;;ColisÃ£o Transversal;Via Iluminada;Bom;Seca;Cruz;SemÃ¡foro;Comercial;0;1;1;1;0;0;0;0;0;1;0;0;"-3,73895000000";"-38,50354700000";inter_match
358368;7;7;2020;20:52;0;AV DOM MANUEL;RUA METON DE ALENCAR;;0;;ColisÃ£o Transversal;Via Iluminada;Bom;Seca;Meio de Quadra;SemÃ¡foro;Comercial;0;1;1;0;0;0;0;0;0;1;0;0;"-3,73609000000";"-38,52362000000";inter_match
358396;7;7;2020;20:00;0;AV ABOLICAO;;;3998;;ColisÃ£o Lateral;Via Iluminada;Bom;Seca;Meio de Quadra;Pare;Comercial;0;1;2;0;0;0;0;0;0;1;0;0;"-3,72513500000";"-38,48357700000";mq_qgis
361281;7;7;2020;07:18;0;AV JOR THOMAZ COELHO;;;293;;Queda;Luz do Dia;;;Meio de Quadra;;;0;1;0;0;0;0;0;0;0;1;0;0;"-3,83184000000";"-38,50195000000";mq_gpsv
361282;7;7;2020;01:38;0;RUA PORTO VELHO;;;1434;;ColisÃ£o;;;;Meio de Quadra;;;0;2;0;1;0;0;0;0;0;0;0;0;"-3,76348977000";"-38,59164340000";mq_qgis
361265;7;7;2020;15:23;0;RUA PEDRO DANTAS;;;586;;ColisÃ£o;Luz do Dia;;;Meio de Quadra;;;0;1;1;1;0;1;0;0;0;0;0;0;"-3,78572000000";"-38,52298000000";mq_match
361266;7;7;2020;15:06;7211;AV PRS CASTELO BRANCO;AV DR THEBERGE;;;;ColisÃ£o;Luz do Dia;;;Cruz;SemÃ¡foro;Comercial;0;1;1;0;0;0;0;0;0;1;0;0;"-3,71007900000";"-38,56345600000";inter_match
361267;7;7;2020;14:32;0;RUA 3 PLANALTO ITAPERI;;;84;;Queda;Luz do Dia;;;Meio de Quadra;;;0;1;0;0;0;1;0;0;0;0;0;0;"-3,81005263000";"-38,55228610000";mq_qgis
361268;7;7;2020;13:56;0;AV ROGACIANO LEITE;;;1815;;ColisÃ£o;Luz do Dia;;;Meio de Quadra;;;0;1;1;1;0;0;0;0;0;1;0;0;"-3,77055700000";"-38,49806500000";mq_match
361270;7;7;2020;13:35;0;AV JOSE BASTOS;;;5290;;Atropelamento;Luz do Dia;;;Meio de Quadra;;;0;1;1;0;0;0;0;0;0;1;0;0;"-3,75872700000";"-38,56330600000";mq_match
361273;7;7;2020;12:10;0;RUA CARLOS MAGNO;;;1171;;ColisÃ£o;Luz do Dia;;;Meio de Quadra;;;0;1;1;1;0;1;0;0;0;0;0;0;"-3,81728000000";"-38,57709000000";mq_gpsv
361277;7;7;2020;12:07;10368;RUA JOSE MENDONCA;RUA NOSSA SRA APARECIDA;;;;ColisÃ£o;Luz do Dia;;;Cruz;Pare;Residencial;0;1;1;1;0;0;0;0;0;1;0;0;"-3,75792100000";"-38,60233200000";inter_match
361278;7;7;2020;10:19;0;AV AUGUSTO DOS ANJOS;;;1711;;ColisÃ£o;Luz do Dia;;;Meio de Quadra;;;0;1;1;1;0;0;0;0;0;1;0;0;"-3,78092300000";"-38,57981600000";mq_match
361239;7;7;2020;22:56;0;RUA LUIS VIEIRA;;;;;ColisÃ£o;;;;;;;0;2;0;0;0;0;0;0;0;0;0;0;;;
361240;7;7;2020;22:46;18528;AV ENG HUMBERTO MONTE;AV GOV PARSIFAL BARROSO;;;;ColisÃ£o;;;;;;;0;1;1;0;0;0;0;0;0;1;0;0;"-3,73660900000";"-38,56902500000";inter_match
361241;7;7;2020;20:40;0;RUA DESCARTES BRAGA;;;135;;Atropelamento;;;;Meio de Quadra;;;0;1;1;0;0;0;0;0;0;1;0;0;"-3,79545000000";"-38,60989000000";mq_gpsv
361242;7;7;2020;18:22;0;RUA CAP NESTOR GOIS;;;150;;Queda;Anoitecer;;;Meio de Quadra;;;0;1;0;0;0;0;0;0;0;1;0;0;"-3,72109467000";"-38,56189430000";mq_qgis
361243;7;7;2020;17:14;0;RUA TEODOMIRO DE CASTRO;;;1838;;ColisÃ£o;Anoitecer;;;Meio de Quadra;;;0;1;1;1;0;0;0;0;0;1;0;0;"-3,71980000000";"-38,57008000000";mq_gpsv
361244;7;7;2020;16:59;0;RUA JORGE DUMAR;;;2603;;ColisÃ£o;Luz do Dia;;;Meio de Quadra;;;0;1;1;1;0;1;0;0;0;0;0;0;"-3,75887747000";"-38,54082100000";mq_qgis
361245;7;7;2020;16:33;0;AV JOR THOMAZ COELHO;;;;;ColisÃ£o;Luz do Dia;;;Meio de Quadra;;;0;1;1;1;0;0;0;0;0;1;0;0;;;
361246;7;7;2020;16:27;0;RUA VALPARAISO;;;1380;;ColisÃ£o;Luz do Dia;;;Meio de Quadra;;;0;1;1;1;0;0;0;0;0;1;0;0;"-3,84694000000";"-38,51622000000";mq_gpsv
361247;7;7;2020;16:19;0;AV DES GONZAGA;;;200;;ColisÃ£o;Luz do Dia;;;Meio de Quadra;;;0;1;1;1;0;0;0;0;0;1;0;0;"-3,78881100000";"-38,50374000000";mq_match
358369;8;7;2020;07:59;0;AV JOR THOMAZ COELHO;;;0;;ColisÃ£o Traseira;Luz do Dia;Bom;Seca;;;;0;2;1;1;0;0;0;0;0;1;0;0;"-3,82839470000";"-38,51387800000";mq_match
358370;8;7;2020;06:51;0;AV DUQ CAXIAS;;;2037;;ColisÃ£o Transversal;Luz do Dia;Bom;Seca;Meio de Quadra;;;0;2;1;1;0;0;0;0;0;0;0;0;"-3,72763700000";"-38,54270100000";mq_match
358371;8;7;2020;13:22;0;AV DEP PAULINO ROCHA;;;2405;;ColisÃ£o Lateral;Luz do Dia;Bom;Seca;Meio de Quadra;SemÃ¡foro;Comercial;0;1;1;1;0;0;0;0;0;1;0;0;"-3,81058000000";"-38,51798000000";mq_gpsv
358372;8;7;2020;15:01;5322;AV IMPERADOR;AV DUQ CAXIAS;;;;ColisÃ£o Lateral;Luz do Dia;Bom;Seca;Cruz;SemÃ¡foro;Comercial;0;1;1;0;1;0;0;0;0;1;0;0;"-3,73004800000";"-38,53529700000";inter_match
358789;8;7;2020;06:50;0;RD BR 020;;;;KM 430;Outros;Luz do Dia;;;Meio de Quadra;;;0;0;1;1;0;0;0;0;0;0;0;0;"-3,86876900000";"-38,50833300000";rod_match
359735;8;7;2020;01:45;0;RUA ANA BATISTA;;;977;;ColisÃ£o;;;;Meio de Quadra;;;0;0;2;1;0;0;0;0;0;1;0;0;"-3,72691000000";"-38,58504000000";mq_gpsv
359736;8;7;2020;13:53;35;RUA PEDRO MELO;RUA JOAQUIM LEITAO;;;;ColisÃ£o;Luz do Dia;;;Cruz;Pare;Comercial;0;1;1;1;0;0;0;0;0;0;0;0;"-3,74417400000";"-38,59210000000";inter_match
359465;8;7;2020;14:00;0;AV ROGACIANO LEITE;;;401;;Choque c/ ObstÃ¡culo Fixo;Luz do Dia;Bom;Seca;Meio de Quadra;Outros;Comercial;0;0;1;0;0;0;0;0;0;0;0;0;"-3,76182000000";"-38,49333000000";mq_match
359439;8;7;2020;08:00;0;RD CE-040;;;;KM-11;ColisÃ£o;Luz do Dia;;Seca;Meio de Quadra;;;0;0;2;1;0;0;1;0;0;0;0;0;"-3,84962623000";"-38,47606989000";rod_match
359440;8;7;2020;13:10;0;AV SEN CARLOS JEREISSATI (AEROPORTO);;;;KM 01;ColisÃ£o;Luz do Dia;;Seca;Meio de Quadra;;;0;1;1;1;0;0;0;0;0;1;0;0;"-3,78375300000";"-38,52685000000";rod_match
360318;8;7;2020;00:55;0;RUA JOANA BATISTA;;;945;;Queda;;;;Meio de Quadra;;;0;1;0;0;0;0;0;0;0;1;0;0;;;
360280;8;7;2020;22:12;0;AV ROGACIANO LEITE;;;2787;;Atropelamento;;;;Meio de Quadra;;;0;2;0;0;0;0;0;0;0;1;0;0;"-3,78306000000";"-38,50228000000";mq_gpsv
360283;8;7;2020;20:40;1561;AV SEN VIRGILIO TAVORA;AV PDE ANTONIO TOMAS;;;;ColisÃ£o;;;;Cruz;SemÃ¡foro;Comercial;0;1;1;1;0;0;0;0;0;1;0;0;"-3,74176000000";"-38,49474900000";inter_match
360284;8;7;2020;19:35;0;AV ENG SANTANA JUNIOR;;;636;;Atropelamento;;;;Meio de Quadra;;;0;1;1;1;0;0;0;0;0;0;0;0;"-3,73395015700";"-38,48100414000";mq_match
360287;8;7;2020;19:31;0;AV GOV RAUL BARBOSA;;;;;Atropelamento;;;;Meio de Quadra;;;0;1;1;1;0;0;0;0;0;0;0;0;;;
360289;8;7;2020;18:16;0;RUA LUIS VIEIRA;;;653;;Atropelamento;Anoitecer;;;Meio de Quadra;;;0;1;1;0;0;0;1;0;0;0;0;0;"-3,79276076000";"-38,58789450000";mq_qgis
360291;8;7;2020;16:35;0;RUA VITAL BRASIL;;;1294;;ColisÃ£o;Luz do Dia;;;Meio de Quadra;;;0;1;1;1;0;0;0;0;0;1;0;0;"-3,77950120000";"-38,59272740000";mq_qgis
360292;8;7;2020;16:39;0;AV CONTORNO NORTE D71;;;1638;;ColisÃ£o;Luz do Dia;;;Meio de Quadra;;;0;1;1;1;0;0;0;0;0;1;0;0;"-3,81042150000";"-38,59062150000";mq_qgis
360295;8;7;2020;16:27;0;RUA CON DE CASTRO;;;2316;;ColisÃ£o;Luz do Dia;;;Meio de Quadra;;;0;1;1;0;0;0;0;0;0;1;0;0;"-3,78998350000";"-38,57803600000";mq_qgis
360296;8;7;2020;13:58;20042;AV PRS JUSCELINO KUBITSCHEK (PASSARÃ‰);AV DR SILAS MUNGUBA;;;;ColisÃ£o;Luz do Dia;;;;;;0;1;1;1;0;0;0;0;0;1;0;0;"-3,80213000000";"-38,52933000000";inter_gpsv
360300;8;7;2020;11:41;0;RUA CAP GUSTAVO;;;7613;;Queda;Luz do Dia;;;Meio de Quadra;;;0;1;0;0;0;0;0;0;0;1;0;0;;;
360301;8;7;2020;12:06;0;RUA ALBERTO MAGNO;;;542;;Atropelamento;Luz do Dia;;;Meio de Quadra;;;0;1;1;1;0;0;0;0;0;0;0;0;"-3,76052100000";"-38,54617800000";mq_match
360302;8;7;2020;11:26;0;RUA PEDRO TOLEDO;;;147;;Queda;Luz do Dia;;;Meio de Quadra;;;0;1;0;0;0;1;0;0;0;0;0;0;"-3,72110000000";"-38,47444000000";mq_gpsv
360311;8;7;2020;10:43;670;RUA PRO JOSE BONIFACIO;RUA GOMES PASSOS;;;;ColisÃ£o;Luz do Dia;;;Cruz;Pare;Residencial;0;1;1;1;0;0;0;0;0;1;0;0;"-3,71079400000";"-38,56243100000";inter_match
360312;8;7;2020;10:02;7791;AV PONTES VIEIRA;RUA VIS MAUA;;;;ColisÃ£o;Luz do Dia;;;Cruz;SemÃ¡foro;Residencial;0;2;1;1;0;0;0;0;0;1;0;0;"-3,75165300000";"-38,50440100000";inter_match
360313;8;7;2020;09:16;0;RUA 6;;;122;;Queda;Luz do Dia;;;Meio de Quadra;;;0;1;0;0;0;0;0;0;0;1;0;0;;;
360395;9;7;2020;07:59;0;RUA BAR ARACATI;;;676;;Atropelamento;Luz do Dia;;;Meio de Quadra;;;0;1;0;1;0;0;0;0;0;0;0;0;"-3,72753226000";"-38,51023410000";mq_qgis
360396;9;7;2020;08:30;0;AV ALBERTO CRAVEIRO;;;;;ColisÃ£o;Luz do Dia;;;Meio de Quadra;;;0;1;0;1;0;0;0;0;0;1;0;0;;;
360429;9;7;2020;16:12;0;AV GENIBAU;;;240;;Atropelamento;Luz do Dia;;;Meio de Quadra;;;1;0;1;1;0;0;0;0;0;0;0;0;"-3,76127300000";"-38,59746800000";mq_match
360430;9;7;2020;16:37;0;AV DES GONZAGA;;;500;;Queda;Luz do Dia;;;Meio de Quadra;;;0;1;0;0;0;1;0;0;0;0;0;0;"-3,79104250000";"-38,50273650000";mq_qgis
360431;9;7;2020;17:35;0;AV RECREIO D64;;;139;;Queda;Anoitecer;;;Meio de Quadra;;;0;1;0;0;0;0;0;0;0;1;0;0;"-3,80614700000";"-38,44919800000";mq_qgis
360432;9;7;2020;17:43;0;RUA URUCUTUBA;;;850;;ColisÃ£o;Anoitecer;;;Meio de Quadra;;;0;1;0;0;0;0;0;0;0;1;0;0;"-3,79670000000";"-38,60277000000";mq_gpsv
360434;9;7;2020;18:12;0;RUA MOZART FIRMEZA;;;856;;ColisÃ£o;Anoitecer;;;Meio de Quadra;;;0;1;0;0;0;0;0;0;0;1;0;0;"-3,76751904000";"-38,57754040000";mq_qgis
360435;9;7;2020;19:08;0;AV CARNEIRO DE MENDONCA;;;1480;;ColisÃ£o;;;;Meio de Quadra;;;0;1;0;1;0;0;0;0;0;1;0;0;"-3,76137200000";"-38,57186000000";mq_match
360436;9;7;2020;19:10;0;AV ROGACIANO LEITE;;;2523;;Queda;;;;Meio de Quadra;;;0;1;0;0;0;0;0;0;0;1;0;0;"-3,77925900000";"-38,50132460000";mq_qgis
358373;9;7;2020;08:31;25024;RUA COSTA BARROS;RUA VINTE E CINCO DE MARCO;;;;ColisÃ£o Transversal;Luz do Dia;Bom;Seca;Cruz;SemÃ¡foro;Comercial;0;1;0;0;0;0;0;0;0;1;0;0;"-3,72705600000";"-38,52178700000";inter_match
358374;9;7;2020;13:18;0;RUA VITORIA;RUA CIDADE RIO BRANCO;;1561;;ColisÃ£o Traseira;Luz do Dia;Bom;Seca;;;;0;1;1;1;0;0;0;0;0;1;0;0;"-3,76617000000";"-38,58906000000";inter_gpsv
358375;9;7;2020;14:27;2606;RUA ARQUIMEDES MEMORIA;RUA JANDIRA;;;;ColisÃ£o Lateral;Luz do Dia;Nublado;Seca;Cruz;Pare;Residencial;0;0;2;1;0;0;0;0;0;1;0;0;"-3,71329500000";"-38,58671400000";inter_match
358376;9;7;2020;15:06;0;AV EDUARDO GIRAO;;;430;;ColisÃ£o Traseira;Luz do Dia;Nublado;Molhada;;;;0;1;1;1;0;0;0;0;0;1;0;0;"-3,74824600000";"-38,54016200000";mq_qgis
358377;9;7;2020;16:32;7400;RUA CEL MATOS DOURADO;RUA PRO EDGAR DE ARRUDA;;588;;ColisÃ£o Traseira;Luz do Dia;Bom;Seca;Cruz;Pare;Comercial;0;0;2;1;0;0;0;0;0;1;0;0;"-3,75820200000";"-38,58484800000";inter_match
358378;9;7;2020;19:17;14870;RUA WALDIR DIOGO;RUA ALFREDO MAMEDE;;0;;ColisÃ£o Lateral;Via Iluminada;Bom;Seca;Cruz;SemÃ¡foro;Comercial;0;1;1;1;0;0;0;0;0;1;0;0;"-3,80736700000";"-38,58008400000";inter_match
358379;9;7;2020;20:45;0;RUA DEP MATOSO FILHO;;;1115;;ColisÃ£o Frontal;Via Iluminada;Bom;Seca;Meio de Quadra;NÃ£o HÃ¡ Controle;Residencial;0;0;2;1;0;0;0;0;0;0;0;0;"-3,73378769000";"-38,59380180000";mq_qgis
358380;10;7;2020;07:41;5371;RUA VINTE E QUATRO DE MAIO;RUA GAL CLARINDO DE QUEIROZ;;;;ColisÃ£o Transversal;Luz do Dia;Bom;Seca;Cruz;SemÃ¡foro;Comercial;0;1;1;0;1;0;0;0;0;1;0;0;"-3,73162100000";"-38,53353200000";inter_match
358381;10;7;2020;19:30;0;AV PRS COSTA E SILVA;;;0;;Queda;Via Iluminada;Bom;Seca;Meio de Quadra;SemÃ¡foro;Residencial;0;1;0;0;0;0;0;0;0;1;0;0;"-3,81576060000";"-38,56845500000";mq_match
360438;10;7;2020;06:50;0;AV MACIEL BEZERRA;;;2215;;Queda;Luz do Dia;;;Meio de Quadra;;;0;1;0;0;0;1;0;0;0;0;0;0;"-3,80961000000";"-38,63044000000";mq_gpsv
360439;10;7;2020;07:55;0;AV SORIANO ALBUQUERQUE;;;895;;ColisÃ£o;Luz do Dia;;;Meio de Quadra;;;0;1;0;1;0;0;0;0;0;1;0;0;"-3,74946000000";"-38,51376700000";mq_qgis