COD_ACIDENTE;DIA;MES;ANO;HORA;INTERSECAO;LOG1;LOG2;LOG3;NUMERO;REFERENCIA;NATUREZA;ILUMINACAO;TEMPO;SUPERFICIEPISTA;TIPOCRUZAMENTO;CONTROLETRAFEGO;USOSOLO;MORTOS;FERIDOS;ILESOS;AUTOMOVEL;ONIBUS;BICICLETA;CAMINHAO;MICROONIBUS;CICLOMOTOR;MOTOCICLETA;TRACAOANIMAL;TREM;LATITUDE;LONGITUDE;METODO
360440;10;7;2020;10:27;0;RUA DO CANAL (TAUAPE);;;;;Queda;Luz do Dia;;;Meio de Quadra;;;0;1;0;0;0;0;0;0;0;1;0;0;;;
360441;10;7;2020;10:32;0;RUA INTERNA;;;129;;Queda;Luz do Dia;;;Meio de Quadra;;;0;1;0;0;0;0;0;0;0;1;0;0;;;
360445;10;7;2020;10:55;0;RUA DOS ENCONTROS;;;1800;;Queda;Luz do Dia;;;Meio de Quadra;;;0;1;0;0;0;0;0;0;0;1;0;0;"-3,77823000000";"-38,45567000000";mq_gpsv
360446;10;7;2020;11:44;0;RUA JOSE MARTINS;;;584;;Outros;Luz do Dia;;;Meio de Quadra;;;0;1;0;0;0;0;0;0;0;1;0;0;"-3,78853000000";"-38,60303000000";mq_gpsv
360447;10;7;2020;12:33;0;AV D CJ JOSE WALTER;;;440;;ColisÃ£o;Luz do Dia;;;Meio de Quadra;;;0;1;0;1;0;0;0;0;0;1;0;0;"-3,83123740000";"-38,55686770000";mq_match
360448;10;7;2020;13:38;0;AV PRO JOSE ARTHUR CARVALHO;;;2051;;ColisÃ£o;Luz do Dia;;;Meio de Quadra;;;0;1;0;1;0;0;0;0;0;1;0;0;"-3,82502500000";"-38,46135400000";mq_qgis
360449;10;7;2020;14:05;0;RUA LICURGO MONTENEGRO;;;;;Choque c/ ObstÃ¡culo Fixo;Luz do Dia;;;Meio de Quadra;;;0;1;0;1;0;0;0;0;0;0;0;0;;;
360451;10;7;2020;15:09;0;AV DOMINGOS OLIMPIO;;;1441;;ColisÃ£o;Luz do Dia;;;Meio de Quadra;;;0;1;0;1;0;0;0;0;0;1;0;0;"-3,73513300000";"-38,53561300000";mq_qgis
360454;10;7;2020;15:57;0;RUA CIRO MONTEIRO;;;5050;;ColisÃ£o;Luz do Dia;;;Meio de Quadra;;;0;1;0;0;0;0;0;0;0;0;0;0;;;
360455;10;7;2020;16:59;0;RUA BENTO LOUSADO;;;173;;ColisÃ£o;Luz do Dia;;;Meio de Quadra;;;0;2;0;1;0;0;0;0;0;1;0;0;"-3,76555315000";"-38,56934800000";mq_qgis
360456;10;7;2020;18:07;0;AV GODOFREDO MACIEL;;;858;;ColisÃ£o;Anoitecer;;;Meio de Quadra;;;0;1;0;0;0;0;0;0;0;0;0;0;"-3,78335700000";"-38,56586100000";mq_match
360460;10;7;2020;18:17;0;RUA GODOFREDO OLIVEIRA;;;3399;;ColisÃ£o;Anoitecer;;;Meio de Quadra;;;0;1;0;1;0;0;0;0;0;1;0;0;;;
360465;10;7;2020;19:19;0;RUA BOM JESUS (GRANJA LISBOA);;;1795;;ColisÃ£o;;;;Meio de Quadra;;;0;1;0;1;0;0;0;0;0;1;0;0;"-3,79194762000";"-38,60887410000";mq_qgis
360475;10;7;2020;20:08;0;RUA VALPARAISO;;;53;;Queda;;;;Meio de Quadra;;;0;1;0;0;0;0;0;0;0;1;0;0;"-3,85157000000";"-38,50523000000";mq_gpsv
360476;10;7;2020;20:19;0;RUA DO CANAL (TAUAPE);;;;;ColisÃ£o;;;;Meio de Quadra;;;0;1;0;1;0;0;0;0;0;1;0;0;;;
360479;10;7;2020;20:28;19009;RUA DES WALDETARIO P MOTA;RUA AVILA GOULART;;;;ColisÃ£o;;;;Cruz;SemÃ¡foro;Residencial;0;1;0;0;0;0;0;0;0;1;0;0;"-3,73447800000";"-38,47916000000";inter_match
360462;10;7;2020;18:31;0;AV CASTELO DE CASTRO;;;921;;ColisÃ£o;;;;Meio de Quadra;;;0;1;0;1;0;0;0;0;0;1;0;0;"-3,83789100000";"-38,52171600000";mq_match
360463;10;7;2020;19:15;0;AV AMERICO BARREIRA;;;5572;;ColisÃ£o;;;;Meio de Quadra;;;0;1;0;1;0;0;0;0;0;1;0;0;"-3,76037430000";"-38,56444000000";mq_match
359441;10;7;2020;01:40;0;RD CE-040;;;10509;KM-10;Choque c/ ObstÃ¡culo Fixo;;;Seca;Meio de Quadra;;;0;1;0;1;0;0;0;0;0;0;0;0;"-3,84257666000";"-38,48088284000";rod_match
359443;10;7;2020;21:00;0;RD CE-040;;;;KM-09;ColisÃ£o;;;Seca;Meio de Quadra;;;1;0;1;1;0;1;0;0;0;0;0;0;"-3,83445089700";"-38,48246582000";rod_match
359467;10;7;2020;12:00;9019;RUA BAR ARATANHA;RUA SALDANHA MARINHO;;;;ColisÃ£o Transversal;Luz do Dia;Bom;Seca;Cruz;SemÃ¡foro;Comercial;0;2;0;1;0;0;0;0;0;0;0;0;"-3,74282000000";"-38,52969700000";inter_match
359468;10;7;2020;15:15;9214;RUA MARIO MAMEDE;RUA ZOZIMO BARROSO;;;;ColisÃ£o Lateral;Luz do Dia;Bom;Seca;T;NÃ£o HÃ¡ Controle;Residencial;0;1;1;1;0;0;0;0;0;1;0;0;"-3,75148000000";"-38,52889000000";inter_gpsv
359737;10;7;2020;08:12;0;AV WASHINGTON SOARES;;;8564;;ColisÃ£o;Luz do Dia;;;Meio de Quadra;;;0;0;3;0;0;0;0;0;0;1;0;0;"-3,82631350000";"-38,48176600000";mq_match
359739;10;7;2020;22:30;0;RD CE-040;;;;KM-09;ColisÃ£o;;;;Meio de Quadra;;;0;1;1;1;0;1;0;0;0;0;0;0;"-3,83445089700";"-38,48246582000";rod_match
359740;11;7;2020;16:30;0;AV GAL OSORIO DE PAIVA;;;1466;;ColisÃ£o;Luz do Dia;;;Meio de Quadra;;;0;0;2;1;0;0;0;0;0;0;0;0;"-3,78085300000";"-38,57476200000";mq_match
359741;11;7;2020;14:35;0;AV H CJ JOSE WALTER;;;90;;ColisÃ£o;Luz do Dia;;;Meio de Quadra;;;0;0;3;1;0;0;0;0;0;1;0;0;"-3,84194213000";"-38,55641830000";mq_qgis
359469;11;7;2020;11:15;0;RUA L CJ VILA VELHA;;;791;;ColisÃ£o;Luz do Dia;Bom;Seca;Meio de Quadra;Pare;Residencial;0;1;1;1;0;1;0;0;0;0;0;0;;;
359444;11;7;2020;23:30;0;RD CE-040;;;;KM-04;ColisÃ£o;;;Seca;Meio de Quadra;;;0;0;2;1;0;0;0;0;0;0;0;0;"-3,79161315600";"-38,48033084000";rod_match
360498;11;7;2020;01:47;0;RD BR 116;;;;;Queda;;;;Meio de Quadra;;;0;1;0;0;0;0;0;0;0;1;0;0;;;
360499;11;7;2020;08:02;0;RUA BERNARDO MANUEL;;;9996;;ColisÃ£o;Luz do Dia;;;Meio de Quadra;;;0;1;1;1;0;1;0;0;0;0;0;0;"-3,80566000000";"-38,55350100000";mq_qgis
360500;11;7;2020;10:31;0;AV DOM ALOÃSIO LORSCHEIDER;;;;;ColisÃ£o;Luz do Dia;;;Meio de Quadra;;;0;1;0;0;0;0;0;0;0;0;0;0;;;
360501;11;7;2020;10:46;0;RUA BERNARDO MANUEL;;;425;;Queda;Luz do Dia;;;Meio de Quadra;;;0;1;0;0;0;0;0;0;0;1;0;0;;;
360502;11;7;2020;11:11;0;RUA ALBERTO FERREIRA;;;604;;ColisÃ£o;Luz do Dia;;;Meio de Quadra;;;0;1;0;1;0;0;0;0;0;1;0;0;"-3,72274000000";"-38,58326000000";mq_gpsv
360503;11;7;2020;12:46;238;RUA GAL BERNARDO FIGUEIREDO;RUA GONCALVES DIAS;;;;Queda;Luz do Dia;;;T;NÃ£o HÃ¡ Controle;Residencial;0;1;0;0;0;0;0;0;0;1;0;0;"-3,73979300000";"-38,55244400000";inter_match
360510;11;7;2020;17:15;1271;RUA JOAQUIM NABUCO;RUA MARCOS MACEDO;;;;ColisÃ£o;Anoitecer;;;Cruz;Pare;Residencial;0;1;0;0;0;0;0;0;0;1;0;0;"-3,73327700000";"-38,50064500000";inter_match
360511;11;7;2020;17:37;0;RUA OSCAR FRANCA;;;1794;;ColisÃ£o;Anoitecer;;;Meio de Quadra;;;0;1;0;0;0;0;0;0;0;0;0;0;"-3,78945970000";"-38,60710440000";mq_qgis
360512;11;7;2020;18:13;0;RUA BERNARDO MANUEL;;;8631;;ColisÃ£o;Anoitecer;;;Meio de Quadra;;;0;2;0;1;0;0;0;0;0;1;0;0;"-3,79508500000";"-38,55030900000";mq_match
360513;11;7;2020;19:04;0;AV CENTRAL CJ CEARA;;;2180;;ColisÃ£o;;;;Meio de Quadra;;;0;1;0;1;0;0;0;0;0;1;0;0;;;
360514;11;7;2020;19:30;0;RUA JOAQUIM MOTA;;;311;;ColisÃ£o;;;;Meio de Quadra;;;0;1;0;1;0;0;0;0;0;1;0;0;"-3,80844000000";"-38,57086000000";mq_gpsv
360494;11;7;2020;00:53;0;AV ENG HUMBERTO MONTE;;;;;ColisÃ£o;;;;Meio de Quadra;;;0;1;0;1;0;0;0;0;0;1;0;0;;;
360507;11;7;2020;14:13;6564;AV G CJ CEARA;AV H CJ CEARA;;;;Queda;Luz do Dia;;;T;Pare;Misto;0;1;0;0;0;1;0;0;0;0;0;0;"-3,77573900000";"-38,61016700000";inter_match
360508;11;7;2020;15:29;0;AV GODOFREDO MACIEL;;;3867;;ColisÃ£o;Luz do Dia;;;Meio de Quadra;;;0;1;0;1;0;0;0;0;0;1;0;0;"-3,80957000000";"-38,57393000000";mq_gpsv
360521;11;7;2020;19:49;0;AV ABOLICAO;;;4001;;ColisÃ£o;;;;Meio de Quadra;;;0;1;0;0;0;0;0;0;0;0;0;0;"-3,72505600000";"-38,48338800000";mq_match
360524;11;7;2020;20:13;0;AV SGT HERMINIO SAMPAIO;;;3648;;ColisÃ£o;;;;Meio de Quadra;;;0;1;0;0;0;0;0;0;0;0;0;0;"-3,72906600000";"-38,57304800000";mq_match
360525;11;7;2020;20:19;0;AV EDILSON B SOARES;;;955;;ColisÃ£o;;;;Meio de Quadra;;;0;1;0;1;0;0;0;0;0;1;0;0;"-3,78986000000";"-38,48516000000";mq_match
360529;11;7;2020;21:35;0;RUA CEL FABRICIANO;;;3839;;Queda;;;;Meio de Quadra;;;0;1;0;0;0;0;0;0;0;1;0;0;;;
360540;11;7;2020;22:23;0;RUA CEL QUEIROZ;;;490;;ColisÃ£o;;;;Meio de Quadra;;;0;1;0;0;0;0;0;0;0;0;0;0;;;
360536;11;7;2020;22:03;0;RUA SILVINHA TELES D69;;;439;;Queda;;;;Meio de Quadra;;;0;1;0;0;0;0;0;0;0;1;0;0;"-3,84853574000";"-38,52646900000";mq_qgis
358382;11;7;2020;15:14;5045;AV FILOMENO GOMES;RUA SAO PAULO;;;;ColisÃ£o Transversal;Luz do Dia;Bom;Seca;Cruz;SemÃ¡foro;Comercial;0;1;1;1;0;0;0;0;0;1;0;0;"-3,72153900000";"-38,54120000000";inter_match
358383;11;7;2020;19:40;0;AV ABOLICAO;;;3998;;ColisÃ£o Transversal;Via Iluminada;Bom;Seca;Meio de Quadra;SemÃ¡foro;Comercial;0;1;1;0;0;1;0;0;0;0;0;0;"-3,72513500000";"-38,48357700000";mq_qgis
358384;12;7;2020;17:25;19205;RUA CESAR FONSECA;RUA JOAQUIM LIMA;;;;Engavetamento;Luz do Dia;Bom;Seca;Cruz;Pare;Comercial;0;1;1;1;0;0;0;0;0;1;0;0;"-3,74348500000";"-38,47306500000";inter_match
358385;12;7;2020;19:25;0;RUA PRO SILAS RIBEIRO;;;77;;NÃ£o Informado;Luz do Dia;Bom;Seca;Meio de Quadra;NÃ£o HÃ¡ Controle;Comercial;0;0;1;1;0;0;0;0;0;0;0;0;"-3,73639967000";"-38,48469760000";mq_qgis
358386;12;7;2020;19:44;0;RUA DEMOSTENES CARVALHO;;;520;;ColisÃ£o Lateral;Luz do Dia;Bom;Seca;Cruz;Pare;Residencial;0;0;2;1;0;0;0;0;0;0;0;0;"-3,72390000000";"-38,55968000000";mq_gpsv
360551;12;7;2020;12:40;0;RUA TIM MAIA;;;81;;ColisÃ£o;Luz do Dia;;;Meio de Quadra;;;0;1;0;0;0;0;0;0;0;0;0;0;;;
360552;12;7;2020;13:00;0;AV ENG HUMBERTO MONTE;;;2723;;ColisÃ£o;Luz do Dia;;;Meio de Quadra;;;0;2;0;0;0;0;0;0;0;1;0;0;;;
360541;12;7;2020;01:13;0;RUA L CJ VILA VELHA;;;;;Acidente Pessoal;;;;Meio de Quadra;;;0;1;0;0;0;0;0;0;0;1;0;0;;;
360542;12;7;2020;01:13;0;RUA DOIS;;;150;;Queda;;;;Meio de Quadra;;;0;1;0;0;0;0;0;0;0;1;0;0;"-3,80055550000";"-38,53416660000";mq_match
360543;12;7;2020;02:03;0;RUA 15 CJ JOSE WALTER;;;;;ColisÃ£o;;;;Meio de Quadra;;;0;1;0;1;0;0;0;0;0;1;0;0;;;
360544;12;7;2020;02:23;0;AV LAURO VIEIRA CHAVES;;;417;;ColisÃ£o;;;;Meio de Quadra;;;0;1;0;0;0;0;0;0;0;0;0;0;"-3,77379500000";"-38,53001570000";mq_qgis
360545;12;7;2020;03:06;0;RUA MIRTES CORDEIRO;;;300;;ColisÃ£o;;;;Meio de Quadra;;;0;1;0;1;0;0;0;0;0;1;0;0;"-3,78509000000";"-38,61133000000";mq_gpsv
360546;12;7;2020;06:57;0;AV PRS CASTELO BRANCO;;;2168;;Atropelamento;Luz do Dia;;;Meio de Quadra;;;0;1;0;0;0;0;0;0;0;1;0;0;"-3,71415915600";"-38,54741893000";mq_match
360547;12;7;2020;09:10;0;RUA IGUATU;;;411;;ColisÃ£o;Luz do Dia;;;Meio de Quadra;;;0;1;0;1;0;0;0;0;0;1;0;0;"-3,75491972000";"-38,57741490000";mq_qgis
360548;12;7;2020;10:32;0;RUA TARCISIO PEIXOTO;;;224;;ColisÃ£o;Luz do Dia;;;Meio de Quadra;;;0;1;0;1;0;0;0;0;0;1;0;0;"-3,74949050000";"-38,58597900000";mq_qgis
360558;12;7;2020;13:03;0;RUA DANIEL BRUNO;;;181;PRO-CAJU;Queda;Luz do Dia;;;Meio de Quadra;;;0;1;0;0;0;0;0;0;0;1;0;0;"-3,70339000000";"-38,57443000000";mq_gpsv
360559;12;7;2020;14:36;0;RUA PEREIRA COUTINHO;;;390;;Queda;Luz do Dia;;;Meio de Quadra;;;0;1;0;0;0;0;0;0;0;1;0;0;;;
360560;12;7;2020;17:04;0;RUA TAILANDIA;;;283;;ColisÃ£o;Anoitecer;;;Meio de Quadra;;;0;2;0;0;0;0;0;0;0;0;0;0;"-3,75773000000";"-38,60471000000";mq_gpsv
360561;12;7;2020;17:14;0;RUA IPIRANGA D29;;;487;;Queda;Anoitecer;;;Meio de Quadra;;;0;1;0;0;0;0;0;0;0;1;0;0;;;
360562;12;7;2020;18:03;0;AV BEZERRA DE MENEZES;;;;;Queda;Anoitecer;;;Meio de Quadra;;;0;1;0;0;0;1;0;0;0;0;0;0;;;
360563;12;7;2020;19:26;0;RUA DAS CARAVELAS;;;445;;Queda;;;;Meio de Quadra;;;0;1;0;0;0;1;0;0;0;0;0;0;"-3,69710000000";"-38,57942000000";mq_gpsv
360564;12;7;2020;19:51;0;RUA MANUEL DIAS BRANCO;;;51;;ColisÃ£o;;;;Meio de Quadra;;;0;1;0;0;0;0;0;0;0;0;0;0;;;
359470;12;7;2020;16:10;0;RUA PROF GLAUCO LOBO;;;119;;Queda;Luz do Dia;Bom;Seca;Meio de Quadra;NÃ£o HÃ¡ Controle;Residencial;0;1;0;0;0;0;0;0;0;1;0;0;;;
359744;12;7;2020;12:00;0;RUA ULLISSES GUIMARAES;;;;;ColisÃ£o;Luz do Dia;;;Meio de Quadra;;;0;0;3;0;0;0;0;0;0;1;0;0;;;
359745;12;7;2020;17:18;0;RUA PROF GLAUCO LOBO;;;;;Tombamento;Anoitecer;;;Meio de Quadra;;;0;0;1;0;0;0;0;0;0;0;0;0;;;
359746;12;7;2020;21:13;0;RUA EMILIO DE MENESES;;;1459;;Choque c/ ObstÃ¡culo Fixo;Via Iluminada;Bom;Seca;Meio de Quadra;Pare;Residencial;1;0;0;1;0;0;0;0;0;0;0;0;"-3,77981000000";"-38,59441000000";mq_gpsv
360572;12;7;2020;20:08;0;RUA MANUEL SATIRO;;;;;Queda;;;;Meio de Quadra;;;0;1;0;0;0;0;0;0;0;1;0;0;;;
360582;12;7;2020;21:53;0;RUA VITORIA (AV. PERIMETRAL);;;1284;;ColisÃ£o;;;;Meio de Quadra;;;0;1;0;0;0;0;0;0;0;0;0;0;"-3,76398106000";"-38,58788770000";mq_qgis
360583;12;7;2020;22:19;0;RUA NOSSA SRA APARECIDA;;;501;;ColisÃ£o;;;;Meio de Quadra;;;0;1;0;1;0;0;0;0;0;1;0;0;"-3,75822000000";"-38,60101000000";mq_gpsv
360584;12;7;2020;22:56;0;RUA OSCAR ARARIPE;;;3272;;Queda;;;;Meio de Quadra;;;0;1;0;0;0;0;0;0;0;1;0;0;"-3,78467300000";"-38,62012700000";mq_qgis
360585;12;7;2020;22:59;0;AV ENG HUMBERTO MONTE;;;2510;;Queda;;;;Meio de Quadra;;;0;1;0;0;0;0;0;0;0;1;0;0;"-3,74060700000";"-38,56767100000";mq_qgis
360580;12;7;2020;20:21;0;RUA JULIO SILVA;;;440;;Queda;;;;Meio de Quadra;;;0;1;0;0;0;0;0;0;0;1;0;0;"-3,74537000000";"-38,45462000000";mq_match
360601;13;7;2020;16:26;0;AV ADENANTERAS;;;419;;ColisÃ£o;Luz do Dia;;;Meio de Quadra;;;0;1;0;1;0;0;0;0;0;1;0;0;"-3,75373400000";"-38,47272000000";mq_match
360586;13;7;2020;04:01;0;AV JOSE SABOIA;;;;;ColisÃ£o;;;;Meio de Quadra;;;0;1;0;0;0;0;0;0;0;0;0;0;;;
360588;13;7;2020;06:36;7141;AV PRS CASTELO BRANCO;RUA FRANCISCO CALACA;;;;ColisÃ£o;Luz do Dia;;;Cruz;Pare;Residencial;0;1;0;0;0;0;0;0;0;0;0;0;"-3,70764200000";"-38,57049800000";inter_match
360589;13;7;2020;07:51;0;RUA CAP ARAGAO;;;39;;Choque c/ ObstÃ¡culo Fixo;Luz do Dia;;;Meio de Quadra;;;0;1;0;0;0;0;0;0;0;1;0;0;"-3,76569115000";"-38,51802330000";mq_qgis
360590;13;7;2020;08:11;0;AV JOAO PESSOA;;;6760;;ColisÃ£o;Luz do Dia;;;Meio de Quadra;;;0;1;0;0;0;0;0;0;0;1;0;0;"-3,76903369000";"-38,56054810000";mq_match
360591;13;7;2020;08:20;0;RD BR 116;;;;;ColisÃ£o;Luz do Dia;;;Meio de Quadra;;;0;1;0;0;0;0;0;0;0;0;0;0;;;
360592;13;7;2020;09:35;0;RUA DOMINGOS JAGUARIBE;;;727;;ColisÃ£o;Luz do Dia;;;Meio de Quadra;;;0;1;0;1;0;0;0;0;0;1;0;0;"-3,76601153000";"-38,53457340000";mq_qgis
360593;13;7;2020;10:26;6425;AV G CJ CEARA;AV B CJ CEARA;;;;ColisÃ£o;Luz do Dia;;;T;Pare;Residencial;0;1;0;0;0;0;0;0;0;1;0;0;"-3,77259900000";"-38,61155600000";inter_match
360594;13;7;2020;12:07;0;RUA JOHN LENNON;;;529;;Queda;Luz do Dia;;;Meio de Quadra;;;0;1;0;0;0;1;0;0;0;0;0;0;"-3,82040000000";"-38,49034000000";mq_gpsv
360595;13;7;2020;12:48;0;AV ANTONIO SALES;;;2435;;ColisÃ£o;Luz do Dia;;;Meio de Quadra;;;0;2;0;1;0;0;0;0;0;1;0;0;"-3,74558070000";"-38,50221300000";mq_match
360596;13;7;2020;13:52;0;RUA 16 LT ARVOREDO;;;230;;ColisÃ£o;Luz do Dia;;;Meio de Quadra;;;0;1;0;1;0;0;0;0;0;1;0;0;;;
360597;13;7;2020;13:53;0;RUA AZEVEDO BOLAO;;;849;;ColisÃ£o;Luz do Dia;;;Meio de Quadra;;;0;1;0;1;0;0;0;0;0;1;0;0;"-3,73541400000";"-38,55170100000";mq_qgis
360598;13;7;2020;14:39;0;AV BEZERRA DE MENEZES;;;;;ColisÃ£o;Luz do Dia;;;Meio de Quadra;;;0;1;0;0;0;0;0;0;0;1;0;0;;;
360599;13;7;2020;16:16;0;RUA EMILIO DE MENESES;;;2273;;ColisÃ£o;Luz do Dia;;;Meio de Quadra;;;0;1;0;1;0;0;0;0;0;1;0;0;"-3,77787100000";"-38,60121350000";mq_qgis
360614;13;7;2020;16:48;10145;RUA TAUBATE;RUA LONDRINA;;;;ColisÃ£o;Luz do Dia;;;Cruz;NÃ£o HÃ¡ Controle;Residencial;0;1;0;1;0;0;0;0;0;1;0;0;"-3,78217300000";"-38,59914500000";inter_match
360615;13;7;2020;17:20;0;RUA ANA BILHAR;;;305;;ColisÃ£o;Anoitecer;;;Meio de Quadra;;;0;1;0;1;0;0;0;0;0;1;0;0;"-3,72900600000";"-38,49713800000";mq_qgis
360616;13;7;2020;17:39;0;RUA CON DE CASTRO;;;;;ColisÃ£o;Anoitecer;;;Meio de Quadra;;;0;1;0;1;0;0;0;0;0;1;0;0;;;
360617;13;7;2020;18:13;0;AV FRANCISCO SA;;;;;Queda;Anoitecer;;;Meio de Quadra;;;0;1;0;0;0;1;0;0;0;0;0;0;;;
360618;13;7;2020;19:00;0;RUA MARIA JULIA;;;198;;ColisÃ£o;;;;Meio de Quadra;;;0;1;0;0;0;0;0;0;0;0;0;0;"-3,78697000000";"-38,59828000000";mq_gpsv
360619;13;7;2020;19:17;0;RUA CARLOS VASCONCELOS;;;170;;Queda;;;;Meio de Quadra;;;0;1;0;0;0;1;0;0;0;0;0;0;"-3,72362300000";"-38,50776500000";mq_match
360620;13;7;2020;19:17;0;RUA BAR CRATO;;;369;;ColisÃ£o;;;;Meio de Quadra;;;0;1;0;0;0;0;0;0;0;0;0;0;"-3,72110000000";"-38,55827000000";mq_gpsv
360621;13;7;2020;20:33;0;RUA CURITIBA;;;486;;ColisÃ£o;;;;Meio de Quadra;;;0;1;0;0;0;0;0;0;0;1;0;0;"-3,75788000000";"-38,58773000000";mq_gpsv
360622;13;7;2020;23:30;0;AV WASHINGTON LUIS;;;494;;Queda;;;;Meio de Quadra;;;0;1;0;0;0;0;0;0;0;1;0;0;"-3,71652290500";"-38,59293639000";mq_match
359747;13;7;2020;18:10;23710;AV GAL OSORIO DE PAIVA;RUA DOM HENRIQUE;;;;ColisÃ£o;Anoitecer;;;Cruz;Pare;Comercial;0;1;1;0;1;1;0;0;0;0;0;0;"-3,78610000000";"-38,58302500000";inter_match
359450;13;7;2020;16:30;0;AV SEN CARLOS JEREISSATI (AEROPORTO);;;;;ColisÃ£o;Luz do Dia;;Seca;Meio de Quadra;;;0;0;2;1;1;0;0;0;0;0;0;0;;;
358388;13;7;2020;08:37;12826;AV DOS EXPEDICIONARIOS;RUA ANDRE CHAVES;;0;;ColisÃ£o Transversal;Luz do Dia;Bom;Seca;Cruz;SemÃ¡foro;Residencial;0;0;2;1;0;0;0;0;0;0;0;0;"-3,75734500000";"-38,53890300000";inter_match
358389;13;7;2020;13:29;0;AV HERACLITO GRACA;;;1120;;ColisÃ£o Traseira;Luz do Dia;Bom;Seca;Meio de Quadra;SemÃ¡foro;Comercial;0;0;2;0;0;0;0;0;0;1;0;0;"-3,73663700000";"-38,51480000000";mq_match
358390;13;7;2020;14:08;5468;RUA ANTONIO POMPEU;RUA BAR ARATANHA;;;;ColisÃ£o Transversal;Luz do Dia;Bom;Seca;Cruz;SemÃ¡foro;Comercial;0;1;2;0;1;0;0;0;0;1;0;0;"-3,73582600000";"-38,52735100000";inter_match
358392;13;7;2020;16:37;0;RUA WALDIR DIOGO;;;3842;;ColisÃ£o Lateral;Luz do Dia;Bom;Seca;Meio de Quadra;SemÃ¡foro;Comercial;0;1;0;0;0;0;0;0;0;1;0;0;;;
358393;13;7;2020;15:00;10659;RUA JOR CESAR MAGALHAES;RUA GONTRAN GIFFONI;;;;ColisÃ£o Transversal;Luz do Dia;Bom;Seca;Cruz;Pare;Residencial;0;0;2;1;0;0;1;0;0;0;0;0;"-3,76944900000";"-38,48912700000";inter_match
358394;13;7;2020;23:10;0;AV ALM HENRIQUE SABOIA;;;4139;;ColisÃ£o;Anoitecer;Bom;Seca;Meio de Quadra;NÃ£o HÃ¡ Controle;Comercial;0;1;1;0;0;0;0;0;0;1;0;0;"-3,75101000000";"-38,49530000000";mq_gpsv
358395;13;7;2020;15:42;0;AV JOSE BASTOS;;;4000;;ColisÃ£o Traseira;Luz do Dia;Bom;Seca;Meio de Quadra;NÃ£o HÃ¡ Controle;Comercial;0;0;3;1;0;0;0;0;0;0;0;0;"-3,75329550000";"-38,55375650000";mq_match
358790;13;7;2020;07:50;0;RD BR 116;;;3000;KM-03;ColisÃ£o Lateral;Luz do Dia;;;Meio de Quadra;;;0;2;6;1;0;0;0;0;0;1;0;0;"-3,77983800000";"-38,51437200000";rod_match
358397;14;7;2020;13:21;357;RUA ERICO MOTA;RUA XAVIER DE OLIVEIRA;;;;ColisÃ£o Transversal;Luz do Dia;Bom;Seca;Cruz;Pare;Comercial;0;1;1;1;0;0;0;0;0;1;0;0;"-3,74728800000";"-38,56054700000";inter_match
359451;14;7;2020;19:00;0;RD CE-060;;;;KM-02;ColisÃ£o;;;Seca;Meio de Quadra;;;0;0;2;1;0;0;0;0;0;0;0;0;"-3,83406400000";"-38,58211100000";rod_match
359471;14;7;2020;10:00;0;AV DUQ CAXIAS;;;135;;ColisÃ£o Frontal;Luz do Dia;Bom;Seca;;;;0;1;1;1;0;0;0;0;0;1;0;0;"-3,73311000000";"-38,52578100000";mq_match
359748;14;7;2020;12:00;0;ROD CE 010;;;;;Choque c/ ObstÃ¡culo Fixo;Luz do Dia;;;Meio de Quadra;;;0;0;1;0;0;0;0;0;0;1;0;0;;;
360623;14;7;2020;06:37;0;RUA PRO HERIBALDO COSTA;;;1935;;ColisÃ£o;Luz do Dia;;;Meio de Quadra;;;0;1;0;0;0;0;0;0;0;1;0;0;"-3,76897800000";"-38,58854400000";mq_match
360624;14;7;2020;08:38;0;AV PRS JUSCELINO KUBITSCHEK (PASSARÃ‰);;;5561;;Queda;Luz do Dia;;;Meio de Quadra;;;0;1;0;0;0;0;0;0;0;1;0;0;"-3,82386410000";"-38,53717900000";mq_match
360650;14;7;2020;09:37;0;AV MR HULL;;;;;Atropelamento;Luz do Dia;;;Meio de Quadra;;;0;3;0;0;0;0;0;0;0;1;0;0;;;
360651;14;7;2020;09:38;0;RUA MANUEL CASTELO BRANCO;;;360;;Atropelamento;Luz do Dia;;;Meio de Quadra;;;0;1;0;0;0;0;0;0;0;1;0;0;"-3,83191506000";"-38,49195840000";mq_qgis
360652;14;7;2020;09:44;5416;AV DUQ CAXIAS;RUA JAIME BENEVOLO;;;;ColisÃ£o;Luz do Dia;;;T;SemÃ¡foro;Comercial;0;1;0;1;0;0;0;0;0;1;0;0;"-3,73315070000";"-38,52568000000";inter_match
360653;14;7;2020;10:27;0;RUA MIGUEL GURGEL;;;;;Atropelamento;Luz do Dia;;;Meio de Quadra;;;0;1;0;1;0;0;0;0;0;0;0;0;;;
360654;14;7;2020;10:32;0;AV HIS RAIMUNDO GIRAO;;;877;;ColisÃ£o;Luz do Dia;;;Meio de Quadra;;;0;1;0;1;0;0;0;0;0;1;0;0;"-3,72233000000";"-38,50786000000";mq_gpsv
360661;14;7;2020;12:41;0;AV AGUANAMBI;;;;;ColisÃ£o;Luz do Dia;;;Meio de Quadra;;;0;1;0;1;0;0;0;0;0;1;0;0;;;
360662;14;7;2020;15:06;0;AV WASHINGTON SOARES;;;;;ColisÃ£o;Luz do Dia;;;Meio de Quadra;;;0;1;0;1;0;0;0;0;0;1;0;0;;;
360663;14;7;2020;16:41;0;RUA 24 DE OUTUBRO;;;1018;;ColisÃ£o;Luz do Dia;;;Meio de Quadra;;;0;1;0;0;0;0;0;0;0;1;0;0;"-3,75534400000";"-38,60328000000";mq_qgis