COD_ACIDENTE;DIA;MES;ANO;HORA;INTERSECAO;LOG1;LOG2;LOG3;NUMERO;REFERENCIA;NATUREZA;ILUMINACAO;TEMPO;SUPERFICIEPISTA;TIPOCRUZAMENTO;CONTROLETRAFEGO;USOSOLO;MORTOS;FERIDOS;ILESOS;AUTOMOVEL;ONIBUS;BICICLETA;CAMINHAO;MICROONIBUS;CICLOMOTOR;MOTOCICLETA;TRACAOANIMAL;TREM;LATITUDE;LONGITUDE;METODO
360664;14;7;2020;17:01;0;AV JOR THOMAZ COELHO;;;591;;Queda;Anoitecer;;;Meio de Quadra;;;0;2;0;0;0;0;0;0;0;1;0;0;"-3,83235870000";"-38,50102780000";mq_qgis
360665;14;7;2020;17:48;0;AV WASHINGTON SOARES;;;;;Queda;Anoitecer;;;Meio de Quadra;;;0;1;0;0;0;1;0;0;0;0;0;0;;;
360666;14;7;2020;19:00;0;AV BAR STUDART;;;1127;;ColisÃ£o;;;;Meio de Quadra;;;0;1;0;1;0;0;0;0;0;1;0;0;"-3,73461300000";"-38,50662800000";mq_match
360667;14;7;2020;19:35;0;RUA JOAQUIM DE FIGUEIREDO FILHO;;;135;;ColisÃ£o;;;;Meio de Quadra;;;0;1;0;1;0;0;0;0;0;1;0;0;"-3,80141000000";"-38,48171000000";mq_gpsv
360659;14;7;2020;12:01;0;RUA COS LAFAYETE;;;657;;ColisÃ£o;Luz do Dia;;;Meio de Quadra;;;0;1;0;1;0;0;0;0;0;1;0;0;"-3,71785300000";"-38,58425100000";mq_qgis
360684;15;7;2020;14:09;0;AV WASHINGTON SOARES;;;800;;ColisÃ£o;Luz do Dia;;;Meio de Quadra;;;0;1;0;1;0;0;0;0;0;1;0;0;;;
360685;15;7;2020;15:23;0;RUA GUILHERME ROCHA;;;1503;;ColisÃ£o;Luz do Dia;;;Meio de Quadra;;;0;1;1;1;0;1;0;0;0;0;0;0;"-3,72332500000";"-38,53925600000";mq_match
360674;15;7;2020;07:54;0;AV PRS CASTELO BRANCO;;;1275;;ColisÃ£o;Luz do Dia;;;Meio de Quadra;;;0;1;0;1;0;0;0;0;0;1;0;0;"-3,71863000000";"-38,53430000000";mq_gpsv
360675;15;7;2020;08:35;0;RUA CAP GUSTAVO;;;4194;;ColisÃ£o;Luz do Dia;;;Meio de Quadra;;;0;1;0;1;0;0;0;0;0;1;0;0;"-3,75860100000";"-38,51607500000";mq_match
360676;15;7;2020;09:54;0;RUA BOA ESPERANCA D43;;;522;;Atropelamento;Luz do Dia;;;Meio de Quadra;;;0;1;0;0;0;0;0;0;0;1;0;0;"-3,75564300000";"-38,60479200000";mq_gpsv
360677;15;7;2020;10:05;0;RUA PRO HERIBALDO COSTA;;;918;;ColisÃ£o;Luz do Dia;;;Meio de Quadra;;;0;1;0;0;0;0;0;0;0;0;0;0;"-3,76082000000";"-38,58439000000";mq_gpsv
360678;15;7;2020;11:16;0;AV FRE CIRILO;;;4629;;ColisÃ£o;Luz do Dia;;;Meio de Quadra;;;0;1;0;1;0;0;0;0;0;1;0;0;"-3,82420000000";"-38,49441400000";mq_match
360679;15;7;2020;11:22;0;RUA JOSE PEREIRA;;;97;;Queda;Luz do Dia;;;Meio de Quadra;;;0;1;0;0;0;0;0;0;0;1;0;0;"-3,87527000000";"-38,49864000000";mq_gpsv
360680;15;7;2020;11:24;0;AV 13 DE MAIO;;;3281;;ColisÃ£o;Luz do Dia;;;Meio de Quadra;;;0;1;0;1;0;0;0;0;0;1;0;0;"-3,73728200000";"-38,54369400000";mq_match
360681;15;7;2020;12:34;0;RUA NOVA CONQUISTA (GRANJA LISBOA);;;1951;;ColisÃ£o;Luz do Dia;;;Meio de Quadra;;;0;1;0;0;0;0;0;0;0;1;0;0;"-3,79199000000";"-38,61123000000";mq_gpsv
360682;15;7;2020;12:49;0;AV PERIMETRAL;;;;;ColisÃ£o;Luz do Dia;;;Meio de Quadra;;;0;1;0;0;0;0;0;0;0;0;0;0;;;
360689;15;7;2020;16:24;0;RUA DULCINEIA GONDIM;;;630;;ColisÃ£o;Luz do Dia;;;Meio de Quadra;;;0;1;0;1;0;0;0;0;0;1;0;0;"-3,75752746000";"-38,54713570000";mq_qgis
360690;15;7;2020;16:51;17453;AV JOSE DO PATROCINIO;RUA DES PRAXEDES;;;;ColisÃ£o;Luz do Dia;;;Cruz;Pare;Residencial;0;1;0;1;0;0;0;0;0;1;0;0;"-3,76279400000";"-38,54375200000";inter_match
360691;15;7;2020;17:54;0;RUA SAMUEL UCHOA;;;;;Queda;Anoitecer;;;Meio de Quadra;;;0;1;0;0;0;1;0;0;0;0;0;0;;;
360692;15;7;2020;18:05;0;RUA PONTA MAR;;;;;Queda;Anoitecer;;;Meio de Quadra;;;0;1;0;0;0;0;0;0;0;1;0;0;;;
360693;15;7;2020;18:07;13432;AV ANTONIO SALES;AV RUI BARBOSA;;;;ColisÃ£o;Anoitecer;;;Cruz;SemÃ¡foro;Comercial;0;1;0;0;0;0;0;0;0;0;0;0;"-3,74261100000";"-38,51156900000";inter_match
360694;15;7;2020;19:17;0;AV CEL CARVALHO;;;640;;Queda;;;;Meio de Quadra;;;0;1;0;0;0;0;0;0;0;1;0;0;"-3,70667180000";"-38,59068960000";mq_match
360695;15;7;2020;19:37;0;RUA MIN ALBUQUERQUE LIMA;;;201;;Atropelamento;;;;Meio de Quadra;;;0;2;0;0;0;0;0;0;0;1;0;0;"-3,76750010000";"-38,60942550000";mq_qgis
360696;15;7;2020;20:19;0;RUA CEL VIRGILIO NOGUEIRA (BOM JARDIM);;;922;;ColisÃ£o;;;;Meio de Quadra;;;0;1;0;0;0;0;0;0;0;0;0;0;;;
360697;15;7;2020;21:23;0;AV PRO GOMES DE MATOS;;;310;;ColisÃ£o;;;;Meio de Quadra;;;0;1;0;1;0;0;0;0;0;1;0;0;"-3,75695750000";"-38,54201400000";mq_qgis
360668;15;7;2020;05:57;0;RUA C (MONDUBIM);;;332;;Queda;Amanhecer;;;Meio de Quadra;;;0;1;0;0;0;1;0;0;0;0;0;0;"-3,82295000000";"-38,56127000000";mq_gpsv
360672;15;7;2020;06:46;0;AV WASHINGTON SOARES;;;;;ColisÃ£o;Luz do Dia;;;Meio de Quadra;;;0;1;1;1;0;0;0;0;0;1;0;0;;;
359749;15;7;2020;08:50;0;RUA BERNARDO MANUEL;;;7330;;ColisÃ£o;Luz do Dia;;;Meio de Quadra;;;0;1;1;1;0;0;0;0;0;1;0;0;"-3,78303650000";"-38,54661650000";mq_qgis
359472;15;7;2020;11:40;10953;RUA DOM CARLOTO TAVORA;RUA ALM RUBIM;;;;ColisÃ£o Transversal;Luz do Dia;Bom;Seca;Cruz;Pare;Comercial;0;1;1;1;0;0;0;0;0;1;0;0;"-3,76982000000";"-38,55626900000";inter_match
359473;15;7;2020;14:50;0;RUA COS LAFAYETE;;;740;;Choque c/ ObstÃ¡culo Fixo;Luz do Dia;Bom;Seca;Meio de Quadra;NÃ£o HÃ¡ Controle;Residencial;0;0;1;1;0;0;0;0;0;0;0;0;"-3,71780831000";"-38,58469160000";mq_qgis
359452;15;7;2020;21:40;0;RD CE-040;;;;KM-06;ColisÃ£o;;;Seca;Meio de Quadra;;;0;0;2;1;0;0;0;0;0;0;0;0;"-3,80959680400";"-38,47873348000";rod_match
358398;15;7;2020;07:44;0;AV GOV RAUL BARBOSA;;;7506;;Choque c/ ObstÃ¡culo Fixo;NÃ£o Informado;Bom;Seca;Meio de Quadra;NÃ£o HÃ¡ Controle;Residencial;0;0;1;1;0;0;0;0;0;0;0;0;"-3,77778550000";"-38,51365550000";mq_match
358399;15;7;2020;07:35;0;AV BERNARDO MANUEL;;;7330;;ColisÃ£o Traseira;Luz do Dia;Bom;Seca;Meio de Quadra;NÃ£o HÃ¡ Controle;Comercial;0;1;1;1;0;0;0;0;0;1;0;0;"-3,82886000000";"-38,56032000000";mq_gpsv
358400;15;7;2020;07:35;0;AV GOV RAUL BARBOSA;;;4220;;ColisÃ£o Lateral;Luz do Dia;Bom;Seca;Meio de Quadra;NÃ£o HÃ¡ Controle;Comercial;0;1;1;1;0;0;0;0;0;1;0;0;"-3,76155186000";"-38,50733330000";mq_qgis
358401;15;7;2020;13:30;6750;RUA VILEBALDO AGUIAR;RUA BATISTA DE OLIVEIRA;;0;;ColisÃ£o Transversal;Luz do Dia;Bom;Seca;Cruz;Pare;Residencial;0;0;2;1;0;0;0;0;0;1;0;0;"-3,74301900000";"-38,48013400000";inter_match
358402;15;7;2020;19:21;0;AV ALANIS MARIA LAURINDO DE OLIVEIRA;;;0;;ColisÃ£o Lateral;Via Iluminada;Bom;Seca;Meio de Quadra;;;0;2;1;1;0;0;0;0;0;1;0;0;;;
358405;15;7;2020;18:54;0;AV OLIVEIRA PAIVA;AV ENG LEAL LIMA VERDE (SAPIRANGA/COITE);;285;;ColisÃ£o Lateral;Anoitecer;Bom;Seca;Meio de Quadra;SemÃ¡foro;Comercial;0;1;0;1;0;0;0;0;0;1;0;0;"-3,79534000000";"-38,47573000000";inter_gpsv
358406;16;7;2020;19:29;17366;RUA ROMEU MARTINS;RUA EDITE BRAGA;;;;ColisÃ£o;Via Iluminada;Nublado;Seca;Cruz;Pare;Residencial;0;3;0;1;0;0;0;0;0;1;0;0;"-3,76640800000";"-38,55248600000";inter_match
358403;16;7;2020;07:30;0;AV BENJAMIM BRASIL;;;2350;;Atropelamento;Luz do Dia;Bom;Seca;Meio de Quadra;NÃ£o HÃ¡ Controle;Comercial;0;1;1;0;0;0;0;0;0;1;0;0;"-3,80907300000";"-38,55617400000";mq_match
358404;16;7;2020;14:28;183;RUA DEMETRIO MENEZES;AV SGT HERMINIO SAMPAIO;;0;;ColisÃ£o Traseira;Luz do Dia;Bom;Seca;Cruz;SemÃ¡foro;Comercial;0;1;1;1;0;0;0;0;0;1;0;0;"-3,73386700000";"-38,58431600000";inter_match
358439;16;7;2020;17:06;0;RUA DNA LUCIA PINHEIRO (QUINTINO CUNHA);RUA SULAMITA PORTELA;;0;;ColisÃ£o Transversal;Luz do Dia;Bom;Seca;Meio de Quadra;Pare;Residencial;0;1;1;0;1;0;0;0;0;1;0;0;"-3,73138000000";"-38,60015000000";inter_gpsv
359474;16;7;2020;15:30;1439;RUA FONSECA LOBO;RUA MARIA TOMASIA;;;;ColisÃ£o Transversal;Luz do Dia;Bom;Seca;Cruz;Pare;Residencial;0;0;2;1;0;0;0;0;0;0;0;0;"-3,73805700000";"-38,48929000000";inter_match
359715;16;7;2020;08:40;0;RUA SENA MADUREIRA;;;960;;ColisÃ£o;Luz do Dia;;;Meio de Quadra;;;0;0;2;1;0;0;0;0;0;0;0;0;"-3,72961800000";"-38,52566600000";mq_match
359716;16;7;2020;18:00;0;AV DIOGUINHO;;;;;ColisÃ£o;Anoitecer;;;Meio de Quadra;;;0;1;1;0;0;1;0;0;0;0;0;0;;;
359717;16;7;2020;17:00;0;AV ENG LEAL LIMA VERDE (SAPIRANGA/COITE);;;;;ColisÃ£o;Anoitecer;;;Meio de Quadra;;;0;0;2;1;0;0;0;0;1;0;0;0;;;
360758;16;7;2020;18:21;12508;RUA ALUISIO AZEVEDO;AV LINEU MACHADO;;;;ColisÃ£o;Anoitecer;;;Cruz;SemÃ¡foro;Comercial;0;1;0;0;0;0;0;0;0;0;0;0;"-3,77021200000";"-38,57918400000";inter_match
360763;16;7;2020;20:36;8949;AV BEZERRA DE MENEZES;RUA JUSTINIANO DE SERPA;;;;ColisÃ£o;;;;Cruz;SemÃ¡foro;Comercial;0;1;0;0;0;0;0;0;0;0;0;0;"-3,73115600000";"-38,54285700000";inter_match
360698;16;7;2020;07:05;0;RUA VER ZELIA C DE SOUZA;;;2350;;ColisÃ£o;Luz do Dia;;;Meio de Quadra;;;0;3;0;1;0;0;0;0;0;1;0;0;;;
360699;16;7;2020;07:20;0;AV PRS COSTA E SILVA;;;;;ColisÃ£o;Luz do Dia;;;Meio de Quadra;;;0;1;0;1;0;0;0;0;0;1;0;0;;;
360700;16;7;2020;10:07;0;AV 13 DE MAIO;;;1922;;ColisÃ£o;Luz do Dia;;;Meio de Quadra;;;0;2;0;1;0;0;0;0;0;1;0;0;"-3,74503090000";"-38,53446000000";mq_match
360701;16;7;2020;10:38;0;AV SEN FERNANDES TAVORA;;;1130;;ColisÃ£o;Luz do Dia;;;Meio de Quadra;;;0;1;0;1;0;0;0;0;0;1;0;0;"-3,76183736000";"-38,58282230000";mq_qgis
360702;16;7;2020;10:44;0;RUA CON DE CASTRO;;;;;Atropelamento;Luz do Dia;;;Meio de Quadra;;;0;1;0;1;0;0;0;0;0;0;0;0;;;
360703;16;7;2020;11:40;0;AV H CJ CEARA;;;1969;;ColisÃ£o;Luz do Dia;;;Meio de Quadra;;;0;1;0;1;0;0;0;0;0;1;0;0;"-3,77642518800";"-38,61561238000";mq_match
360704;16;7;2020;16:16;0;AV I CJ JOSE WALTER;;;560;;ColisÃ£o;Luz do Dia;;;Meio de Quadra;;;0;1;0;0;0;0;0;0;0;1;0;0;"-3,82932150000";"-38,55200800000";mq_qgis
360705;16;7;2020;18:12;0;RUA VITAL BRASIL;;;183;;ColisÃ£o;Anoitecer;;;Meio de Quadra;;;0;1;0;1;0;0;0;0;0;1;0;0;"-3,78234600000";"-38,58269200000";mq_match
360844;17;7;2020;18:24;0;AV VILA DO MAR;;;;;ColisÃ£o;Anoitecer;;;Meio de Quadra;;;0;1;1;1;0;0;0;0;0;1;0;0;;;
360842;17;7;2020;06:06;0;RUA C (CANINDEZINHO);;;19;;Queda;Luz do Dia;;;Meio de Quadra;;;0;1;0;0;0;0;0;0;0;1;0;0;"-3,81600000000";"-38,59996000000";mq_gpsv
359719;17;7;2020;12:10;0;RD CE-040;;;;KM-13;ColisÃ£o;Luz do Dia;;;Meio de Quadra;;;0;0;2;1;0;0;0;0;0;1;0;0;"-3,86609325400";"-38,46893682000";rod_match
359844;17;7;2020;06:43;0;AV GODOFREDO MACIEL;;;6061;;ColisÃ£o;Luz do Dia;;;Meio de Quadra;;;0;2;0;0;0;0;0;0;0;0;0;0;"-3,82725825000";"-38,57975248100";mq_match
359846;17;7;2020;06:49;0;AV PERIMETRAL;;;1339;;ColisÃ£o;Luz do Dia;;;Meio de Quadra;;;0;1;0;0;0;0;0;0;0;0;0;0;;;
359847;17;7;2020;07:34;0;AV DEP PAULINO ROCHA;;;;;ColisÃ£o;Luz do Dia;;;Meio de Quadra;;;0;2;0;1;0;0;0;0;0;1;0;0;;;
359848;17;7;2020;07:39;0;RUA BERNARDO MANUEL;;;7770;;ColisÃ£o;Luz do Dia;;;Meio de Quadra;;;0;1;0;1;0;0;0;0;0;1;0;0;"-3,78610100000";"-38,54753100000";mq_match
359849;17;7;2020;07:55;0;AV NOVE;;;69;;Atropelamento;Luz do Dia;;;Meio de Quadra;;;0;1;0;1;0;0;0;0;0;0;0;0;"-3,81648000000";"-38,56901000000";mq_gpsv
359857;17;7;2020;11:46;0;RUA PRO HERIBALDO COSTA;;;1935;;ColisÃ£o;Luz do Dia;;;Meio de Quadra;;;0;2;0;1;0;0;0;0;0;1;0;0;"-3,76897800000";"-38,58854400000";mq_match
359854;17;7;2020;10:42;5389;AV DUQ CAXIAS;RUA FLORIANO PEIXOTO;;;;Atropelamento;Luz do Dia;;;Cruz;Pare;Comercial;0;1;0;1;0;0;0;0;0;0;0;0;"-3,73216200000";"-38,52873100000";inter_match
359869;17;7;2020;13:33;26073;AV FRANCISCO SA;AV JOSE JATAHY;;;;ColisÃ£o;Luz do Dia;;;Cruz;SemÃ¡foro;Comercial;0;1;0;0;0;0;0;0;0;0;0;0;"-3,72087600000";"-38,54678730000";inter_match
359870;17;7;2020;13:40;4769;RUA DOS TREVOS;RUA MONTE PASCOAL;;;;ColisÃ£o;Luz do Dia;;;Cruz;Pare;Residencial;0;1;0;1;0;0;0;0;0;1;0;0;"-3,80494400000";"-38,59935400000";inter_match
359475;17;7;2020;16:10;25389;RUA CAETANO XIMENES ARAGAO;RUA ARMANDO DALL OLIO;;;;Choque c/ ObstÃ¡culo Fixo;Luz do Dia;Bom;Seca;T;NÃ£o HÃ¡ Controle;Residencial;0;0;1;0;0;0;1;0;0;0;0;0;"-3,78333000000";"-38,48281000000";inter_gpsv
359453;17;7;2020;13:50;0;RD CE-040;;;;KM-04;ColisÃ£o;Luz do Dia;;Seca;Meio de Quadra;;;0;0;2;1;0;0;0;0;0;0;0;0;"-3,79161315600";"-38,48033084000";rod_match
359454;17;7;2020;20:40;0;RD CE-040;;;;KM-08;ColisÃ£o;;;Seca;Meio de Quadra;;;0;0;2;1;0;0;0;0;0;0;0;0;"-3,82551582200";"-38,48153832000";rod_match
360308;17;7;2020;18:51;0;RUA CEL JOAO CORREIA;;;3762;;ColisÃ£o;;;;Meio de Quadra;;;0;1;0;1;0;0;0;0;0;0;0;0;"-3,78515000000";"-38,62623000000";mq_gpsv
360309;17;7;2020;18:57;0;AV WASHINGTON SOARES;;;6306;;ColisÃ£o;;;;Meio de Quadra;;;0;1;0;1;0;0;0;0;0;1;0;0;"-3,81443300000";"-38,48094500000";mq_match
360314;17;7;2020;19:30;17379;RUA TEN MOACIR MATOS;RUA EDITE BRAGA;;;;ColisÃ£o;;;;Cruz;NÃ£o HÃ¡ Controle;Residencial;0;1;1;1;0;0;0;0;0;1;0;0;"-3,76691500000";"-38,55292100000";inter_match
360315;17;7;2020;19:31;9154;AV 13 DE MAIO;RUA DOM SEBASTIAO LEME;;;;ColisÃ£o;;;;;;;0;1;1;1;0;0;0;0;0;1;0;0;"-3,75283200000";"-38,52522100000";inter_match
360316;17;7;2020;21:02;0;RUA L CJ VILA VELHA;;;1274;;Atropelamento;;;;Meio de Quadra;;;0;1;0;0;0;0;0;0;0;1;0;0;;;
360317;17;7;2020;21:21;0;AV G CJ JOSE WALTER;;;140;;ColisÃ£o;;;;Meio de Quadra;;;0;1;1;1;0;0;0;0;0;1;0;0;"-3,83870765000";"-38,55610610000";mq_qgis
360304;17;7;2020;17:33;3863;RUA SEN POMPEU;AV 13 DE MAIO;;;;ColisÃ£o;Anoitecer;;;Cruz;SemÃ¡foro;Comercial;0;1;1;0;0;0;0;0;0;1;0;0;"-3,74451500000";"-38,53496900000";inter_match
360306;17;7;2020;17:59;15373;AV DOM LUIS;RUA FRE MANSUETO;;;;Atropelamento;Anoitecer;;;Cruz;SemÃ¡foro;Comercial;0;1;0;0;0;0;0;0;0;1;0;0;"-3,73586100000";"-38,48862600000";inter_match
360297;17;7;2020;16:47;0;RD BR 020;;;;;ColisÃ£o;Luz do Dia;;;Meio de Quadra;;;0;1;0;0;0;0;0;0;0;1;0;0;;;
360320;17;7;2020;21:52;0;AV GODOFREDO MACIEL;;;4610;;ColisÃ£o;;;;Meio de Quadra;;;0;1;1;1;0;0;0;0;0;1;0;0;"-3,81113670000";"-38,57460950000";mq_match
360321;17;7;2020;21:59;0;AV RECREIO D64;;;1540;;Queda;;;;Meio de Quadra;;;0;1;0;0;0;0;0;0;0;1;0;0;"-3,80625920000";"-38,44930760000";mq_match
360330;17;7;2020;22:29;0;AV ENG HUMBERTO MONTE;;;;;ColisÃ£o;;;;Meio de Quadra;;;0;1;1;1;0;0;0;0;0;1;0;0;;;
360331;17;7;2020;23:54;0;AV DUQ CAXIAS;;;550;;ColisÃ£o;;;;Meio de Quadra;;;0;2;0;0;0;0;0;0;0;1;0;0;"-3,73187750000";"-38,52961600000";mq_match
360286;17;7;2020;14:39;0;AV CEL CARVALHO;;;236;;ColisÃ£o;Luz do Dia;;;Meio de Quadra;;;0;1;0;0;0;0;0;0;0;0;0;0;"-3,70500275000";"-38,59115460000";mq_qgis
360294;17;7;2020;15:42;0;RUA VITAL BRASIL;;;1867;;Atropelamento;Luz do Dia;;;Meio de Quadra;;;0;1;0;0;0;0;0;0;0;1;0;0;"-3,77813900000";"-38,59752800000";mq_match
360290;17;7;2020;15:38;0;AV DOS EXPEDICIONARIOS;;;4900;;ColisÃ£o;Luz do Dia;;;Meio de Quadra;;;0;1;0;1;0;0;0;0;0;1;0;0;"-3,76223000000";"-38,54037200000";mq_qgis
360288;17;7;2020;15:14;0;AV GAL OSORIO DE PAIVA;;;5670;;ColisÃ£o;Luz do Dia;;;Meio de Quadra;;;0;1;0;0;0;0;0;0;0;0;0;0;"-3,80611550000";"-38,60344120000";mq_qgis
359887;17;7;2020;14:35;0;AV WASHINGTON SOARES;;;;;ColisÃ£o;Luz do Dia;;;Meio de Quadra;;;0;2;0;0;0;0;0;0;0;1;0;0;;;
358407;17;7;2020;13:00;26073;AV FRANCISCO SA;AV JOSE JATAHY;;;;ColisÃ£o Frontal;Luz do Dia;Bom;Seca;Cruz;SemÃ¡foro;Comercial;0;0;2;1;1;0;0;0;0;0;0;0;"-3,72087600000";"-38,54678730000";inter_match
358408;17;7;2020;13:50;19969;RUA PDE JOAO PIAMARTA;RUA RAUL UCHOA;;;;ColisÃ£o Lateral;Luz do Dia;Bom;Seca;Y;NÃ£o HÃ¡ Controle;Residencial;0;3;2;1;0;0;0;0;0;1;0;0;"-3,76239000000";"-38,54344000000";inter_gpsv
358409;17;7;2020;15:35;25063;RUA ARMANDO MONTEIRO;AV DOS EXPEDICIONARIOS;;;;ColisÃ£o Transversal;Luz do Dia;Bom;Seca;Cruz;Pare;Comercial;0;2;0;1;0;0;0;0;0;1;0;0;"-3,76223000000";"-38,54037200000";inter_match
358410;17;7;2020;18:00;0;AV DOM LUIS;;;120;;Atropelamento;Via Iluminada;Bom;Seca;Meio de Quadra;SemÃ¡foro;Comercial;0;1;1;0;0;0;0;0;0;1;0;0;"-3,73212190000";"-38,50074100000";mq_match
358411;17;7;2020;20:34;25143;AV AUGUSTO DOS ANJOS;AV MON SALVIANO;;;;ColisÃ£o Transversal;Via Iluminada;Bom;Seca;T;Gesto;Comercial;0;1;1;1;0;0;0;0;0;1;0;0;"-3,77309400000";"-38,57283600000";inter_match
358412;17;7;2020;20:11;9154;AV 13 DE MAIO;RUA MARTINHO RODRIGUES;;;;ColisÃ£o Transversal;Via Iluminada;Bom;Seca;Cruz;SemÃ¡foro;Residencial;0;1;1;1;0;0;0;0;0;1;0;0;"-3,75283200000";"-38,52522100000";inter_match
358791;17;7;2020;01:30;0;RD BR 116;;;13000;KM-13;Queda;;;;Meio de Quadra;;;0;2;0;0;0;0;0;0;0;1;0;0;"-3,86467000000";"-38,49772700000";rod_match
358792;18;7;2020;20:50;0;RD BR 116;;;14000;KM-14;Choque c/ ObstÃ¡culo Fixo;;;;Meio de Quadra;;;0;0;1;0;0;0;0;0;0;0;0;0;"-3,87352300000";"-38,49924200000";rod_match
358413;18;7;2020;08:16;6745;RUA BENTO ALBUQUERQUE;RUA PRO OTAVIO LOBO;;;;ColisÃ£o Transversal;Luz do Dia;Bom;Seca;Cruz;SemÃ¡foro;Residencial;0;1;1;1;0;0;0;0;0;1;0;0;"-3,74503500000";"-38,47919600000";inter_match
358414;18;7;2020;09:13;17377;RUA BAR CANINDE;RUA ELVIRA PINHO;;;;ColisÃ£o Transversal;Luz do Dia;Bom;Seca;Cruz;Pare;Comercial;0;1;1;1;0;0;0;0;0;1;0;0;"-3,76688100000";"-38,55614700000";inter_match
358415;18;7;2020;17:46;0;AV PERIMETRAL;;;600;;ColisÃ£o Traseira;Luz do Dia;Nublado;Seca;Meio de Quadra;SemÃ¡foro;Comercial;0;1;1;1;0;0;0;0;0;1;0;0;;;
358416;18;7;2020;19:50;10999;RUA 15 DE NOVEMBRO;RUA ALBERTO MAGNO;;806;;ColisÃ£o Transversal;Via Iluminada;Bom;Seca;Cruz;Pare;Comercial;0;0;2;1;0;0;0;0;0;0;0;0;"-3,76990900000";"-38,55316900000";inter_match
358445;18;7;2020;05:22;0;RUA ASSUNCAO;;;1780;;NÃ£o Informado;Via Iluminada;Bom;Seca;Meio de Quadra;NÃ£o HÃ¡ Controle;Residencial;0;0;1;1;0;0;0;0;0;0;0;0;"-3,74540900000";"-38,53231900000";mq_qgis
360332;18;7;2020;10:30;0;AV DUQ CAXIAS;;;1511;;Queda;Luz do Dia;;;Meio de Quadra;;;0;1;0;0;0;1;0;0;0;0;0;0;"-3,72933500000";"-38,53745200000";mq_match
360333;18;7;2020;11:46;7948;RUA JOAQUIM NABUCO;AV PONTES VIEIRA;;;;ColisÃ£o;Luz do Dia;;;Cruz;SemÃ¡foro;Comercial;0;1;1;1;0;0;0;0;0;1;0;0;"-3,75191700000";"-38,50662800000";inter_match
360334;18;7;2020;12:23;0;AV JOSE JATAHY;;;873;;ColisÃ£o;Luz do Dia;;;Meio de Quadra;;;0;1;1;1;0;0;0;0;0;1;0;0;"-3,72912000000";"-38,54510000000";mq_gpsv
360340;18;7;2020;12:26;0;RUA DES PRAXEDES;;;178;;ColisÃ£o;Luz do Dia;;;Meio de Quadra;;;0;1;1;0;0;0;1;0;0;1;0;0;"-3,75732900000";"-38,55294600000";mq_match
360352;18;7;2020;15:51;0;RUA RENE DESCARTES;;;312;;Queda;Luz do Dia;;;Meio de Quadra;;;0;1;0;0;0;0;0;0;0;1;0;0;"-3,80568000000";"-38,60025000000";mq_gpsv
360344;18;7;2020;15:17;0;AV FILOMENO GOMES;;;733;;Queda;Luz do Dia;;;Meio de Quadra;;;0;1;0;0;0;0;0;0;0;1;0;0;"-3,72153900000";"-38,54120000000";mq_match
360345;18;7;2020;15:47;0;RUA CANDIDO MAIA;;;294;;ColisÃ£o;Luz do Dia;;;Meio de Quadra;;;0;0;2;0;0;0;0;0;0;0;0;0;"-3,73742800000";"-38,59040720000";mq_match
360354;18;7;2020;15:59;0;AV ABOLICAO;;;3555;;Atropelamento;Luz do Dia;;;Meio de Quadra;;;0;1;0;0;1;0;0;0;0;0;0;0;"-3,72608700000";"-38,48757200000";mq_match
360359;18;7;2020;16:22;0;RUA DOS POTIGUARAS;;;117;;Atropelamento;Luz do Dia;;;Meio de Quadra;;;0;1;0;1;0;0;0;0;0;0;0;0;"-3,71974870000";"-38,51686680000";mq_qgis
360360;18;7;2020;16:26;0;AV GODOFREDO MACIEL;;;6368;;ColisÃ£o;Luz do Dia;;;Meio de Quadra;;;0;1;1;1;0;0;0;0;0;1;0;0;"-3,83215500000";"-38,58133400000";mq_match
360375;18;7;2020;17:06;0;AV N CJ JOSE WALTER;;;1565;;ColisÃ£o;Anoitecer;;;Meio de Quadra;;;0;1;1;1;0;0;0;0;0;1;0;0;;;
360376;18;7;2020;17:31;0;AV I CJ JOSE WALTER;;;1926;;ColisÃ£o;Anoitecer;;;Meio de Quadra;;;0;1;1;1;0;0;0;0;0;1;0;0;"-3,84068550000";"-38,55544450000";mq_qgis
360378;18;7;2020;17:50;0;AV I CJ JOSE WALTER;;;614;;ColisÃ£o;Anoitecer;;;Meio de Quadra;;;0;2;0;0;0;0;0;0;0;1;0;0;"-3,82932150000";"-38,55200800000";mq_qgis
360379;18;7;2020;17:55;0;AV VICENTE DE CASTRO;;;;;Queda;Anoitecer;;;Meio de Quadra;;;0;1;0;0;0;1;0;0;0;0;0;0;;;
360413;18;7;2020;21:46;0;AV GAL OSORIO DE PAIVA;;;;;ColisÃ£o;;;;Meio de Quadra;;;0;1;1;1;1;0;0;0;0;0;0;0;;;
360402;18;7;2020;21:29;0;RUA CESAR FONTENELE;;;18;;Queda;;;;Meio de Quadra;;;0;1;0;0;0;0;0;0;0;1;0;0;"-3,74591468000";"-38,55673096000";mq_match
360399;18;7;2020;18:27;0;RUA EUCLIDES DA CUNHA;;;285;;Queda;Anoitecer;;;Meio de Quadra;;;0;1;0;0;0;0;0;0;0;1;0;0;"-3,73532000000";"-38,58091000000";mq_gpsv