COD_ACIDENTE;DIA;MES;ANO;HORA;INTERSECAO;LOG1;LOG2;LOG3;NUMERO;REFERENCIA;NATUREZA;ILUMINACAO;TEMPO;SUPERFICIEPISTA;TIPOCRUZAMENTO;CONTROLETRAFEGO;USOSOLO;MORTOS;FERIDOS;ILESOS;AUTOMOVEL;ONIBUS;BICICLETA;CAMINHAO;MICROONIBUS;CICLOMOTOR;MOTOCICLETA;TRACAOANIMAL;TREM;LATITUDE;LONGITUDE;METODO
360347;31;7;2020;18:32;4080;AV JOSE BASTOS;RUA CEARA;;;;Queda;;;;Cruz;SemÃ¡foro;Comercial;0;1;0;0;0;1;0;0;0;0;0;0;"-3,76000800000";"-38,56411200000";inter_match
360348;31;7;2020;20:04;0;RUA BAR AQUIRAZ;;;;;ColisÃ£o;;;;Meio de Quadra;;;0;1;1;1;0;1;0;0;0;0;0;0;;;
360349;31;7;2020;20:20;23517;AV GOV RAUL BARBOSA;RUA FLORO BARTOLOMEU;;;;ColisÃ£o;;;;Meio de Quadra;NÃ£o HÃ¡ Controle;Comercial;0;1;1;0;0;0;0;0;0;1;0;0;"-3,75972300000";"-38,50462900000";inter_match
360350;31;7;2020;20:51;0;AV AGUANAMBI;;;;;ColisÃ£o;;;;Meio de Quadra;;;0;1;1;1;0;1;0;0;0;0;0;0;;;
360351;31;7;2020;20:55;0;RUA PARAGUACU D45;;;251;;ColisÃ£o;;;;Meio de Quadra;;;0;1;1;0;0;0;0;0;0;0;0;0;;;
360353;31;7;2020;20:59;0;RUA SUECIA;;;1129;;ColisÃ£o;;;;Meio de Quadra;;;0;1;1;0;0;0;0;0;0;1;0;0;"-3,78475000000";"-38,55663000000";mq_gpsv
360341;31;7;2020;16:43;0;AV SGT HERMINIO SAMPAIO;;;13;;Atropelamento;Luz do Dia;;;Meio de Quadra;;;0;1;1;0;0;0;0;0;0;1;0;0;;;
360342;31;7;2020;16:47;9243;AV DOS EXPEDICIONARIOS;AV EDUARDO GIRAO;;;;ColisÃ£o;Luz do Dia;;;Cruz;SemÃ¡foro;Comercial;0;1;1;0;0;0;0;0;0;0;0;0;"-3,75071200000";"-38,53684900000";inter_match
360343;31;7;2020;17:25;0;RUA EUCLIDES PAULINO BARROSO;;;695;;ColisÃ£o;Anoitecer;;;Meio de Quadra;;;0;1;1;0;0;0;0;0;0;0;0;0;"-3,81987000000";"-38,61050000000";mq_gpsv
360319;31;7;2020;07:03;0;AV PRS COSTA E SILVA;;;;JOSE WALTER;ColisÃ£o;Luz do Dia;;;Meio de Quadra;;;0;1;1;1;0;0;0;0;0;1;0;0;;;
360335;31;7;2020;15:19;0;RUA PEDRO PEREIRA;;;;;ColisÃ£o;Luz do Dia;;;Meio de Quadra;;;0;1;1;1;0;0;0;0;0;1;0;0;;;
360336;31;7;2020;15:34;0;RUA MANUEL JESUINO;;;822;;ColisÃ£o;Luz do Dia;;;Meio de Quadra;;;0;1;1;0;0;0;1;0;0;1;0;0;"-3,73280333000";"-38,48495070000";mq_qgis
360337;31;7;2020;15:41;1270;RUA PINTO MADEIRA;RUA JOAO CORDEIRO;;;;Queda;Luz do Dia;;;Cruz;SemÃ¡foro;Comercial;0;1;0;0;0;0;0;0;0;1;0;0;"-3,73296000000";"-38,51542800000";inter_match
360338;31;7;2020;15:48;0;AV ALM HENRIQUE SABOIA;;;;;ColisÃ£o;Luz do Dia;;;Meio de Quadra;;;0;1;1;1;0;0;0;0;0;1;0;0;;;
360339;31;7;2020;16:00;13233;AV F CJ JOSE WALTER;AV L CJ JOSE WALTER;;;;ColisÃ£o;Luz do Dia;;;RotatÃ³ria;DÃª PreferÃªncia;Residencial;0;2;1;1;0;0;0;0;0;1;0;0;"-3,83532800000";"-38,55880500000";inter_match
360322;31;7;2020;08:53;0;AV AGUANAMBI;;;;;ColisÃ£o;Luz do Dia;;;Meio de Quadra;;;0;1;1;1;0;0;0;0;0;1;0;0;;;
360323;31;7;2020;09:16;24909;RUA ROSINHA SAMPAIO;AV MOZART PINHEIRO DE LUCENA;;;;ColisÃ£o;Luz do Dia;;;Cruz;Pare;Comercial;0;1;1;1;0;0;0;0;0;1;0;0;"-3,72421100000";"-38,59743200000";inter_match
360324;31;7;2020;10:01;25062;AV DOS EXPEDICIONARIOS;RUA PDE AMBROSIO MACHADO;;;;ColisÃ£o;Luz do Dia;;;Cruz;Pare;Residencial;0;1;1;1;0;0;0;0;0;1;0;0;"-3,76083800000";"-38,53994600000";inter_match
360325;31;7;2020;11:49;25190;AV VIS RIO BRANCO;RUA PAULO FIRMEZA;;;;ColisÃ£o;Luz do Dia;;;T;NÃ£o HÃ¡ Controle;Comercial;0;1;1;1;0;0;0;0;0;1;0;0;"-3,75762900000";"-38,51968400000";inter_match
360326;31;7;2020;13:20;0;RUA PROF. MANOEL LOURENCO;;;;;ColisÃ£o;Luz do Dia;;;Meio de Quadra;;;0;1;1;1;0;0;0;0;0;1;0;0;;;
360327;31;7;2020;14:05;0;AV JOSE BASTOS;;;3778;;ColisÃ£o;Luz do Dia;;;Meio de Quadra;;;0;2;1;1;0;0;0;0;0;1;0;0;"-3,75115950000";"-38,55161800000";mq_match
363786;31;7;2020;11:30;0;RUA 1125 CJ CEARA;;;126;;Atropelamento;Luz do Dia;;;Meio de Quadra;;;1;0;1;1;0;0;0;0;0;0;0;0;"-3,76151864000";"-38,61223420000";mq_qgis
359720;31;7;2020;09:20;0;AV LAURO VIEIRA CHAVES;;;;;ColisÃ£o;Luz do Dia;;;Meio de Quadra;;;0;1;1;1;0;0;0;0;0;1;0;0;;;
359722;31;7;2020;11:18;26225;RUA FRE ODILON;RUA LICURGO MONTENEGRO;;;;ColisÃ£o;Luz do Dia;;;T;NÃ£o HÃ¡ Controle;Residencial;0;1;1;1;0;0;0;0;0;1;0;0;"-3,73500900000";"-38,57236600000";inter_match
359492;31;7;2020;13:00;0;RD CE-040;;;;KM-07;ColisÃ£o;Luz do Dia;;Seca;Meio de Quadra;;;0;0;2;1;0;0;0;0;0;0;0;0;"-3,81715944500";"-38,48303286000";rod_match
359695;1;8;2020;21:20;0;RUA CEL DIONISIO ALENCAR;;;;;ColisÃ£o Transversal;Mal Iluminada;Bom;Molhada;Meio de Quadra;;;0;1;1;1;0;0;0;0;0;1;0;0;;;
359681;1;8;2020;15:00;0;AV SEN FERNANDES TAVORA;;;;;ColisÃ£o Lateral;Luz do Dia;Bom;Seca;Meio de Quadra;NÃ£o HÃ¡ Controle;Comercial;0;1;1;1;0;0;0;0;0;1;0;0;;;
359845;1;8;2020;15:50;5107;AV MON TABOSA;RUA SEN ALMINO;;;;ColisÃ£o;Luz do Dia;;;Cruz;Pare;Comercial;0;1;1;1;0;0;0;0;0;1;0;0;"-3,72366100000";"-38,51803500000";inter_match
359838;1;8;2020;23:45;3175;RUA VITAL BRASIL;RUA LUZIA MOREIRA;;;;ColisÃ£o;Luz do Dia;;;Cruz;SemÃ¡foro;Residencial;0;1;1;0;1;1;0;0;0;0;0;0;"-3,77942000000";"-38,59301700000";inter_match
359839;1;8;2020;13:15;5121;RUA PDE MORORO;RUA GUILHERME ROCHA;;;;ColisÃ£o;Luz do Dia;;;Cruz;SemÃ¡foro;Comercial;0;1;1;0;0;0;0;1;0;1;0;0;"-3,72403300000";"-38,53704500000";inter_match
359840;1;8;2020;20:10;0;AV PRS COSTA E SILVA;;;;;ColisÃ£o;;;;Meio de Quadra;;;0;0;1;1;0;0;0;0;0;1;0;0;;;
359911;1;8;2020;08:47;17344;RUA ROMEU MARTINS;RUA ALM RUBIM;;;;ColisÃ£o Lateral;Luz do Dia;Bom;Seca;Cruz;Pare;Comercial;0;1;0;1;0;0;0;0;0;1;0;0;"-3,76538000000";"-38,55398000000";inter_gpsv
359912;1;8;2020;11:20;1442;RUA FREDERICO BORGES;RUA MARIA TOMASIA;;;;ColisÃ£o Transversal;Luz do Dia;Bom;Seca;Cruz;Pare;Comercial;0;1;1;1;0;0;0;0;0;1;0;0;"-3,73813800000";"-38,48903300000";inter_match
359913;1;8;2020;10:44;0;AV PRS COSTA E SILVA;;;4241;UPA (JOSE WALTER);ColisÃ£o Traseira;Luz do Dia;Bom;Seca;Meio de Quadra;SemÃ¡foro;Residencial;0;1;1;0;0;0;0;0;0;1;0;0;"-3,82501400000";"-38,54229400000";mq_match
359914;1;8;2020;13:58;21486;AV FRE CIRILO;RUA INACIO VASCONCELOS;;0;;Choque c/ ObstÃ¡culo Fixo;Luz do Dia;Bom;Seca;Cruz;SemÃ¡foro;Comercial;0;0;1;0;0;0;0;0;0;0;0;0;"-3,81393600000";"-38,49900400000";inter_match
359916;1;8;2020;12:25;18060;AV DIOGUINHO;RUA PRO MOZART SOLON;;;;Choque c/ ObstÃ¡culo Fixo;Luz do Dia;Bom;Seca;Cruz;Pare;Residencial;1;1;0;0;0;0;0;0;0;1;0;0;"-3,73821000000";"-38,45518500000";inter_match
359917;1;8;2020;18:56;0;AV PRS COSTA E SILVA;;;0;UPA (JOSE WALTER);Atropelamento;Mal Iluminada;Bom;Seca;Meio de Quadra;NÃ£o HÃ¡ Controle;Residencial;0;2;1;1;0;0;0;0;0;1;0;0;"-3,81576060000";"-38,56845500000";mq_match
360843;1;8;2020;23:54;25638;RUA J (VILA VELHA);RUA P CJ VILA VELHA;;;;Queda;;;;;;;0;2;0;0;0;0;0;0;0;1;0;0;"-3,71625000000";"-38,60554000000";inter_gpsv
360839;1;8;2020;21:47;0;RUA EVANDRO LUZ;;;195;;ColisÃ£o;;;;Meio de Quadra;;;0;1;0;1;0;0;0;0;0;1;0;0;"-3,73260000000";"-38,57729000000";mq_gpsv
360841;1;8;2020;23:15;0;RUA CEL VIRGILIO NOGUEIRA (BOM JARDIM);;;1719;;Queda;;;;Meio de Quadra;;;0;1;0;0;0;0;0;0;0;1;0;0;"-3,79798000000";"-38,61168000000";mq_gpsv
360830;1;8;2020;20:20;0;RUA APRENDIZE MARINHEIRO;;;522;;Atropelamento;;;;Meio de Quadra;;;0;2;0;0;0;0;0;0;0;1;0;0;"-3,71828550000";"-38,54025450000";mq_qgis
360833;1;8;2020;20:32;0;AV FILOMENO GOMES;;;430;;ColisÃ£o;;;;Meio de Quadra;;;0;1;0;1;0;0;0;0;0;0;0;0;"-3,71878400000";"-38,54165000000";mq_match
360834;1;8;2020;21:05;0;AV ODILON GUIMARAES;;;3490;;ColisÃ£o;;;;Meio de Quadra;;;0;1;0;1;0;0;0;0;0;1;0;0;"-3,81593381000";"-38,46988220000";mq_qgis
360826;1;8;2020;20:08;15628;RUA BRAS VIDAL;RUA VASCO DE ATAIDE;;;;ColisÃ£o;;;;;;;0;1;0;0;0;0;0;0;0;0;0;0;"-3,82445000000";"-38,48358000000";inter_gpsv
360828;1;8;2020;20:10;0;AV MAE LISBOA;;;4810;;ColisÃ£o;;;;Meio de Quadra;;;0;4;0;1;0;0;0;0;0;0;0;0;;;
360820;1;8;2020;17:49;0;RUA FENELON BOMILCAR;;;883;;Atropelamento;Anoitecer;;;Meio de Quadra;;;0;1;0;0;0;0;0;0;0;0;0;0;"-3,71542000000";"-38,58653000000";mq_gpsv
360821;1;8;2020;18:01;0;RUA 6 PQ BOATAN;;;;;ColisÃ£o;Anoitecer;;;Meio de Quadra;;;0;1;0;0;0;0;0;0;0;0;0;0;;;
360822;1;8;2020;18:43;0;RUA JOAQUIM NABUCO;;;421;;ColisÃ£o;;;;Meio de Quadra;;;0;1;0;1;0;0;0;0;0;1;0;0;"-3,72936000000";"-38,49939000000";mq_qgis
360823;1;8;2020;19:09;0;AV BAR STUDART;;;1000;;Queda;;;;Meio de Quadra;;;0;1;0;0;0;1;0;0;0;0;0;0;"-3,73283571000";"-38,50603710000";mq_qgis
360817;1;8;2020;17:17;0;RUA TAB JOAQUIM COELHO;;;10;;ColisÃ£o;Anoitecer;;;Meio de Quadra;;;0;1;0;0;0;0;0;0;0;0;0;0;"-3,79689838000";"-38,48034300000";mq_qgis
360813;1;8;2020;17:01;0;RUA JULIO BRAGA;;;1176;;ColisÃ£o;Anoitecer;;;Meio de Quadra;;;0;1;0;1;0;0;0;0;0;0;0;0;"-3,77533500000";"-38,58179000000";mq_qgis
360809;1;8;2020;15:55;0;AV PRS COSTA E SILVA;;;;;ColisÃ£o;Luz do Dia;;;Meio de Quadra;;;0;2;0;1;0;0;0;0;0;1;0;0;;;
360811;1;8;2020;16:55;9020;RUA JAIME BENEVOLO;RUA SALDANHA MARINHO;;;;ColisÃ£o;Luz do Dia;;;Cruz;SemÃ¡foro;Comercial;0;1;0;1;0;0;0;0;0;1;0;0;"-3,74304600000";"-38,52899400000";inter_match
360803;1;8;2020;11:03;0;AV AREIA BRANCA;;;58;;ColisÃ£o;Luz do Dia;;;Meio de Quadra;;;0;1;0;1;0;0;0;0;0;1;0;0;"-3,72810000000";"-38,47322000000";mq_gpsv
360804;1;8;2020;11:23;24293;RUA JULIO ABREU;RUA DELMIRO GOUVEIA;;;;ColisÃ£o;Luz do Dia;;;Cruz;Pare;Comercial;0;1;0;1;0;0;0;0;0;1;0;0;"-3,73590000000";"-38,48807200000";inter_match
360805;1;8;2020;11:44;2356;RUA ESTEVAO DE CAMPOS;RUA SEN ROBERT KENNEDY;;;;ColisÃ£o;Luz do Dia;;;Cruz;Pare;Residencial;0;1;0;1;0;0;0;0;0;1;0;0;"-3,70513100000";"-38,57951600000";inter_match
360806;1;8;2020;15:19;0;RUA GAL LIMA E SILVA;;;365;;ColisÃ£o;Luz do Dia;;;Meio de Quadra;;;0;1;0;1;0;0;0;0;0;1;0;0;"-3,84109000000";"-38,51298000000";mq_gpsv
360764;1;8;2020;01:33;0;RUA ARY LOBO D71;;;1550;;Atropelamento;;;;Meio de Quadra;;;0;1;0;1;0;0;0;0;0;0;0;0;;;
360765;1;8;2020;07:27;0;RUA EMILIO DE MENESES;;;957;;Atropelamento;Luz do Dia;;;Meio de Quadra;;;0;1;1;0;0;0;0;0;0;1;0;0;"-3,78095392000";"-38,59022630000";mq_qgis
360796;1;8;2020;09:37;3340;RUA RIO GRANDE DO SUL;RUA MARIO DE ANDRADE;;;;Atropelamento;Luz do Dia;;;Cruz;Pare;Misto;0;2;0;1;0;0;0;0;0;0;0;0;"-3,75077000000";"-38,56197000000";inter_gpsv
360797;1;8;2020;10:11;0;AV CASTELO DE CASTRO;;;416;;ColisÃ£o;Luz do Dia;;;Meio de Quadra;;;0;1;0;1;0;0;0;0;0;1;0;0;"-3,83276720000";"-38,52154900000";mq_qgis
360798;1;8;2020;10:13;0;RD CE-025;;;;;Queda;Luz do Dia;;;Meio de Quadra;;;0;1;0;0;0;0;0;0;0;1;0;0;;;
360799;1;8;2020;10:58;0;RUA ALM RUBIM;;;1400;;ColisÃ£o;Luz do Dia;;;Meio de Quadra;;;0;1;0;0;0;0;0;0;0;0;0;0;"-3,76971430000";"-38,55622260000";mq_match
360800;1;8;2020;11:02;26259;RUA BRAGANCA;RUA JOSE ABILIO;;;;ColisÃ£o;Luz do Dia;;;Cruz;Pare;Residencial;0;1;0;1;0;0;0;0;0;1;0;0;"-3,78415440000";"-38,59758000000";inter_match
360774;1;8;2020;08:46;0;AV ANTONIO SALES;;;;;Queda;Luz do Dia;;;Meio de Quadra;;;0;1;0;0;0;0;0;0;0;1;0;0;;;
360868;2;8;2020;00:48;0;AV DOS EXPEDICIONARIOS;;;4479;;ColisÃ£o;;;;Meio de Quadra;;;0;1;0;1;0;0;0;0;0;1;0;0;"-3,75746825000";"-38,53893770000";mq_qgis
360869;2;8;2020;01:47;0;RUA ALTO DAS PEDRINHAS;;;332;;ColisÃ£o;;;;Meio de Quadra;;;0;1;0;0;0;0;0;0;0;0;0;0;"-3,74814000000";"-38,60101000000";mq_gpsv
360870;2;8;2020;02:04;0;RUA MON HIPOLITO BRASIL;;;1340;;ColisÃ£o;;;;Meio de Quadra;;;0;1;0;0;0;0;0;0;0;0;0;0;"-3,75799000000";"-38,58054000000";mq_gpsv
360871;2;8;2020;02:23;0;AV SORIANO ALBUQUERQUE;;;460;;ColisÃ£o;;;;Meio de Quadra;;;0;0;1;1;0;0;0;0;0;0;0;0;"-3,74865650000";"-38,51636650000";mq_qgis
360872;2;8;2020;10:11;10804;RUA PDE SA LEITAO;RUA FLORIANOPOLIS;;;;ColisÃ£o;Luz do Dia;;;Cruz;Pare;Comercial;0;1;0;1;0;0;0;0;0;1;0;0;"-3,76345600000";"-38,58221600000";inter_match
360873;2;8;2020;10:54;0;RUA CHILE;;;840;;ColisÃ£o;Luz do Dia;;;Meio de Quadra;;;0;1;0;1;0;0;0;0;0;1;0;0;"-3,74924000000";"-38,56838000000";mq_gpsv
360874;2;8;2020;12:29;0;RUA JOSE HIPOLITO;;;1316;;Queda;Luz do Dia;;;Meio de Quadra;;;0;1;0;0;0;0;0;0;0;1;0;0;"-3,83653950000";"-38,48448900000";mq_match
360876;2;8;2020;13:53;0;RUA FRE ODILON;;;1860;;ColisÃ£o;Luz do Dia;;;Meio de Quadra;;;0;1;0;0;0;0;0;0;0;0;0;0;"-3,73480000000";"-38,57241000000";mq_gpsv
360859;2;8;2020;00:00;0;AV H CJ JOSE WALTER;;;1421;;ColisÃ£o;;;;Meio de Quadra;;;1;0;1;1;0;0;0;0;0;1;0;0;"-3,84029000000";"-38,56200800000";fat_match
360882;2;8;2020;16:47;0;AV GODOFREDO MACIEL;;;680;;ColisÃ£o;Luz do Dia;;;Meio de Quadra;;;0;1;0;1;0;0;0;0;0;1;0;0;"-3,78234047000";"-38,56555760000";mq_qgis
360898;2;8;2020;17:56;0;RUA CANDIDO JUCA;;;131;;Capotamento;Anoitecer;;;Meio de Quadra;;;0;0;1;1;0;0;0;0;0;0;0;0;"-3,74184044000";"-38,54668560000";mq_qgis
360899;2;8;2020;18:47;0;RUA CEL FABRICIANO;;;2085;;ColisÃ£o;;;;Meio de Quadra;;;0;1;0;1;0;0;0;0;0;1;0;0;"-3,78212500000";"-38,61011600000";mq_match
360901;2;8;2020;18:51;0;RUA RIO GRANDE DO SUL;;;803;;ColisÃ£o;;;;Meio de Quadra;;;0;1;0;1;0;0;0;0;0;1;0;0;"-3,75591376900";"-38,56582746000";mq_match
360902;2;8;2020;18:54;0;RUA BERNARDO MANUEL;;;7720;;ColisÃ£o;;;;Meio de Quadra;;;0;1;0;1;0;0;0;0;0;1;0;0;"-3,78563814000";"-38,54739280000";mq_qgis
360903;2;8;2020;20:12;0;AV LINEU MACHADO;;;1494;;ColisÃ£o;;;;Meio de Quadra;;;0;1;0;1;0;0;0;0;0;1;0;0;"-3,77263756000";"-38,58039840000";mq_qgis
360904;2;8;2020;20:14;0;RUA 14 CJ PEQ MONDUBIM;;;8;;ColisÃ£o;;;;Meio de Quadra;;;0;2;0;1;0;0;0;0;0;1;0;0;"-3,81564270000";"-38,56919110000";mq_match
360905;2;8;2020;20:46;13590;AV PONTES VIEIRA;RUA DR JOSE LOURENCO;;;;ColisÃ£o;;;;T;NÃ£o HÃ¡ Controle;Comercial;0;1;0;1;0;0;0;0;0;1;0;0;"-3,75266000000";"-38,51351000000";inter_gpsv
360906;2;8;2020;20:58;0;RUA PRIMEIRO DE MAIO D34;;;2510;;ColisÃ£o;;;;Meio de Quadra;;;0;1;0;0;0;0;0;0;0;1;0;0;"-3,77848519000";"-38,60424770000";mq_qgis
360907;2;8;2020;21:29;0;RUA RAIMUNDO PINHEIRO;;;48;;Queda;;;;Meio de Quadra;;;0;1;0;0;0;0;0;0;0;1;0;0;"-3,78563000000";"-38,59611000000";mq_gpsv
360908;2;8;2020;22:19;25318;RUA CARLOS JEREISSATI (JD DAS OLIVEIRAS);RUA PDE FRANCISCO PITA;;;;ColisÃ£o;;;;Cruz;Pare;Residencial;0;1;0;1;0;0;0;0;0;1;0;0;"-3,78255530000";"-38,49624600000";inter_match
359918;2;8;2020;09:30;13381;RUA JOAO CORDEIRO;RUA JOAO BRIGIDO;;;;ColisÃ£o Lateral;Luz do Dia;Bom;Seca;Cruz;SemÃ¡foro;Residencial;0;1;0;0;0;0;0;0;0;1;0;0;"-3,73992700000";"-38,51787000000";inter_match
359919;2;8;2020;13:00;0;AV DEP PAULINO ROCHA;;;1650;;ColisÃ£o Traseira;Luz do Dia;Bom;Seca;Meio de Quadra;SemÃ¡foro;Residencial;0;0;2;1;0;0;0;0;0;0;0;0;"-3,81171398100";"-38,51131703000";mq_match
359920;2;8;2020;16:52;4542;RUA CEL ZACARIAS J FRANCA;AV DEP PAULINO ROCHA;;;;ColisÃ£o Traseira;Luz do Dia;Bom;Seca;Cruz;SemÃ¡foro;Residencial;0;1;0;0;0;0;0;0;0;1;0;0;"-3,80547380000";"-38,50814400000";inter_match
359921;2;8;2020;19:01;25130;RUA FRE MANSUETO;RUA MARIA TOMASIA;;;;ColisÃ£o Lateral;Via Iluminada;Bom;Seca;Cruz;Pare;Residencial;0;1;1;0;0;0;0;0;0;1;0;0;"-3,73819260000";"-38,48838800000";inter_match
359922;2;8;2020;17:30;0;AV DR JOAO MACIEL FILHO;;;193;;Queda;Via Iluminada;Bom;Seca;Meio de Quadra;Pare;Residencial;0;3;0;0;0;0;0;0;0;1;0;0;"-3,78467703000";"-38,49529000000";mq_qgis
359923;2;8;2020;21:20;0;RUA LAURO NOGUEIRA;;;1500;;ColisÃ£o Lateral;Via Iluminada;Bom;Seca;T;SemÃ¡foro;Comercial;0;2;0;0;0;0;0;0;0;1;0;0;"-3,74175050000";"-38,47249000000";mq_match
359872;2;8;2020;15:15;0;RUA JULIO BRAGA;;;1730;;ColisÃ£o;Luz do Dia;;;Meio de Quadra;;;0;1;0;1;0;0;0;0;0;1;0;0;"-3,77351255000";"-38,58581660000";mq_qgis
359850;2;8;2020;01:50;26226;AV AMERICO BARREIRA;AV CARNEIRO DE MENDONCA;;;;ColisÃ£o;;;;Cruz;SemÃ¡foro;Comercial;0;1;0;1;0;0;0;0;0;1;0;0;"-3,76414440000";"-38,56671680000";inter_match
359852;2;8;2020;22:30;19183;RUA LAURO NOGUEIRA;RUA CESAR FONSECA;;;;ColisÃ£o;;;;T;SemÃ¡foro;Comercial;0;0;2;0;0;0;0;0;0;1;0;0;"-3,74194600000";"-38,47257900000";inter_match
359708;2;8;2020;13:30;24276;AV ANTONIO JUSTA;RUA MANUEL JESUINO;;;;ColisÃ£o Transversal;Luz do Dia;Bom;Seca;T;Pare;Residencial;0;0;3;1;0;0;0;0;0;0;0;0;"-3,73074400000";"-38,48504800000";inter_match
359709;2;8;2020;15:15;5177;RUA SEN POMPEU;RUA SAO PAULO;;;;ColisÃ£o Transversal;Luz do Dia;Bom;Seca;Cruz;SemÃ¡foro;Comercial;0;1;1;1;0;0;0;0;0;1;0;0;"-3,72548600000";"-38,52919600000";inter_match
359713;2;8;2020;21:00;7747;AV CARNEIRO DE MENDONCA;RUA ESTADO DO RIO;;;;ColisÃ£o Transversal;Via Iluminada;Bom;Seca;T;SemÃ¡foro;Comercial;0;1;2;1;0;0;0;0;0;1;0;0;"-3,76099090000";"-38,57238400000";inter_match
360397;2;8;2020;14:20;0;AV SEN CARLOS JEREISSATI (AEROPORTO);;;1000;;ColisÃ£o;Luz do Dia;;;Meio de Quadra;;;0;0;2;1;0;0;0;0;0;0;0;0;"-3,78375300000";"-38,52685000000";mq_match
360398;3;8;2020;17:10;0;RD CE-040;;;;KM-08;Atropelamento;Anoitecer;;;Meio de Quadra;;;0;1;1;0;0;0;0;0;0;1;0;0;"-3,82551582200";"-38,48153832000";rod_match
359888;3;8;2020;21:04;0;AV GODOFREDO MACIEL;;;3570;;ColisÃ£o;Luz do Dia;;;Meio de Quadra;;;0;0;1;1;1;0;0;0;0;0;0;0;"-3,80641300000";"-38,57301900000";mq_match
359714;3;8;2020;10:20;0;AV PRS COSTA E SILVA;;;5183;;Choque c/ ObstÃ¡culo Fixo;Luz do Dia;Bom;Seca;Meio de Quadra;SemÃ¡foro;Industrial;0;4;0;1;0;0;0;0;0;0;0;0;"-3,82739380000";"-38,53483000000";mq_match
359725;3;8;2020;18:15;0;AV DR SILAS MUNGUBA;;;2249;;ColisÃ£o Traseira;Via Iluminada;Bom;Seca;Meio de Quadra;SemÃ¡foro;Escola;0;1;1;1;0;0;0;0;0;1;0;0;"-3,78581200000";"-38,55127800000";mq_match
359924;3;8;2020;07:37;0;AV EDUARDO GIRAO;;;1533;;ColisÃ£o Traseira;Luz do Dia;Bom;Seca;Meio de Quadra;NÃ£o HÃ¡ Controle;Comercial;0;1;1;1;0;0;0;0;0;1;0;0;"-3,75132000000";"-38,53566000000";mq_gpsv
359925;3;8;2020;08:00;1525;AV PDE ANTONIO TOMAS;RUA BARBOSA DE FREITAS;;;;ColisÃ£o;Luz do Dia;Bom;Seca;Cruz;SemÃ¡foro;Comercial;0;1;0;0;0;0;0;0;0;1;0;0;"-3,74049500000";"-38,49861900000";inter_match
359926;3;8;2020;07:30;0;AV PRO GOMES DE MATOS;;;310;;ColisÃ£o Transversal;Luz do Dia;Bom;Seca;Meio de Quadra;NÃ£o HÃ¡ Controle;Comercial;0;1;0;1;0;0;0;0;0;1;0;0;"-3,75695750000";"-38,54201400000";mq_qgis
359927;3;8;2020;10:20;71;RUA CEL JOAQUIM FRANKLIN;RUA PRO JOAQUIM NOGUEIRA D29;;;;ColisÃ£o Transversal;Luz do Dia;Bom;Seca;Cruz;Pare;Comercial;0;2;0;1;0;0;0;0;0;1;0;0;"-3,74277300000";"-38,59008400000";inter_match
359928;3;8;2020;10:28;6823;RUA DR GILBERTO STUDART;RUA DR RIBAMAR LOBO;;;;ColisÃ£o;Luz do Dia;Bom;Seca;Cruz;Pare;Residencial;0;2;0;0;0;0;0;0;0;1;0;0;"-3,74766200000";"-38,46836100000";inter_match
359929;3;8;2020;16:30;0;AV VICENTE DE CASTRO;;;0;CAIS DO PORTO;ColisÃ£o Traseira;Via Iluminada;Bom;Seca;Meio de Quadra;NÃ£o HÃ¡ Controle;Industrial;0;1;1;1;0;0;0;0;0;1;0;0;"-3,72040820000";"-38,47715000000";mq_match
359930;3;8;2020;19:42;0;AV CARAPINIMA;;;1786;;ColisÃ£o;Via Iluminada;Bom;Seca;Meio de Quadra;NÃ£o HÃ¡ Controle;Residencial;0;2;0;0;0;0;0;0;0;1;0;0;"-3,73708840000";"-38,53734000000";mq_match
360909;3;8;2020;06:02;0;AV DR THEBERGE;;;2600;;Queda;Luz do Dia;;;Meio de Quadra;;;0;1;0;0;0;0;0;0;0;1;0;0;"-3,72538380000";"-38,56838600000";mq_match
360910;3;8;2020;07:15;0;RUA DO CANAL (TAUAPE);;;22;;ColisÃ£o;Luz do Dia;;;Meio de Quadra;;;0;1;0;1;0;0;0;0;0;1;0;0;"-3,76232000000";"-38,50951000000";mq_gpsv
360911;3;8;2020;08:44;0;RUA VIRGILIO BRANDAO;;;703;;Queda;Luz do Dia;;;Meio de Quadra;;;0;1;0;0;0;0;0;0;0;1;0;0;"-3,75500812000";"-38,59661940000";mq_qgis
360912;3;8;2020;08:53;0;RUA BERNARDO MANUEL;;;278;;Queda;Luz do Dia;;;Meio de Quadra;;;0;1;0;0;0;0;0;0;0;1;0;0;;;
360913;3;8;2020;08:58;25348;AV JOVITA FEITOSA;RUA CAPISTRANO;;;;Queda;Luz do Dia;;;Duplo T;NÃ£o HÃ¡ Controle;Comercial;0;1;0;0;0;0;0;0;0;1;0;0;"-3,73785400000";"-38,54678000000";inter_match
360914;3;8;2020;11:27;0;AV ODILON GUIMARAES;;;1335;;Queda;Luz do Dia;;;Meio de Quadra;;;0;1;0;0;0;1;0;0;0;0;0;0;"-3,82659000000";"-38,48025000000";mq_gpsv
360915;3;8;2020;12:46;0;RD BR 116;;;9744;;Atropelamento;Luz do Dia;;;Meio de Quadra;;;0;1;0;1;0;0;0;0;0;0;0;0;"-3,83443500000";"-38,50337300000";rod_match