COD_ACIDENTE;DIA;MES;ANO;HORA;INTERSECAO;LOG1;LOG2;LOG3;NUMERO;REFERENCIA;NATUREZA;ILUMINACAO;TEMPO;SUPERFICIEPISTA;TIPOCRUZAMENTO;CONTROLETRAFEGO;USOSOLO;MORTOS;FERIDOS;ILESOS;AUTOMOVEL;ONIBUS;BICICLETA;CAMINHAO;MICROONIBUS;CICLOMOTOR;MOTOCICLETA;TRACAOANIMAL;TREM;LATITUDE;LONGITUDE;METODO
359991;15;8;2020;19:28;0;RUA BETEL;;;757;;ColisÃ£o Frontal;Via Iluminada;Bom;Seca;Meio de Quadra;NÃ£o HÃ¡ Controle;Residencial;0;2;0;0;0;0;0;0;0;1;0;0;"-3,78540905000";"-38,54983700000";mq_qgis
359785;15;8;2020;02:00;0;AV CONTORNO OESTE D71;;;;;Choque c/ ObstÃ¡culo Fixo;Anoitecer;Bom;Seca;Meio de Quadra;NÃ£o HÃ¡ Controle;Residencial;1;0;0;0;0;0;0;0;0;1;0;0;"-3,83821000000";"-38,59690000000";fat_match
363888;15;8;2020;21:30;0;RUA ESPIRITO SANTO;;;;;Outros;;;;Meio de Quadra;;;1;0;0;0;0;0;0;0;0;0;0;0;"-3,75757300000";"-38,57111800000";fat_match
361185;15;8;2020;23:44;0;RUA GUERRA JUNQUEIRO;;;512;;ColisÃ£o;;;;Meio de Quadra;;;0;1;1;1;0;0;0;0;0;1;0;0;"-3,78149122000";"-38,54764450000";mq_qgis
361180;15;8;2020;23:34;0;AV A CJ ESPERANCA;;;;;Queda;;;;Meio de Quadra;;;0;1;0;0;0;0;0;0;0;1;0;0;;;
361176;15;8;2020;22:03;0;RUA BOA VIAGEM;;;176;;Queda;;;;Meio de Quadra;;;0;1;0;0;0;0;0;0;0;1;0;0;"-3,73070033000";"-38,54392010000";mq_qgis
361177;15;8;2020;22:25;0;AV PRO JOSE ARTHUR CARVALHO;;;560;;ColisÃ£o;;;;Meio de Quadra;;;0;2;1;1;0;0;0;0;0;1;0;0;"-3,82647900000";"-38,47349800000";mq_match
361174;15;8;2020;21:24;0;RUA PRO VIRGILIO DE MORAIS;;;672;;Atropelamento;;;;Meio de Quadra;;;0;1;1;1;0;0;0;0;0;0;0;0;"-3,75442973700";"-38,59726302600";mq_match
361171;15;8;2020;20:38;0;RUA RAUL CABRAL;;;620;;Queda;;;;Meio de Quadra;;;0;1;0;0;0;0;0;0;0;1;0;0;"-3,76916059300";"-38,54402425900";mq_match
361172;15;8;2020;21:16;0;RUA RIO GRANDE DO NORTE;;;1528;;ColisÃ£o;;;;Meio de Quadra;;;0;1;1;0;0;0;0;0;0;1;0;0;"-3,75712241000";"-38,56987880000";mq_qgis
361167;15;8;2020;20:00;0;AV SEN FERNANDES TAVORA;;;;;Queda;;;;Meio de Quadra;;;0;1;0;0;0;1;0;0;0;0;0;0;;;
361168;15;8;2020;20:29;0;RUA JOSE VILAR;;;1605;;ColisÃ£o;;;;Meio de Quadra;;;0;1;1;0;0;0;0;0;0;1;0;0;"-3,73842000000";"-38,50546000000";mq_gpsv
361169;15;8;2020;20:38;0;AV MOZART PINHEIRO DE LUCENA;;;1405;;ColisÃ£o;;;;Meio de Quadra;;;0;1;1;1;0;0;0;0;0;1;0;0;"-3,71483800000";"-38,59470700000";mq_qgis
361147;15;8;2020;08:25;0;AV GODOFREDO MACIEL;;;606;;ColisÃ£o;Luz do Dia;;;Meio de Quadra;;;0;1;1;1;0;0;1;0;0;0;0;0;"-3,78149500000";"-38,56531600000";mq_match
361148;15;8;2020;10:26;0;AV CORA CORALINA;;;981;;Queda;Luz do Dia;;;Meio de Quadra;;;0;1;0;0;0;0;0;0;0;1;0;0;"-3,83921000000";"-38,57547000000";mq_gpsv
361149;15;8;2020;10:59;0;RUA CON DE CASTRO;;;3608;;ColisÃ£o;Luz do Dia;;;Meio de Quadra;;;0;1;1;1;0;0;0;0;0;1;0;0;"-3,79882700000";"-38,58624500000";mq_match
361151;15;8;2020;11:47;0;RUA CEL JOAO CORREIA;;;3393;;Queda;Luz do Dia;;;Meio de Quadra;;;0;1;0;0;0;1;0;0;0;0;0;0;"-3,78617393000";"-38,62275880000";mq_qgis
361152;15;8;2020;12:09;0;RUA 16 CJ HAB ST S JOAO;;;34;;ColisÃ£o;Luz do Dia;;;Meio de Quadra;;;0;1;1;0;0;0;0;0;0;0;0;0;"-3,85100021000";"-38,51166840000";mq_qgis
361153;15;8;2020;13:06;0;AV LAURO VIEIRA CHAVES;;;1484;;ColisÃ£o;Luz do Dia;;;Meio de Quadra;;;0;1;1;0;0;0;0;0;0;0;0;0;"-3,77192228600";"-38,54052586000";mq_match
361154;15;8;2020;13:44;0;ET DO JATOBA;;;2691;;ColisÃ£o;Luz do Dia;;;Meio de Quadra;;;0;2;1;1;0;0;0;0;0;1;0;0;"-3,79745900000";"-38,62685800000";mq_qgis
361155;15;8;2020;13:53;0;AV DEP PAULINO ROCHA;;;2607;;ColisÃ£o;Luz do Dia;;;Meio de Quadra;;;0;2;1;1;0;0;0;0;0;1;0;0;"-3,81013000000";"-38,51980000000";mq_gpsv
361156;15;8;2020;15:34;183;AV SGT HERMINIO SAMPAIO;RUA DEMETRIO MENEZES;;;;ColisÃ£o;Luz do Dia;;;Cruz;SemÃ¡foro;Comercial;0;1;1;1;0;0;0;0;0;1;0;0;"-3,73386700000";"-38,58431600000";inter_match
361157;15;8;2020;15:38;0;RUA RUI MONTE;;;364;;ColisÃ£o;Luz do Dia;;;Meio de Quadra;;;0;1;1;1;0;0;0;0;0;1;0;0;"-3,74144000000";"-38,58676000000";mq_gpsv
361158;15;8;2020;16:39;0;AV N CJ JOSE WALTER;;;;;Atropelamento;Luz do Dia;;;Meio de Quadra;;;0;1;1;1;0;0;0;0;0;0;0;0;;;
361159;15;8;2020;17:34;0;AV SANTOS DUMONT;;;7580;;ColisÃ£o;Anoitecer;;;Meio de Quadra;;;0;1;1;1;0;0;0;0;0;1;0;0;"-3,74662850000";"-38,46615700000";mq_match
361160;15;8;2020;17:40;0;RUA JOHN LENNON;;;355;;ColisÃ£o;Anoitecer;;;Meio de Quadra;;;0;1;1;1;0;0;0;0;0;1;0;0;"-3,82221997000";"-38,49063860000";mq_qgis
361161;15;8;2020;17:57;0;RUA VERBENA;;;308;;Atropelamento;Anoitecer;;;Meio de Quadra;;;0;1;1;0;0;0;0;0;0;0;0;0;"-3,77850000000";"-38,58803500000";mq_match
361162;15;8;2020;17:58;0;RUA GERARDO FREITAS;;;55;;ColisÃ£o;Anoitecer;;;Meio de Quadra;;;0;1;1;1;0;0;0;0;0;1;0;0;"-3,75651000000";"-38,57167000000";mq_gpsv
361163;15;8;2020;18:03;0;AV H CJ CEARA;;;1426;;ColisÃ£o;Anoitecer;;;Meio de Quadra;;;0;1;1;1;0;0;0;0;0;1;0;0;"-3,77590100000";"-38,61091400000";mq_qgis
361164;15;8;2020;19:19;0;RUA NENEN GONCALVES;;;621;;ColisÃ£o;;;;Meio de Quadra;;;0;2;1;1;0;0;0;0;0;1;0;0;"-3,81369000000";"-38,48268000000";mq_gpsv
361165;15;8;2020;19:38;0;RUA MARIA JULIA;;;1693;;Queda;;;;Meio de Quadra;;;0;2;0;0;0;0;0;0;0;1;0;0;"-3,80026740000";"-38,60241760000";mq_qgis
361135;15;8;2020;01:03;0;RUA CARLOS AMORA;;;;;Queda;;;;Meio de Quadra;;;0;1;0;0;0;0;0;0;0;1;0;0;;;
361136;15;8;2020;01:13;0;RUA 102 CJ NOVO MONDUBIM;;;12;;ColisÃ£o;;;;Meio de Quadra;;;0;1;1;0;0;0;0;0;0;0;0;0;"-3,80684147000";"-38,58725750000";mq_qgis
361137;15;8;2020;01:39;0;RUA PDE MAXIMO FEITOSA;;;834;;ColisÃ£o;;;;Meio de Quadra;;;0;1;1;0;0;0;0;0;0;1;0;0;"-3,73501000000";"-38,57548000000";mq_gpsv
361138;15;8;2020;01:42;0;AV DEP PAULINO ROCHA;;;2460;;ColisÃ£o;;;;Meio de Quadra;;;0;1;1;0;0;0;0;0;0;0;0;0;"-3,81048700000";"-38,51798900000";mq_match
361142;15;8;2020;01:45;0;AV TEN LISBOA;;;795;;ColisÃ£o;;;;Meio de Quadra;;;0;1;1;0;0;0;0;0;0;0;0;0;"-3,72710874000";"-38,57428100000";mq_qgis
361144;15;8;2020;07:24;0;LOGRADOURO SEM NOME;;;;;ColisÃ£o;Luz do Dia;;;Meio de Quadra;;;0;1;1;1;0;0;0;0;0;1;0;0;;;
361214;16;8;2020;10:39;6850;AV PDE ANTONIO TOMAS;RUA BATISTA DE OLIVEIRA;;;;ColisÃ£o;Luz do Dia;;;Cruz;SemÃ¡foro;Residencial;0;1;1;1;0;1;0;0;0;0;0;0;"-3,74590600000";"-38,48194700000";inter_match
361215;16;8;2020;10:53;0;RUA ANTONIO ARRUDA;;;862;;ColisÃ£o;Luz do Dia;;;Meio de Quadra;;;0;1;1;0;0;0;0;0;0;1;0;0;"-3,71512600000";"-38,59254100000";mq_qgis
361216;16;8;2020;12:14;0;AV JOAO DE ARAUJO LIMA;;;2041;;Queda;Luz do Dia;;;Meio de Quadra;;;0;1;0;0;0;0;0;0;0;1;0;0;"-3,83995000000";"-38,56209000000";mq_gpsv
361195;16;8;2020;02:38;0;RUA 5 CJ PEQ MONDUBIM;;;1502;;Queda;;;;Meio de Quadra;;;0;1;0;0;0;1;0;0;0;0;0;0;;;
361196;16;8;2020;03:16;0;AV ZEZE DIOGO;;;1053;;ColisÃ£o;;;;Meio de Quadra;;;0;1;1;0;0;0;0;0;0;0;0;0;"-3,71631885000";"-38,46502770000";mq_qgis
361210;16;8;2020;10:00;0;AV ENG ALBERTO SA;;;153;;Queda;Luz do Dia;;;Meio de Quadra;;;0;1;0;0;0;0;0;0;0;1;0;0;"-3,73354000000";"-38,47976300000";mq_match
361211;16;8;2020;10:39;0;AV JOSE BASTOS;;;4400;;ColisÃ£o;Luz do Dia;;;Meio de Quadra;;;0;1;1;0;0;0;0;0;0;1;0;0;"-3,75526000000";"-38,55574150000";mq_match
361203;16;8;2020;06:38;0;RUA ELCIAS LOPES;;;;;ColisÃ£o;Luz do Dia;;;Meio de Quadra;;;0;1;1;0;0;0;0;0;0;1;0;0;;;
361204;16;8;2020;08:04;26128;AV I CJ CEARA;RUA 763 CJ CEARA;;;;ColisÃ£o;Luz do Dia;;;;;;0;1;1;1;0;0;0;0;0;1;0;0;"-3,76610000000";"-38,59730000000";inter_gpsv
361205;16;8;2020;08:10;15203;RUA DEP MOREIRA DA ROCHA;RUA MON BRUNO;;;;ColisÃ£o;Luz do Dia;;;Cruz;Pare;Residencial;0;1;1;1;0;0;0;0;0;0;0;0;"-3,72665900000";"-38,50759100000";inter_match
361226;16;8;2020;14:34;0;AV JOAO PESSOA;;;5834;;ColisÃ£o;Luz do Dia;;;Meio de Quadra;;;0;1;1;1;0;0;0;0;0;1;0;0;"-3,76174700000";"-38,55753500000";mq_qgis
361227;16;8;2020;15:22;19454;RUA ABEL RIBEIRO;AV AUGUSTO DOS ANJOS;;;;ColisÃ£o;Luz do Dia;;;T;Pare;Comercial;0;1;1;1;0;1;0;0;0;0;0;0;"-3,78003000000";"-38,57903000000";inter_match
361228;16;8;2020;17:06;0;RUA PONTA MAR;;;125;;Queda;Anoitecer;;;Meio de Quadra;;;0;1;0;0;0;0;0;0;0;1;0;0;;;
361229;16;8;2020;17:12;17606;RUA CEARA;RUA PARANA;;;;ColisÃ£o;Anoitecer;;;Cruz;Pare;Residencial;0;2;1;1;0;0;0;0;0;1;0;0;"-3,75726100000";"-38,56834800000";inter_match
361230;16;8;2020;18:03;0;AV GAL OSORIO DE PAIVA;;;;;ColisÃ£o;Anoitecer;;;Meio de Quadra;;;0;1;1;1;0;0;0;0;0;1;0;0;;;
361231;16;8;2020;18:23;0;AV BORGES DE MELO;;;;;Queda;Anoitecer;;;Meio de Quadra;;;0;1;0;0;0;0;0;0;0;1;0;0;;;
361232;16;8;2020;19:22;0;RUA DELTA;;;759;;Atropelamento;;;;Meio de Quadra;;;0;1;1;0;0;0;0;0;0;1;0;0;"-3,79486336000";"-38,57717700000";mq_qgis
361233;16;8;2020;20:16;0;AV WASHINGTON SOARES;;;4515;;Queda;;;;Meio de Quadra;;;0;1;0;0;0;0;0;0;0;1;0;0;"-3,79822000000";"-38,47974900000";mq_qgis
361234;16;8;2020;20:22;0;RUA CAP OLAVO;;;120;;ColisÃ£o;;;;Meio de Quadra;;;0;1;1;1;0;0;0;0;0;1;0;0;"-3,76336082000";"-38,51625340000";mq_qgis
361235;16;8;2020;20:34;0;RUA DES WALDETARIO P MOTA;;;556;;ColisÃ£o;;;;Meio de Quadra;;;0;1;1;1;0;0;0;0;0;1;0;0;"-3,73459000000";"-38,47926000000";mq_gpsv
361236;16;8;2020;21:41;0;RUA AVILA GOULART;;;;;Queda;;;;Meio de Quadra;;;0;1;0;0;0;0;0;0;0;1;0;0;;;
361237;16;8;2020;22:51;0;RUA JOSIAS PAULA DE SOUZA;;;520;;Atropelamento de Animal;;;;Meio de Quadra;;;0;1;0;0;0;0;0;0;0;1;0;0;"-3,72720636000";"-38,46875520000";mq_qgis
361238;16;8;2020;23:05;0;RUA PDE PEDRO DE ALENCAR;;;1791;;Queda;;;;Meio de Quadra;;;0;1;0;0;0;0;0;0;0;1;0;0;"-3,84380500000";"-38,49438200000";mq_match
361219;16;8;2020;12:16;5394;RUA METON DE ALENCAR;AV TRISTAO GONCALVES;;;;Queda;Luz do Dia;;;Cruz;SemÃ¡foro;Comercial;0;1;0;0;0;0;0;0;0;1;0;0;"-3,73232700000";"-38,53477700000";inter_match
361220;16;8;2020;12:56;0;AV BENJAMIM BRASIL;;;1080;;Atropelamento;Luz do Dia;;;Meio de Quadra;;;0;1;1;0;0;0;0;0;0;1;0;0;"-3,80540000000";"-38,56522000000";mq_match
361221;16;8;2020;12:57;0;RUA PEREIRA COUTINHO;;;1030;;Queda;Luz do Dia;;;Meio de Quadra;;;0;1;0;0;0;0;0;0;0;1;0;0;;;
361222;16;8;2020;13:25;0;RUA DEMETRIO MENEZES;;;931;;Queda;Luz do Dia;;;Meio de Quadra;;;0;1;0;0;0;1;0;0;0;0;0;0;"-3,73223000000";"-38,58443000000";mq_gpsv
361223;16;8;2020;14:19;18498;AV GOV PARSIFAL BARROSO;RUA MARIA MIRIAN F  DE SOUZA;;;;ColisÃ£o;Luz do Dia;;;T;SemÃ¡foro;Residencial;0;1;1;1;0;0;0;0;0;1;0;0;"-3,73351500000";"-38,56895800000";inter_match
361224;16;8;2020;14:28;17563;RUA ESPIRITO SANTO;RUA AMAZONAS;;;;Atropelamento;Luz do Dia;;;Cruz;Pare;Residencial;0;1;1;1;0;0;0;0;0;0;0;0;"-3,75139100000";"-38,56721700000";inter_match
359790;16;8;2020;09:20;15269;AV RUI BARBOSA;RUA TEN BENEVOLO;;;;ColisÃ£o Transversal;Luz do Dia;Bom;Seca;Cruz;SemÃ¡foro;Residencial;0;1;1;1;0;0;0;0;0;0;0;0;"-3,72868500000";"-38,50704800000";inter_match
359760;16;8;2020;22:51;0;RUA MIN ALBUQUERQUE LIMA;;;1886;;ColisÃ£o;;;;Meio de Quadra;;;0;2;0;0;0;0;0;0;0;1;0;0;;;
359753;16;8;2020;03:30;0;AV WASHINGTON SOARES;;;;;Choque c/ ObstÃ¡culo Fixo;;;;Meio de Quadra;;;0;0;1;1;0;0;0;0;0;0;0;0;;;
359755;16;8;2020;08:00;0;RD CE-040;;;;KM-06;ColisÃ£o;Luz do Dia;;;Meio de Quadra;;;0;1;1;1;0;0;0;0;0;1;0;0;"-3,80959680400";"-38,47873348000";rod_match
359992;16;8;2020;10:06;0;RUA POMPILIO GOMES;;;1777;;ColisÃ£o Traseira;Luz do Dia;Bom;Seca;Meio de Quadra;NÃ£o HÃ¡ Controle;Residencial;0;1;1;1;0;0;0;0;0;1;0;0;"-3,82734635000";"-38,52121640000";mq_qgis
359993;16;8;2020;19:02;21624;RUA CON DE CASTRO;RUA PIRAJUI;;0;;ColisÃ£o Lateral;Via Iluminada;Bom;Seca;T;Pare;Comercial;0;0;2;1;0;0;0;0;0;1;0;0;"-3,80233900000";"-38,58962300000";inter_match
359994;16;8;2020;21:21;0;AV BERNARDO MANUEL;;;8341;;ColisÃ£o Traseira;Via Iluminada;Bom;Seca;Meio de Quadra;NÃ£o HÃ¡ Controle;Residencial;0;1;1;1;0;0;0;0;0;0;0;0;"-3,82918000000";"-38,56035000000";mq_gpsv
360411;16;8;2020;12:45;0;RD CE-040;;;;KM-02;Choque c/ ObstÃ¡culo Fixo;Luz do Dia;;;Meio de Quadra;;;0;2;0;1;0;0;0;0;0;0;0;0;"-3,77361614800";"-38,48179940000";rod_match
360412;16;8;2020;04:40;0;RD CE-065;;;;KM-01;Capotamento;;;;Meio de Quadra;;;0;2;0;0;0;0;0;0;0;0;0;0;;;
360469;17;8;2020;08:02;0;RD BR 116;;;2000;KM-02;ColisÃ£o Lateral;Luz do Dia;;;Meio de Quadra;;;0;1;1;0;0;0;0;0;0;1;0;0;"-3,77139100000";"-38,51678000000";rod_match
359995;17;8;2020;09:28;23968;AV AREIA BRANCA;RUA OSMUNDO CAVALCANTE;;;;ColisÃ£o Transversal;Luz do Dia;Bom;Seca;T;NÃ£o HÃ¡ Controle;Residencial;0;1;1;1;0;0;0;0;0;1;0;0;"-3,72681000000";"-38,47701000000";inter_gpsv
359996;17;8;2020;11:20;10406;AV GENIBAU;RUA PERILIO TEIXEIRA;;;;ColisÃ£o Transversal;Luz do Dia;Bom;Seca;Cruz;Pare;Residencial;0;1;1;1;0;0;0;0;0;1;0;0;"-3,76037300000";"-38,60205000000";inter_match
359997;17;8;2020;14:16;0;RUA ARTUR DE CARVALHO;;;1366;;ColisÃ£o Lateral;Luz do Dia;Bom;Seca;Meio de Quadra;NÃ£o HÃ¡ Controle;Residencial;0;0;2;0;0;0;0;1;0;1;0;0;;;
359998;17;8;2020;16:50;0;AV JOSE BASTOS;;;4000;;ColisÃ£o Lateral;Luz do Dia;Bom;Seca;Meio de Quadra;SemÃ¡foro;Comercial;0;1;1;1;0;0;0;0;0;1;0;0;"-3,75329550000";"-38,55375650000";mq_match
359756;17;8;2020;10:00;10373;RUA PERILIO TEIXEIRA;RUA NOSSA SRA APARECIDA;;;;ColisÃ£o;Luz do Dia;;;Cruz;Pare;Escola;0;0;1;0;0;0;0;0;0;1;0;0;"-3,75804800000";"-38,60160600000";inter_match
359758;17;8;2020;16:00;0;AV PRO JOSE ARTHUR CARVALHO;;;;;ColisÃ£o;Luz do Dia;;;Meio de Quadra;;;0;0;1;0;0;0;0;0;0;0;0;0;;;
359759;17;8;2020;17:00;0;AV JOSE TAVARES;;;1278;;ColisÃ£o;Anoitecer;;;Meio de Quadra;;;0;0;1;0;1;0;0;0;0;0;0;0;;;
359763;17;8;2020;23:25;0;AV WASHINGTON SOARES;;;9393;;ColisÃ£o;;;;Meio de Quadra;;;0;1;1;1;0;0;0;0;0;1;0;0;"-3,83334502000";"-38,48255980000";mq_qgis
359797;17;8;2020;15:20;0;AV JOSE TAVARES;;;1278;;ColisÃ£o Lateral;Luz do Dia;Bom;Seca;Meio de Quadra;Pare;Residencial;0;0;3;1;0;0;0;0;0;1;0;0;;;
361565;17;8;2020;15:48;0;RUA PAULO FREIRE;;;1504;;Queda;Luz do Dia;;;Meio de Quadra;;;0;1;0;0;0;0;0;0;0;1;0;0;"-3,82874000000";"-38,46858000000";mq_gpsv
361017;17;8;2020;18:59;0;AV WASHINGTON LUIS;;;1185;;ColisÃ£o;;;;Meio de Quadra;;;0;1;1;0;0;0;0;0;0;1;0;0;"-3,71772000000";"-38,58870000000";mq_gpsv
361014;17;8;2020;18:24;0;RUA CEL MATOS DOURADO;;;877;;ColisÃ£o;Anoitecer;;;Meio de Quadra;;;0;1;0;0;0;0;0;0;0;0;0;0;"-3,74650200000";"-38,58482900000";mq_qgis
361015;17;8;2020;18:35;0;AV GODOFREDO MACIEL;;;2640;;ColisÃ£o;;;;Meio de Quadra;;;0;1;1;1;0;0;0;0;0;1;0;0;"-3,79861400000";"-38,57057000000";mq_match
360974;17;8;2020;12:19;0;AV A CJ CEARA;;;1200;;ColisÃ£o;Luz do Dia;;;Meio de Quadra;;;0;1;1;0;0;0;0;0;0;1;0;0;"-3,77184100000";"-38,60501750000";mq_qgis
360970;17;8;2020;11:52;0;RUA DAS OLIMPIADAS;;;505;;ColisÃ£o;Luz do Dia;;;Meio de Quadra;;;0;1;1;1;0;0;0;0;0;1;0;0;;;
360971;17;8;2020;12:07;0;RUA CON DE CASTRO;;;;;ColisÃ£o;Luz do Dia;;;Meio de Quadra;;;0;2;0;1;0;0;0;0;0;1;0;0;;;
360968;17;8;2020;09:16;0;RUA AZEVEDO BOLAO;;;349;;ColisÃ£o;Luz do Dia;;;Meio de Quadra;;;0;1;1;1;0;0;0;0;0;1;0;0;"-3,73458000000";"-38,54741000000";mq_gpsv
360976;17;8;2020;12:27;0;RUA CEL ALEXANDRINO;;;637;;Queda;Luz do Dia;;;Meio de Quadra;;;0;1;0;0;0;0;0;0;0;1;0;0;"-3,76525587500";"-38,55249538000";mq_match
360977;17;8;2020;12:33;0;RUA PRO HERIBALDO COSTA;;;681;;ColisÃ£o;Luz do Dia;;;Meio de Quadra;;;0;1;1;1;0;0;0;0;0;1;0;0;"-3,75872500000";"-38,58318100000";mq_match
360978;17;8;2020;13:45;0;AV PRO JOSE ARTHUR CARVALHO;;;1330;;Choque c/ ObstÃ¡culo Fixo;Luz do Dia;;;Meio de Quadra;;;0;1;1;1;0;0;0;0;0;1;0;0;"-3,82713709000";"-38,46757120000";mq_qgis
360979;17;8;2020;15:38;0;AV SGT HERMINIO SAMPAIO;;;2743;;ColisÃ£o;Luz do Dia;;;Meio de Quadra;;;0;1;1;1;0;0;0;0;0;1;0;0;"-3,72721240000";"-38,56531470000";mq_match
360980;17;8;2020;15:39;0;RUA BRAGANCA;;;765;;Atropelamento;Luz do Dia;;;Meio de Quadra;;;0;2;0;0;0;1;0;0;0;0;0;0;"-3,78007700000";"-38,59638500000";mq_match
360981;17;8;2020;15:53;0;AV PDE ANTONIO TOMAS;;;;;ColisÃ£o;Luz do Dia;;;Meio de Quadra;;;0;1;1;1;0;0;0;0;0;1;0;0;;;
360983;17;8;2020;15:59;0;AV SGT HERMINIO SAMPAIO;;;1694;;ColisÃ£o;Luz do Dia;;;Meio de Quadra;;;0;1;1;1;0;0;0;0;0;1;0;0;"-3,72550900000";"-38,55582000000";mq_qgis
360984;17;8;2020;16:56;15349;RUA REPUBLICA DO LIBANO;RUA VICENTE LEITE;;;;ColisÃ£o;Luz do Dia;;;Cruz;Pare;Residencial;0;1;1;1;0;0;0;0;0;1;0;0;"-3,73222400000";"-38,49384100000";inter_match
360985;17;8;2020;16:58;0;RUA PRIMEIRO DE JANEIRO;;;928;;ColisÃ£o;Luz do Dia;;;Meio de Quadra;;;0;1;1;1;0;0;0;0;0;1;0;0;"-3,78481000000";"-38,56713000000";mq_gpsv
360958;17;8;2020;07:58;0;RUA SAO LAZARO;;;224;;Queda;Luz do Dia;;;Meio de Quadra;;;0;1;0;0;0;0;0;0;0;1;0;0;"-3,80189494000";"-38,57721930000";mq_qgis
360953;17;8;2020;07:50;0;AV WASHINGTON SOARES;;;100;;ColisÃ£o;Luz do Dia;;;Meio de Quadra;;;0;1;0;0;0;0;0;0;0;0;0;0;"-3,75733100000";"-38,48995300000";mq_match
360950;17;8;2020;07:12;0;RUA JUVENCIO VASCONCELOS;;;220;;Queda;Luz do Dia;;;Meio de Quadra;;;0;1;0;0;0;1;0;0;0;0;0;0;"-3,72452957000";"-38,47979720000";mq_qgis
360947;17;8;2020;07:09;0;AV JOR THOMAZ COELHO;;;;;ColisÃ£o;Luz do Dia;;;Meio de Quadra;;;0;1;1;0;0;0;0;0;0;1;0;0;;;
360897;17;8;2020;01:02;0;AV ANTONIO SALES;;;2333;;ColisÃ£o;;;;Meio de Quadra;;;0;1;1;1;0;0;0;0;0;1;0;0;"-3,74525367000";"-38,50301130000";mq_qgis
360927;17;8;2020;06:46;0;RUA JOAO BATISTA RIOS;;;158;;ColisÃ£o;Luz do Dia;;;Meio de Quadra;;;0;1;1;1;0;0;0;0;0;1;0;0;"-3,80019000000";"-38,53658000000";mq_gpsv
361021;18;8;2020;07:19;0;AV PERIMETRAL;;;5183;;Queda;Luz do Dia;;;Meio de Quadra;;;0;2;0;0;0;0;0;0;0;1;0;0;;;
361029;18;8;2020;07:22;0;RUA JOSE ALVES CAMPOS;;;189;;Atropelamento;Luz do Dia;;;Meio de Quadra;;;0;1;0;1;0;0;0;0;0;0;0;0;"-3,75953431000";"-38,49143500000";mq_qgis
361145;18;8;2020;22:38;24258;RUA MANUEL JESUINO;RUA ANA BILHAR;;;;Atropelamento;;;;Cruz;Pare;Comercial;0;1;0;0;0;0;0;0;0;0;0;0;"-3,73142400000";"-38,48501400000";inter_match
361139;18;8;2020;21:04;0;RUA PRO GOMES BRASIL;;;;;Queda;;;;Meio de Quadra;;;0;1;0;0;0;1;0;0;0;0;0;0;;;
361141;18;8;2020;22:27;5060;AV IMPERADOR;RUA CASTRO E SILVA;;;;Atropelamento;;;;Cruz;SemÃ¡foro;Comercial;0;1;0;0;1;0;0;0;0;0;0;0;"-3,72201300000";"-38,53291600000";inter_match
361133;18;8;2020;19:53;0;AV ODILON GUIMARAES;;;3580;;ColisÃ£o;;;;Meio de Quadra;;;0;2;1;1;0;0;0;0;0;1;0;0;"-3,81595000000";"-38,46968000000";mq_gpsv
361134;18;8;2020;20:10;0;RUA JOAO GENTIL;;;2958;;ColisÃ£o;;;;Meio de Quadra;;;0;2;0;1;0;0;0;0;0;1;0;0;;;
361103;18;8;2020;16:57;0;RUA URUCUTUBA;;;2048;;ColisÃ£o;Luz do Dia;;;Meio de Quadra;;;0;2;0;0;0;0;0;0;0;1;0;0;"-3,79862850000";"-38,61521900000";mq_qgis
361117;18;8;2020;18:02;0;AV FRANCISCO SA;;;1771;;Queda;Anoitecer;;;Meio de Quadra;;;0;1;0;0;0;0;0;0;0;1;0;0;"-3,72257900000";"-38,54158000000";mq_qgis
361119;18;8;2020;18:31;0;RUA LUIS VIEIRA;;;;;Atropelamento;;;;Meio de Quadra;;;0;1;0;0;0;0;0;0;0;1;0;0;;;
361095;18;8;2020;16:01;0;RUA TRES IRMAOS;;;213;;ColisÃ£o;Luz do Dia;;;Meio de Quadra;;;0;1;1;1;0;0;0;0;0;1;0;0;;;
361096;18;8;2020;16:23;0;AV ABOLICAO;;;2933;;Atropelamento;Luz do Dia;;;Meio de Quadra;;;0;1;0;1;0;0;0;0;0;0;0;0;"-3,72697700000";"-38,49323600000";mq_match
361084;18;8;2020;14:21;0;AV CEL CARVALHO;;;3128;;ColisÃ£o;Luz do Dia;;;Meio de Quadra;;;0;1;1;1;0;0;0;0;0;1;0;0;"-3,73130494000";"-38,58461320000";mq_qgis
361079;18;8;2020;14:12;0;AV GODOFREDO MACIEL;;;;;ColisÃ£o;Luz do Dia;;;Meio de Quadra;;;0;1;1;1;0;0;0;0;0;1;0;0;;;
361074;18;8;2020;13:58;0;RUA BAR SOBRAL;;;583;;ColisÃ£o;Luz do Dia;;;Meio de Quadra;;;0;1;1;1;0;0;0;0;0;1;0;0;"-3,76705100000";"-38,55412100000";mq_qgis
361072;18;8;2020;12:15;3869;RUA JOAQUIM MAGALHAES;RUA MAL DEODORO;;;;ColisÃ£o;Luz do Dia;;;Cruz;Pare;Residencial;0;1;1;0;0;0;0;0;0;1;0;0;"-3,73788300000";"-38,53425800000";inter_match