COD_ACIDENTE;DIA;MES;ANO;HORA;INTERSECAO;LOG1;LOG2;LOG3;NUMERO;REFERENCIA;NATUREZA;ILUMINACAO;TEMPO;SUPERFICIEPISTA;TIPOCRUZAMENTO;CONTROLETRAFEGO;USOSOLO;MORTOS;FERIDOS;ILESOS;AUTOMOVEL;ONIBUS;BICICLETA;CAMINHAO;MICROONIBUS;CICLOMOTOR;MOTOCICLETA;TRACAOANIMAL;TREM;LATITUDE;LONGITUDE;METODO
361063;18;8;2020;08:07;0;AV GAL OSORIO DE PAIVA;;;5374;;ColisÃ£o;Luz do Dia;;;Meio de Quadra;;;0;1;1;1;0;1;0;0;0;0;0;0;"-3,80440075000";"-38,60175088000";mq_match
361064;18;8;2020;08:10;0;AV HILDEBRANDO DE MELO;;;412;;ColisÃ£o;Luz do Dia;;;Meio de Quadra;;;0;1;1;1;0;0;0;0;0;1;0;0;"-3,71261000000";"-38,58799000000";mq_gpsv
361065;18;8;2020;09:08;0;AV PERIMETRAL;;;3237;;ColisÃ£o;Luz do Dia;;;Meio de Quadra;;;0;1;1;0;0;0;0;0;0;1;0;0;;;
361066;18;8;2020;09:31;0;AV JOR THOMAZ COELHO;;;;;ColisÃ£o;Luz do Dia;;;Meio de Quadra;;;0;1;1;1;0;0;0;0;0;1;0;0;;;
361067;18;8;2020;09:54;0;RUA ALVES BATISTA;;;470;;Queda;Luz do Dia;;;Meio de Quadra;;;0;1;0;0;0;0;0;0;0;1;0;0;"-3,75969677000";"-38,60115820000";mq_qgis
361068;18;8;2020;10:53;0;RUA OLAVO DE ANDRADE;;;63;;ColisÃ£o;Luz do Dia;;;Meio de Quadra;;;0;1;1;1;0;0;0;0;0;1;0;0;"-3,71317215000";"-38,55659100000";mq_qgis
361069;18;8;2020;11:19;0;RUA CABO VERDE;;;601;;ColisÃ£o;Luz do Dia;;;Meio de Quadra;;;0;1;1;1;0;0;0;0;0;1;0;0;"-3,85079556000";"-38,52199580000";mq_qgis
361070;18;8;2020;11:25;0;RUA VENEZA;;;111;;ColisÃ£o;Luz do Dia;;;Meio de Quadra;;;0;1;1;1;0;0;0;0;0;1;0;0;"-3,83632512000";"-38,49317100000";mq_qgis
361032;18;8;2020;07:52;0;AV DIOGUINHO;;;3100;;ColisÃ£o;Luz do Dia;;;Meio de Quadra;;;0;1;1;1;0;0;0;0;0;1;0;0;"-3,74398000000";"-38,45206000000";mq_match
361566;18;8;2020;11:48;0;RUA ITAPUA;;;1241;;ColisÃ£o;Luz do Dia;;;Meio de Quadra;;;0;1;0;0;0;0;0;0;0;0;0;0;;;
359803;18;8;2020;18:10;14622;AV JOSE LEON;RUA HONORIO VIEIRA;;;;ColisÃ£o Frontal;Anoitecer;Bom;Seca;Cruz;Pare;Comercial;0;1;2;1;0;0;0;0;0;1;0;0;"-3,79144640000";"-38,48692000000";inter_match
359807;18;8;2020;15:30;0;RUA JULIO BRAGA;;;1744;;ColisÃ£o Transversal;Luz do Dia;Bom;Seca;Meio de Quadra;NÃ£o HÃ¡ Controle;Residencial;0;1;2;1;0;0;0;0;0;1;0;0;"-3,77369800000";"-38,58618700000";mq_match
359764;18;8;2020;08:30;0;AV CASTELO DE CASTRO;;;200;;ColisÃ£o;Luz do Dia;;;Meio de Quadra;;;0;0;1;0;0;0;0;0;0;0;0;0;"-3,83108350000";"-38,52149850000";mq_qgis
359766;18;8;2020;11:00;0;AV PRS COSTA E SILVA;;;3298;;ColisÃ£o;Luz do Dia;;;Meio de Quadra;;;0;0;1;0;0;0;0;0;0;0;0;0;"-3,82215000000";"-38,55512000000";mq_gpsv
359777;18;8;2020;08:20;0;AV GAL OSORIO DE PAIVA;;;5374;;ColisÃ£o;Luz do Dia;;;Meio de Quadra;;;0;0;1;0;0;0;0;0;0;0;0;0;"-3,80440075000";"-38,60175088000";mq_match
359999;18;8;2020;09:36;0;AV JOR THOMAZ COELHO;;;0;;ColisÃ£o Lateral;Luz do Dia;Bom;Seca;Outros;NÃ£o HÃ¡ Controle;Comercial;0;1;1;1;0;0;0;0;0;1;0;0;"-3,82839470000";"-38,51387800000";mq_match
360000;18;8;2020;16:58;15214;AV ABOLICAO;RUA LEONARDO MOTA;;;;Atropelamento;Luz do Dia;Bom;Seca;T;Pare;Comercial;0;1;1;1;0;0;0;0;0;0;0;0;"-3,72697700000";"-38,49323600000";inter_match
360001;18;8;2020;16:53;0;RUA PERNAMBUCO;RUA BELO HORIZONTE;;;;ColisÃ£o Lateral;Luz do Dia;Bom;Seca;;;;0;1;1;1;0;0;0;0;0;1;0;0;"-3,76159000000";"-38,56607000000";inter_gpsv
360002;18;8;2020;15:55;0;AV BERNARDO MANUEL;;;11135;;NÃ£o Informado;Luz do Dia;Bom;Seca;Meio de Quadra;NÃ£o HÃ¡ Controle;Comercial;0;0;2;1;0;0;0;0;0;1;0;0;"-3,82999000000";"-38,56060000000";mq_gpsv
360003;18;8;2020;19:26;0;RUA ARTUR DE CARVALHO;;;1583;;ColisÃ£o Traseira;Via Iluminada;Bom;Seca;Meio de Quadra;SemÃ¡foro;Residencial;0;1;1;0;0;0;0;0;0;1;0;0;"-3,82635330000";"-38,46531000000";mq_match
360004;18;8;2020;18:16;0;RUA OITICICAS;;;100;;ColisÃ£o Transversal;Anoitecer;Bom;Seca;Meio de Quadra;NÃ£o HÃ¡ Controle;Residencial;0;1;1;1;0;0;0;0;0;1;0;0;"-3,80317300000";"-38,53502300000";mq_qgis
360005;18;8;2020;19:29;0;RUA URUCUTUBA;;;2090;;NÃ£o Informado;Via Iluminada;Bom;Seca;Meio de Quadra;NÃ£o HÃ¡ Controle;Residencial;0;1;1;0;0;0;0;0;0;1;0;0;"-3,79862850000";"-38,61521900000";mq_qgis
360006;18;8;2020;17:00;0;AV BEZERRA DE MENEZES;;;2450;NORTH SHOPPING;ColisÃ£o Frontal;Anoitecer;Bom;Seca;Meio de Quadra;SemÃ¡foro;Comercial;1;0;1;0;0;1;0;0;0;0;0;0;"-3,73604600000";"-38,56624600000";mq_match
360007;19;8;2020;07:20;0;AV BERNARDO MANUEL;;;10531;;ColisÃ£o Lateral;Luz do Dia;Bom;Seca;Meio de Quadra;NÃ£o HÃ¡ Controle;Comercial;0;1;1;1;0;0;0;0;0;1;0;0;"-3,82982000000";"-38,56055000000";mq_gpsv
360008;19;8;2020;12:19;15658;RUA TEN JOSE NEWTON;RUA EUDES CARDOSO;;;;ColisÃ£o Transversal;Luz do Dia;Bom;Seca;Cruz;Pare;Residencial;0;1;1;0;0;0;0;0;0;1;0;0;"-3,82556500000";"-38,49175900000";inter_match
360009;19;8;2020;15:49;0;AV PRO JOSE ARTHUR CARVALHO;RUA JOSE G MOREIRA;;0;POSTO MARAL;ColisÃ£o Transversal;Luz do Dia;Bom;Seca;T;Pare;Comercial;0;1;1;0;0;0;0;1;0;1;0;0;"-3,82669000000";"-38,46626000000";inter_gpsv
360010;19;8;2020;16:38;9250;AV FELINO BARROSO;RUA PDE MATOS SERRA;;;;ColisÃ£o Frontal;Luz do Dia;Bom;Seca;Cruz;Pare;Residencial;0;1;1;0;0;0;0;0;0;1;0;0;"-3,74448010000";"-38,52850700000";inter_match
359778;19;8;2020;19:35;0;RUA NAPOLEAO QUEZADO;;;;;Atropelamento;;;;Meio de Quadra;;;0;1;1;0;1;0;0;0;0;0;0;0;;;
359812;19;8;2020;06:35;20118;AV DEP PAULINO ROCHA;RUA AMANCIO PEREIRA;;;;ColisÃ£o Traseira;Luz do Dia;Bom;Seca;T;Pare;Comercial;0;2;1;1;0;0;0;0;0;1;0;0;"-3,80962400000";"-38,52143100000";inter_match
359781;19;8;2020;12:00;9250;AV FELINO BARROSO;RUA PDE MATOS SERRA;;;;ColisÃ£o;Luz do Dia;;;Outros;Pare;Residencial;0;0;1;0;0;0;0;0;0;0;0;0;"-3,74448010000";"-38,52850700000";inter_match
359817;19;8;2020;22:30;68;RUA PEDRO MELO;RUA PRO JOAQUIM NOGUEIRA D29;;;;ColisÃ£o Frontal;Via Iluminada;Bom;Seca;Cruz;Pare;Misto;0;1;1;1;0;0;0;0;0;1;0;0;"-3,74385700000";"-38,58988100000";inter_match
360519;19;8;2020;19:58;0;AV CESAR CALS;;;;;Queda;;;;Meio de Quadra;;;0;1;0;0;0;0;0;0;0;1;0;0;;;
363858;19;8;2020;20:00;0;RUA ALECRIN;;;;;Atropelamento;;;;Meio de Quadra;;;1;0;1;0;0;0;0;0;0;1;0;0;"-3,76608800000";"-38,50935500000";fat_match
363863;19;8;2020;19:00;0;TERM TERMINAL DA PARANGABA;;;;;Atropelamento;;;;Meio de Quadra;;;1;0;1;0;1;0;0;0;0;0;0;0;"-3,77607900000";"-38,56291200000";fat_match
360416;19;8;2020;08:15;0;RD CE-060;;;;KM-02;ColisÃ£o;Luz do Dia;;;Meio de Quadra;;;0;0;2;1;0;0;0;0;0;0;0;0;"-3,83406400000";"-38,58211100000";rod_match
360417;19;8;2020;13:40;0;RD CE-040;;;;KM-11;Choque c/ ObstÃ¡culo Fixo;Luz do Dia;;;Meio de Quadra;;;0;2;0;0;0;0;0;0;0;1;0;0;"-3,84962623000";"-38,47606989000";rod_match
360418;19;8;2020;23:20;0;RD CE-025;;;;KM-03;Outros;;;;Meio de Quadra;;;0;1;0;0;0;0;0;0;0;1;0;0;"-3,80588917900";"-38,45224656000";rod_match
361146;19;8;2020;06:19;0;RUA ANDRADE FURTADO;;;;;Queda;Luz do Dia;;;Meio de Quadra;;;0;1;0;0;0;1;0;0;0;0;0;0;;;
361150;19;8;2020;06:38;0;AV ABOLICAO;;;;;ColisÃ£o;Luz do Dia;;;Meio de Quadra;;;0;1;1;1;0;0;0;0;0;1;0;0;;;
361170;19;8;2020;06:42;0;AV CARNEIRO DE MENDONCA;;;293;;ColisÃ£o;Luz do Dia;;;Meio de Quadra;;;0;2;0;0;0;0;0;0;0;1;0;0;"-3,76617641000";"-38,56232846000";mq_match
361206;19;8;2020;19:23;0;AV DR THEBERGE;;;1468;;Queda;;;;Meio de Quadra;;;0;1;0;0;0;0;0;0;0;1;0;0;"-3,71475575000";"-38,56499430000";mq_qgis
361207;19;8;2020;19:48;0;TR CAP ARAGAO;;;;;Atropelamento;;;;Meio de Quadra;;;0;1;0;0;0;0;0;0;0;1;0;0;;;
361208;19;8;2020;21:07;0;RUA CON DE CASTRO;;;2316;;ColisÃ£o;;;;Meio de Quadra;;;0;2;0;0;0;0;0;0;0;1;0;0;"-3,78998350000";"-38,57803600000";mq_qgis
361209;19;8;2020;21:10;0;RUA NAPOLEAO QUEZADO;;;;;Atropelamento;;;;Meio de Quadra;;;0;1;0;0;1;0;0;0;0;0;0;0;;;
361199;19;8;2020;15:31;0;AV FELINO BARROSO;;;186;;ColisÃ£o;Luz do Dia;;;Meio de Quadra;;;0;1;1;1;0;0;0;0;0;1;0;0;"-3,74502242000";"-38,52843500000";mq_qgis
361200;19;8;2020;18:52;15334;RUA VICENTE LEITE;RUA CANUTO DE AGUIAR;;;;ColisÃ£o;;;;Cruz;Pare;Residencial;0;1;1;1;0;0;0;0;0;1;0;0;"-3,73124700000";"-38,49352900000";inter_match
361201;19;8;2020;18:54;0;AV NORTE SUL;;;144;PÃ‡A. DO TUPAMIRIM;ColisÃ£o;;;;Meio de Quadra;;;0;1;1;0;0;0;0;0;0;1;0;0;"-3,79793200000";"-38,54718400000";mq_qgis
361202;19;8;2020;19:08;0;AV FRANCISCO SA;;;7700;;ColisÃ£o;;;;Meio de Quadra;;;0;3;0;0;0;0;0;0;0;1;0;0;"-3,70595400000";"-38,58674650000";mq_match
361186;19;8;2020;07:31;0;RUA BERNARDO MANUEL;;;10531;;ColisÃ£o;Luz do Dia;;;Meio de Quadra;;;0;1;1;1;0;0;0;0;0;1;0;0;"-3,81156000000";"-38,55530400000";mq_match
361189;19;8;2020;13:02;0;AV PRS CASTELO BRANCO;;;901;;ColisÃ£o;Luz do Dia;;;Meio de Quadra;;;0;1;1;1;0;0;0;0;0;1;0;0;"-3,71976091900";"-38,53134654000";mq_match
361190;19;8;2020;13:04;0;AV WASHINGTON SOARES;;;10555;;ColisÃ£o;Luz do Dia;;;Meio de Quadra;;;0;1;0;0;0;0;0;0;0;0;0;0;"-3,84220558000";"-38,48078809000";mq_match
361191;19;8;2020;13:22;0;AV JOSE BASTOS;;;;;Atropelamento;Luz do Dia;;;Meio de Quadra;;;0;1;0;0;0;0;0;0;0;1;0;0;;;
361193;19;8;2020;14:22;0;AV SANTOS DUMONT;;;1687;;ColisÃ£o;Luz do Dia;;;Meio de Quadra;;;0;1;1;1;0;1;0;0;0;0;0;0;"-3,73279120000";"-38,50901400000";mq_match
361567;20;8;2020;11:55;0;RUA ITAPUA;;;1270;;Atropelamento;Luz do Dia;;;Meio de Quadra;;;0;1;0;0;0;0;0;0;0;0;0;0;;;
361250;20;8;2020;09:03;0;AV PDE ANTONIO TOMAS;;;121;;ColisÃ£o;Luz do Dia;;;Meio de Quadra;;;0;1;1;1;0;0;0;0;0;1;0;0;"-3,73924700000";"-38,50249000000";mq_match
361251;20;8;2020;10:07;0;AV SEN FERNANDES TAVORA;;;2433;;Atropelamento;Luz do Dia;;;Meio de Quadra;;;0;1;0;1;0;0;0;0;0;0;0;0;"-3,75595300000";"-38,59388900000";mq_match
361253;20;8;2020;10:40;0;AV DR SILAS MUNGUBA;;;4997;;ColisÃ£o;Luz do Dia;;;Meio de Quadra;;;0;2;0;1;0;0;0;0;0;1;0;0;"-3,79699200000";"-38,53167800000";mq_match
361272;20;8;2020;14:05;0;RUA MES JERONIMO D48;;;700;;ColisÃ£o;Luz do Dia;;;Meio de Quadra;;;0;1;1;1;0;0;0;0;0;1;0;0;"-3,73026500000";"-38,48208400000";mq_gpsv
361269;20;8;2020;11:04;0;RUA ANTONIO CANDEIA;;;847;;ColisÃ£o;Luz do Dia;;;Meio de Quadra;;;0;1;1;1;0;0;0;0;0;1;0;0;;;
361279;20;8;2020;15:50;0;AV DUQ CAXIAS;;;839;;Atropelamento;Luz do Dia;;;Meio de Quadra;;;0;1;0;1;0;0;0;0;0;0;0;0;"-3,73113079000";"-38,53192110000";mq_qgis
361280;20;8;2020;16:12;0;RUA PROF. MANOEL LOURENCO;;;;;ColisÃ£o;Luz do Dia;;;Meio de Quadra;;;0;1;1;1;0;0;0;0;0;1;0;0;;;
361274;20;8;2020;14:06;0;AV SGT HERMINIO SAMPAIO;;;;;ColisÃ£o;Luz do Dia;;;Meio de Quadra;;;0;1;1;1;0;0;0;0;0;1;0;0;;;
361275;20;8;2020;14:37;0;AV CEL CARVALHO;;;2227;;ColisÃ£o;Luz do Dia;;;Meio de Quadra;;;0;1;1;1;0;0;0;0;0;1;0;0;"-3,72220700000";"-38,58667300000";mq_qgis
361276;20;8;2020;15:20;0;RUA ABELARDO MARINHO;;;;;ColisÃ£o;Luz do Dia;;;Meio de Quadra;;;0;1;1;1;0;0;0;0;0;1;0;0;;;
361285;20;8;2020;16:29;0;AV CARAPINIMA;;;1621;;ColisÃ£o;Luz do Dia;;;Meio de Quadra;;;0;1;1;1;0;0;0;0;0;1;0;0;"-3,73586796000";"-38,53602190000";mq_qgis
361291;20;8;2020;17:47;5965;AV C CJ CEARA;AV F CJ CEARA;;;;ColisÃ£o;Anoitecer;;;RotatÃ³ria;DÃª PreferÃªncia;Residencial;0;1;1;0;0;0;0;0;0;1;0;0;"-3,76321000000";"-38,60821000000";inter_gpsv
361293;20;8;2020;18:22;0;AV BENJAMIM BRASIL;;;2100;;Queda;Anoitecer;;;Meio de Quadra;;;0;1;0;0;0;1;0;0;0;0;0;0;"-3,80817365500";"-38,55826557200";mq_match
361322;20;8;2020;20:25;0;RUA ELDORADO;;;3000;;ColisÃ£o;;;;Meio de Quadra;;;0;1;1;1;0;0;0;0;0;1;0;0;;;
361323;20;8;2020;20:29;0;RUA PAPI JUNIOR;;;2418;;ColisÃ£o;;;;Meio de Quadra;;;0;1;0;0;0;0;0;0;0;0;0;0;"-3,75548500000";"-38,56062600000";mq_match
361324;20;8;2020;20:39;0;AV H CJ CEARA;;;;;ColisÃ£o;;;;Meio de Quadra;;;0;1;0;0;0;0;0;0;0;0;0;0;;;
361304;20;8;2020;18:25;0;RUA RUBENS MONTE D43;;;120;;ColisÃ£o;Anoitecer;;;Meio de Quadra;;;0;1;1;1;0;0;0;0;0;1;0;0;"-3,79967100000";"-38,56978800000";mq_gpsv
361305;20;8;2020;18:38;0;AV WASHINGTON SOARES;;;8223;;Atropelamento;;;;Meio de Quadra;;;0;1;0;0;0;0;0;0;0;1;0;0;"-3,82367400000";"-38,48134000000";mq_match
361306;20;8;2020;19:14;0;RUA NEREU RAMOS;;;430;;ColisÃ£o;;;;Meio de Quadra;;;0;1;1;1;0;1;0;0;0;0;0;0;"-3,78580834000";"-38,57074530000";mq_qgis
361307;20;8;2020;20:02;0;RUA MINERVINO DE CASTRO;;;1603;;Atropelamento;;;;Meio de Quadra;;;0;1;0;0;1;0;0;0;0;0;0;0;"-3,74281000000";"-38,54450000000";mq_gpsv
361308;20;8;2020;20:19;0;RUA ELISEU UCHOA BECCO;;;3938;;Outros;;;;Meio de Quadra;;;0;1;0;0;0;0;0;0;0;1;0;0;;;
360471;20;8;2020;15:00;0;RD BR 116;;;14000;KM-14;Tombamento;Luz do Dia;;;Meio de Quadra;;;0;1;0;0;0;0;0;0;0;1;0;0;"-3,87352300000";"-38,49924200000";rod_match
359786;20;8;2020;03:10;0;RUA PEDRO MELO;;;;;ColisÃ£o;;;;Meio de Quadra;;;0;0;2;1;0;0;0;0;0;1;0;0;;;
360011;20;8;2020;07:43;19313;RUA GERMANO FRANCK;RUA CON LIMA SUCUPIRA;;;;ColisÃ£o Frontal;Luz do Dia;Bom;Seca;T;SemÃ¡foro;Comercial;0;0;2;0;0;0;0;0;0;0;0;0;"-3,77519600000";"-38,55958400000";inter_match
360012;20;8;2020;07:20;0;AV GOV RAUL BARBOSA;;;;;ColisÃ£o Lateral;Luz do Dia;Bom;Seca;Outros;NÃ£o HÃ¡ Controle;Comercial;0;1;1;1;0;0;0;0;0;1;0;0;;;
360013;20;8;2020;08:19;0;AV DEP PAULINO ROCHA;;;2177;;ColisÃ£o;Luz do Dia;Bom;Seca;Meio de Quadra;SemÃ¡foro;Comercial;0;1;1;1;0;0;0;0;0;1;0;0;"-3,81079100000";"-38,51676100000";mq_match
360014;20;8;2020;19:46;19596;RUA NEREU RAMOS;RUA TCHECOSLOVAQUIA;;;;ColisÃ£o Transversal;Via Iluminada;Bom;Seca;Cruz;Pare;Residencial;0;1;1;1;0;1;0;0;0;0;0;0;"-3,78591300000";"-38,57045800000";inter_match
360015;21;8;2020;00:52;6745;RUA BENTO ALBUQUERQUE;RUA PRO OTAVIO LOBO;;;;NÃ£o Informado;Via Iluminada;Bom;Seca;Cruz;SemÃ¡foro;Residencial;0;0;2;1;0;0;0;0;0;0;0;0;"-3,74503500000";"-38,47919600000";inter_match
360016;21;8;2020;07:28;0;RUA CEL MATOS DOURADO;;;0;;ColisÃ£o Traseira;Luz do Dia;Bom;Molhada;Outros;NÃ£o HÃ¡ Controle;Residencial;0;0;2;1;0;0;0;0;0;0;0;0;"-3,73951500000";"-38,58460200000";mq_match
360017;21;8;2020;14:01;0;AV BORGES DE MELO;;;0;;ColisÃ£o Traseira;Luz do Dia;Bom;Seca;Meio de Quadra;SemÃ¡foro;Comercial;0;1;1;0;0;0;0;0;0;1;0;0;"-3,75606500000";"-38,53470600000";mq_match
360018;21;8;2020;15:13;25231;AV PRS COSTA E SILVA;AV I CJ JOSE WALTER;;;;ColisÃ£o Lateral;Luz do Dia;Bom;Seca;T;SemÃ¡foro;Residencial;0;1;1;1;0;0;0;0;0;1;0;0;"-3,82349400000";"-38,55023200000";inter_match
360019;21;8;2020;11:12;0;RUA MANUEL JESUINO;;;57;;NÃ£o Informado;Luz do Dia;Bom;Seca;Meio de Quadra;SemÃ¡foro;Residencial;0;0;1;0;0;0;0;0;0;0;0;0;"-3,72605421000";"-38,48464850000";mq_qgis
360020;21;8;2020;20:01;0;RUA WALDIR DIOGO;;;0;;ColisÃ£o Traseira;Via Iluminada;Bom;Seca;Y;NÃ£o HÃ¡ Controle;Residencial;0;0;2;1;0;0;0;0;0;1;0;0;;;
360021;21;8;2020;18:00;1370;RUA CEL JUCA;RUA MARCOS MACEDO;;0;;ColisÃ£o Lateral;Via Iluminada;Bom;Seca;Cruz;Pare;Residencial;0;0;2;1;0;0;0;0;0;0;0;0;"-3,73645600000";"-38,49090100000";inter_match
360031;21;8;2020;09:59;6720;AV ENG SANTANA JUNIOR;RUA CAROLINA SUCUPIRA;;;;NÃ£o Informado;Luz do Dia;Bom;Seca;Y;NÃ£o HÃ¡ Controle;Comercial;0;1;1;1;0;0;0;0;0;1;0;0;"-3,74477000000";"-38,48886300000";inter_match
359787;21;8;2020;08:30;0;RUA CEL MATOS DOURADO;;;;;ColisÃ£o;Luz do Dia;;;Meio de Quadra;;;0;0;2;1;0;0;0;0;0;0;0;0;;;
359788;21;8;2020;03:00;13556;AV SORIANO ALBUQUERQUE;AV RUI BARBOSA;;;;ColisÃ£o;Via Iluminada;Bom;Seca;Cruz;SemÃ¡foro;Residencial;0;3;0;1;0;0;0;0;0;0;0;0;"-3,74946000000";"-38,51376700000";inter_match
359789;21;8;2020;01:03;6745;RUA PRO OTAVIO LOBO;RUA BENTO ALBUQUERQUE;;;;ColisÃ£o;;;;Cruz;SemÃ¡foro;Residencial;0;0;2;1;0;0;0;0;0;0;0;0;"-3,74503500000";"-38,47919600000";inter_match
360472;21;8;2020;07:35;0;RD BR 020;;;;KM 429;ColisÃ£o;Luz do Dia;;;Meio de Quadra;;;0;1;1;0;0;0;1;0;0;1;0;0;"-3,86900000000";"-38,50700000000";rod_match
360473;21;8;2020;07:40;0;RD BR 222;;;;KM-03;Queda;Luz do Dia;;;Meio de Quadra;;;0;1;0;0;0;0;0;0;0;1;0;0;"-3,74030084800";"-38,59594097000";rod_match
360478;21;8;2020;13:20;0;RD BR 116;;;11000;KM-11;ColisÃ£o Transversal;Luz do Dia;;;Meio de Quadra;;;0;1;1;1;0;0;0;0;0;1;0;0;"-3,84716000000";"-38,49717600000";rod_match
360419;21;8;2020;08:00;0;RD CE-060;;;;KM-03;Engavetamento;Luz do Dia;;;Meio de Quadra;;;0;0;3;1;0;0;0;0;0;0;0;0;"-3,84303800000";"-38,58513300000";rod_match
361328;21;8;2020;05:44;12699;AV MAJ ASSIS;AV CEL CARVALHO;;;;ColisÃ£o;Amanhecer;;;Cruz;SemÃ¡foro;Comercial;0;1;1;1;0;0;0;0;0;1;0;0;"-3,72379600000";"-38,58625500000";inter_match
361326;21;8;2020;01:44;0;RUA DELTA;;;834;;ColisÃ£o;;;;Meio de Quadra;;;0;1;1;1;0;0;0;0;0;1;0;0;"-3,79611000000";"-38,57728000000";mq_gpsv
361338;21;8;2020;09:43;12574;RUA CARLOS GONDIM;RUA PDE TEODORO (QUNTINO CUNHA);;;;ColisÃ£o;Luz do Dia;;;Cruz;NÃ£o HÃ¡ Controle;Residencial;0;1;1;1;0;0;0;0;0;1;0;0;"-3,72113100000";"-38,58992000000";inter_match
361339;21;8;2020;09:53;0;RUA DOM QUINTINO;;;;;Queda;Luz do Dia;;;Meio de Quadra;;;0;1;0;0;0;0;0;0;0;1;0;0;;;
361340;21;8;2020;11:53;0;RUA IPIRANGA D29;;;2156;;ColisÃ£o;Luz do Dia;;;Meio de Quadra;;;0;1;1;1;0;0;0;0;0;1;0;0;;;
361341;21;8;2020;11:57;0;RUA DEMETRIO MENEZES;;;3616;;ColisÃ£o;Luz do Dia;;;Meio de Quadra;;;0;1;1;0;0;0;0;0;0;1;0;0;"-3,73509795000";"-38,58417140000";mq_qgis
361342;21;8;2020;13:07;0;AV GOV PARSIFAL BARROSO;;;;;ColisÃ£o;Luz do Dia;;;Meio de Quadra;;;0;1;0;0;0;0;0;0;0;0;0;0;;;
361343;21;8;2020;13:23;0;AV VICENTE DE CASTRO;;;5151;;Queda;Luz do Dia;;;Meio de Quadra;;;0;1;0;0;0;0;0;0;0;1;0;0;"-3,71763200000";"-38,47520400000";mq_match
361397;21;8;2020;14:51;26073;AV FRANCISCO SA;AV JOSE JATAHY;;;;ColisÃ£o;Luz do Dia;;;Cruz;SemÃ¡foro;Comercial;0;1;0;0;0;0;0;0;0;0;0;0;"-3,72087600000";"-38,54678730000";inter_match
361398;21;8;2020;15:25;0;AV GAL OSORIO DE PAIVA;;;7828;;ColisÃ£o;Luz do Dia;;;Meio de Quadra;;;0;1;0;1;0;0;0;0;0;1;0;0;"-3,82056613500";"-38,61742349000";mq_match
361399;21;8;2020;15:31;0;AV ENG SANTANA JUNIOR;;;1915;;ColisÃ£o;Luz do Dia;;;Meio de Quadra;;;0;1;1;1;0;0;0;0;0;1;0;0;"-3,74239988000";"-38,48634490000";mq_qgis
361425;21;8;2020;19:03;0;RUA CON DE CASTRO;;;4500;;Queda;;;;Meio de Quadra;;;0;1;0;0;0;0;0;0;0;1;0;0;"-3,80484984700";"-38,59178315300";mq_match
361422;21;8;2020;18:39;0;RUA MON HIPOLITO BRASIL;;;109;;ColisÃ£o;;;;Meio de Quadra;;;0;1;1;1;0;0;0;0;0;1;0;0;"-3,76077500000";"-38,57531400000";mq_match
361414;21;8;2020;18:24;0;RUA TULIPA;;;555;;Atropelamento;Anoitecer;;;Meio de Quadra;;;0;1;0;0;0;0;0;0;0;1;0;0;"-3,71520189000";"-38,57981580000";mq_qgis
361419;21;8;2020;18:29;0;AV GENIBAU;;;141;;Atropelamento;Anoitecer;;;Meio de Quadra;;;0;1;0;1;0;0;0;0;0;0;0;0;"-3,76154955000";"-38,59634170000";mq_qgis
361412;21;8;2020;16:52;3829;RUA MAL DEODORO;RUA PAULINO NOGUEIRA;;;;ColisÃ£o;Luz do Dia;;;Cruz;Pare;Comercial;0;1;1;0;0;0;1;0;0;1;0;0;"-3,74444650000";"-38,53724700000";inter_match
361345;21;8;2020;13:43;0;AV BORGES DE MELO;;;;;ColisÃ£o;Luz do Dia;;;Meio de Quadra;;;0;1;1;1;0;0;0;0;0;1;0;0;;;
361335;21;8;2020;09:28;0;AV JOAO PESSOA;;;6288;;ColisÃ£o;Luz do Dia;;;Meio de Quadra;;;0;1;1;0;0;0;0;0;0;1;0;0;"-3,76530800000";"-38,55901400000";mq_qgis
361330;21;8;2020;06:41;0;AV JOAO PESSOA;;;4555;;Queda;Luz do Dia;;;Meio de Quadra;;;0;1;0;0;0;0;0;0;0;1;0;0;"-3,75243231700";"-38,54947563400";mq_match
361331;21;8;2020;08:30;0;RUA CAROLINA SUCUPIRA;;;2654;;ColisÃ£o;Luz do Dia;;;Meio de Quadra;;;0;1;1;1;0;0;0;0;0;1;0;0;;;
361332;21;8;2020;08:56;0;RUA CAMPO MAIOR;;;1653;;Queda;Luz do Dia;;;Meio de Quadra;;;0;1;0;0;0;1;0;0;0;0;0;0;;;
361333;21;8;2020;09:13;0;AV PRS JUSCELINO KUBITSCHEK (PASSARÃ‰);;;3999;;ColisÃ£o;Luz do Dia;;;Meio de Quadra;;;0;1;1;1;0;0;0;0;0;1;0;0;"-3,81671000000";"-38,53180000000";mq_gpsv
361408;21;8;2020;16:28;0;AL CRISANTEMOS;;;141;;Atropelamento;Luz do Dia;;;Meio de Quadra;;;0;2;0;0;0;1;0;0;0;0;0;0;"-3,75095215000";"-38,47441470000";mq_qgis
361428;21;8;2020;20:11;0;RUA PDE ASCENCO GAGO;;;716;;ColisÃ£o;;;;Meio de Quadra;;;0;1;1;1;0;1;0;0;0;0;0;0;"-3,78138388000";"-38,54349980000";mq_qgis