COD_ACIDENTE;DIA;MES;ANO;HORA;INTERSECAO;LOG1;LOG2;LOG3;NUMERO;REFERENCIA;NATUREZA;ILUMINACAO;TEMPO;SUPERFICIEPISTA;TIPOCRUZAMENTO;CONTROLETRAFEGO;USOSOLO;MORTOS;FERIDOS;ILESOS;AUTOMOVEL;ONIBUS;BICICLETA;CAMINHAO;MICROONIBUS;CICLOMOTOR;MOTOCICLETA;TRACAOANIMAL;TREM;LATITUDE;LONGITUDE;METODO
361871;4;9;2020;18:37;0;AV DIOGUINHO;;;1301;;ColisÃ£o;;;;Meio de Quadra;;;0;1;1;1;0;1;0;0;0;0;0;0;"-3,71953000000";"-38,46511000000";mq_match
361854;4;9;2020;18:02;0;RUA BERNARDO MANUEL;;;8600;;ColisÃ£o;Anoitecer;;;Meio de Quadra;;;0;1;1;1;0;0;0;0;0;1;0;0;"-3,79527400000";"-38,55037000000";mq_match
361874;4;9;2020;19:03;0;RUA JORGE DUMAR;;;1714;;Choque c/ ObstÃ¡culo Fixo;;;;Meio de Quadra;;;0;1;1;1;0;0;0;0;0;1;0;0;"-3,75124035000";"-38,53903770000";mq_qgis
361875;4;9;2020;20:08;0;RUA PIN ANTONIO BANDEIRA;;;1234;;Queda;;;;Meio de Quadra;;;0;1;0;0;0;0;0;0;0;1;0;0;"-3,73466000000";"-38,45899000000";mq_gpsv
361876;4;9;2020;21:30;0;RUA OSVALDO CRUZ;;;620;;ColisÃ£o;;;;Meio de Quadra;;;0;1;1;1;0;0;0;0;0;1;0;0;"-3,73130000000";"-38,49893000000";mq_gpsv
361845;4;9;2020;15:21;0;AV ENG HUMBERTO MONTE;;;1692;;ColisÃ£o;Luz do Dia;;;Meio de Quadra;;;0;1;0;0;0;0;0;0;0;0;0;0;"-3,74596800000";"-38,56312300000";mq_match
361846;4;9;2020;15:34;13534;AV SORIANO ALBUQUERQUE;RUA JOAO CORDEIRO;;;;ColisÃ£o;Luz do Dia;;;Cruz;Pare;Residencial;0;1;1;1;0;0;0;0;0;1;0;0;"-3,74787100000";"-38,51945800000";inter_match
361847;4;9;2020;16:39;13592;AV PONTES VIEIRA;RUA PRO CARVALHO;;;;ColisÃ£o;Luz do Dia;;;Cruz;SemÃ¡foro;Comercial;0;1;0;0;0;0;0;0;0;0;0;0;"-3,75289000000";"-38,51494900000";inter_match
361848;4;9;2020;17:01;0;RUA BERNARDO MANUEL;;;1632;;ColisÃ£o;Anoitecer;;;Meio de Quadra;;;0;1;0;0;0;0;0;0;0;0;0;0;;;
361849;4;9;2020;17:20;0;RUA FRANCISCO MACHADO;;;212;;ColisÃ£o;Anoitecer;;;Meio de Quadra;;;0;1;0;0;0;0;0;0;0;0;0;0;"-3,80678000000";"-38,60645000000";mq_gpsv
361850;4;9;2020;16:00;0;AV VIS RIO BRANCO;;;4000;;Atropelamento;Luz do Dia;;;Meio de Quadra;;;1;0;1;1;0;0;0;0;0;0;0;0;"-3,75564300000";"-38,52007500000";mq_match
361837;4;9;2020;11:44;0;AV SEN CARLOS JEREISSATI (AEROPORTO);;;;AEROPORTO;ColisÃ£o;Luz do Dia;;;Meio de Quadra;;;0;1;1;1;0;0;0;0;0;1;0;0;"-3,78100300000";"-38,53956500000";ref_gpsv
361838;4;9;2020;12:26;5250;RUA AGAPITO DOS SANTOS;RUA PEDRO I;;;;ColisÃ£o;Luz do Dia;;;Cruz;Pare;Residencial;0;1;0;0;0;0;0;0;0;0;0;0;"-3,72778900000";"-38,53933700000";inter_match
361839;4;9;2020;13:33;0;RUA JOSE TORRES;;;1194;;ColisÃ£o;Luz do Dia;;;Meio de Quadra;;;0;1;1;1;0;0;0;0;0;1;0;0;"-3,78150233000";"-38,60769520000";mq_qgis
361840;4;9;2020;13:55;0;RUA CEL TIBURCIO;;;;;Queda;Luz do Dia;;;Meio de Quadra;;;0;1;0;0;0;0;0;0;0;1;0;0;;;
361841;4;9;2020;13:56;0;AV GAL OSORIO DE PAIVA;;;;;Queda;Luz do Dia;;;Meio de Quadra;;;0;1;0;0;0;0;0;0;0;1;0;0;;;
361842;4;9;2020;14:16;0;AV PDE ANTONIO TOMAS;;;3433;;ColisÃ£o;Luz do Dia;;;Meio de Quadra;;;0;1;1;1;0;0;0;0;0;1;0;0;"-3,74613300000";"-38,48122100000";mq_match
361843;4;9;2020;14:51;0;AV BENJAMIM BRASIL;;;1685;;ColisÃ£o;Luz do Dia;;;;;;0;1;1;1;0;0;0;0;0;1;0;0;"-3,80707893300";"-38,56081148000";mq_match
362188;4;9;2020;09:40;0;RD BR 116;;;;KM-11;ColisÃ£o Lateral;Luz do Dia;;Seca;Meio de Quadra;;;0;1;1;1;0;0;1;0;0;0;0;0;"-3,84716000000";"-38,49717600000";rod_match
361877;5;9;2020;08:06;0;AV PRS COSTA E SILVA;;;691;;ColisÃ£o;Luz do Dia;;;Meio de Quadra;;;0;1;1;1;0;0;0;0;0;0;0;0;"-3,81216700000";"-38,57370300000";mq_match
361878;5;9;2020;09:43;10110;RUA MARIA JULIA;RUA MIRTES CORDEIRO;;;;ColisÃ£o;Luz do Dia;;;Cruz;Pare;Residencial;0;1;1;1;0;1;0;0;0;0;0;0;"-3,78904900000";"-38,59884600000";inter_match
361879;5;9;2020;09:46;0;RUA TULIPA;;;150;;ColisÃ£o;Luz do Dia;;;Meio de Quadra;;;0;2;0;0;0;0;0;0;0;0;0;0;"-3,82420460000";"-38,59066080000";mq_match
361901;5;9;2020;12:45;0;RUA BRAGANCA;;;1094;;Queda;Luz do Dia;;;Meio de Quadra;;;0;1;0;0;0;1;0;0;0;0;0;0;"-3,78418100000";"-38,59746100000";mq_match
361902;5;9;2020;12:57;0;AV ALBERTO CRAVEIRO;;;2505;;ColisÃ£o;Luz do Dia;;;Meio de Quadra;;;0;1;1;1;0;0;0;0;0;1;0;0;"-3,80217000000";"-38,52070700000";mq_match
361895;5;9;2020;10:16;25228;RUA MANUEL CASTELO BRANCO;RUA ANTONIO BARROS;;;;ColisÃ£o;Luz do Dia;;;Cruz;Pare;Comercial;0;1;1;1;0;0;0;0;0;1;0;0;"-3,83263200000";"-38,48929600000";inter_match
361897;5;9;2020;10:32;0;RUA BERNARDO MANUEL;;;11173;;ColisÃ£o;Luz do Dia;;;Meio de Quadra;;;0;1;1;1;0;0;0;0;0;1;0;0;"-3,81728364000";"-38,55706770000";mq_qgis
361899;5;9;2020;12:39;0;RD BR 116;;;;;ColisÃ£o;Luz do Dia;;Seca;Meio de Quadra;;;0;2;1;0;1;0;0;0;0;1;0;0;;;
361930;5;9;2020;14:59;0;AV CONTORNO SUL;;;391;;Queda;Luz do Dia;;;Meio de Quadra;;;0;1;0;0;0;1;0;0;0;0;0;0;"-3,83554052000";"-38,51722660000";mq_qgis
361931;5;9;2020;15:14;0;AV BEZERRA DE MENEZES;;;;;Queda;Luz do Dia;;;Meio de Quadra;;;0;1;0;0;0;0;0;0;0;1;0;0;;;
361932;5;9;2020;16:25;0;AV OLIVEIRA PAIVA;;;2163;;Queda;Luz do Dia;;;Meio de Quadra;;;0;1;0;0;0;1;0;0;0;0;0;0;"-3,79629700000";"-38,48680800000";mq_match
361904;5;9;2020;13:09;0;RUA DUAS NACOES;;;1129;;ColisÃ£o;Luz do Dia;;;Meio de Quadra;;;0;1;1;1;0;0;0;0;0;1;0;0;"-3,78176800000";"-38,60338200000";mq_qgis
361905;5;9;2020;14:42;0;AV PERIMETRAL;;;2230;;ColisÃ£o;Luz do Dia;;;Meio de Quadra;;;0;1;1;1;0;0;0;0;0;1;0;0;;;
361934;5;9;2020;16:50;0;AV WASHINGTON SOARES;;;7039;;Atropelamento;Luz do Dia;;;Meio de Quadra;;;0;1;0;1;0;0;0;0;0;0;0;0;"-3,81851400000";"-38,48306000000";mq_qgis
361935;5;9;2020;17:15;0;AV PENETRACAO NORTE 71;;;160;;ColisÃ£o;Anoitecer;;;Meio de Quadra;;;0;1;1;1;0;0;0;0;0;1;0;0;"-3,81514000000";"-38,58626000000";mq_gpsv
361936;5;9;2020;17:51;9174;AV 13 DE MAIO;RUA MON OTAVIO CASTRO;;;;Atropelamento;Anoitecer;;;T;NÃ£o HÃ¡ Controle;Comercial;0;1;0;1;0;0;0;0;0;0;0;0;"-3,75226880000";"-38,52615400000";inter_match
361937;5;9;2020;18:42;0;RUA BOLEVAR;;;48;;ColisÃ£o;Anoitecer;;;Meio de Quadra;;;0;1;0;0;0;0;0;0;0;0;0;0;"-3,81424004000";"-38,55465940000";mq_qgis
361951;5;9;2020;18:45;0;RUA MIRTES CORDEIRO;;;1829;;ColisÃ£o;;;;Meio de Quadra;;;0;1;1;1;0;0;0;0;0;1;0;0;"-3,78644000000";"-38,60716000000";mq_gpsv
361952;5;9;2020;19:29;0;RUA EDUARDO PERDIGAO;;;;;Queda;;;;Meio de Quadra;;;0;1;0;0;0;0;0;0;0;1;0;0;;;
361953;5;9;2020;19:52;0;RD BR 116;;;12000;KM-12;ColisÃ£o;;;Seca;Meio de Quadra;;;0;2;0;0;0;1;0;0;0;1;0;0;"-3,85574000000";"-38,49606600000";rod_match
361954;5;9;2020;20:38;0;AV AUGUSTO DOS ANJOS;;;240;;ColisÃ£o;;;;Meio de Quadra;;;0;1;1;1;0;0;0;0;0;1;0;0;"-3,77121365200";"-38,57106657000";mq_match
361960;5;9;2020;23:22;0;AV LINEU MACHADO;;;750;;Queda;;;;Meio de Quadra;;;0;1;0;0;0;0;0;0;0;1;0;0;"-3,76656700000";"-38,57724800000";mq_qgis
361957;5;9;2020;20:57;0;RUA PRO ARAUJO;;;150;;ColisÃ£o;;;;Meio de Quadra;;;0;1;0;0;0;0;0;0;0;0;0;0;;;
361958;5;9;2020;21:02;0;AV M CJ JOSE WALTER;;;431;;Queda;;;;Meio de Quadra;;;0;1;0;0;0;1;0;0;0;0;0;0;;;
360739;5;9;2020;16:30;0;RD CE-040;;;;KM-09;Atropelamento;Luz do Dia;;;Meio de Quadra;;;0;1;1;0;0;0;0;0;0;0;0;0;"-3,83445089700";"-38,48246582000";rod_match
360736;5;9;2020;10:00;0;RD CE-060;;;6348;KM-02;ColisÃ£o;Luz do Dia;;;Meio de Quadra;;;0;1;1;1;0;0;0;0;1;0;0;0;"-3,83406400000";"-38,58211100000";rod_match
360281;5;9;2020;11:30;0;AV BEZERRA DE MENEZES;;;71;;ColisÃ£o Transversal;Luz do Dia;Bom;Seca;Meio de Quadra;NÃ£o HÃ¡ Controle;Comercial;1;0;1;0;1;0;0;0;0;1;0;0;"-3,73160700000";"-38,54494700000";mq_qgis
360282;5;9;2020;08:30;7957;AV PONTES VIEIRA;AV BAR STUDART;;;;ColisÃ£o Transversal;Luz do Dia;Bom;Seca;T;SemÃ¡foro;Comercial;0;1;1;1;0;0;0;0;0;1;0;0;"-3,75271150000";"-38,51273000000";inter_match
360107;5;9;2020;00:45;0;AV GOV RAUL BARBOSA;;;6686;;Choque c/ ObstÃ¡culo Fixo;Mal Iluminada;Bom;Seca;Meio de Quadra;NÃ£o HÃ¡ Controle;Residencial;0;1;1;1;0;0;0;0;0;0;0;0;"-3,77272800000";"-38,51248300000";mq_match
360108;5;9;2020;08:34;5402;RUA METON DE ALENCAR;RUA VINTE E QUATRO DE MAIO;;0;;ColisÃ£o Transversal;Luz do Dia;Bom;Seca;Cruz;Pare;Comercial;0;0;2;1;0;0;0;0;0;0;0;0;"-3,73262600000";"-38,53384800000";inter_match
360109;5;9;2020;10:57;5031;AV ALM TAMANDARE;RUA PESSOA ANTA;;;;ColisÃ£o Transversal;Luz do Dia;Bom;Seca;T;Pare;Residencial;0;1;1;1;0;0;0;0;0;1;0;0;"-3,72082100000";"-38,51988500000";inter_match
360110;5;9;2020;14:05;0;RUA ADEMAR PAULA;AV ALBERTO CRAVEIRO;;0;;ColisÃ£o Traseira;Luz do Dia;Bom;Seca;Cruz;Pare;Comercial;0;1;0;1;0;0;0;0;0;1;0;0;"-3,80132150000";"-38,51984400000";inter_match
360111;5;9;2020;16:37;19734;RUA AZEVEDO BOLAO;RUA PEDRO DE QUEIROZ;;;;ColisÃ£o Transversal;Luz do Dia;Bom;Seca;Cruz;Gesto;Residencial;0;4;1;1;0;0;0;0;0;1;0;0;"-3,73720000000";"-38,56034400000";inter_match
360112;5;9;2020;20:03;0;RUA SILVEIRA FILHO;;;762;;ColisÃ£o;Via Iluminada;Bom;Seca;Meio de Quadra;NÃ£o HÃ¡ Controle;Residencial;0;0;2;1;0;0;0;0;0;0;0;0;"-3,77073003000";"-38,57612500000";mq_qgis
360113;5;9;2020;20:10;0;RUA 06 UI 209;RUA 07 UI 509;;0;;ColisÃ£o Lateral;Anoitecer;Bom;Seca;Meio de Quadra;NÃ£o HÃ¡ Controle;Residencial;0;0;2;0;0;0;0;0;0;0;0;0;;;
360114;6;9;2020;09:39;24893;AV MAJ ASSIS;RUA ANTONIO ARRUDA;;;;NÃ£o Informado;NÃ£o Informado;Bom;NÃ£o informada;Cruz;Gesto;Comercial;0;0;1;1;0;0;0;0;0;0;0;0;"-3,72205600000";"-38,59456600000";inter_match
360285;6;9;2020;19:00;23655;RUA PRO JOAQUIM ANTONIO;RUA BAR CRATO;;;;ColisÃ£o Transversal;Via Iluminada;Bom;Seca;Cruz;NÃ£o HÃ¡ Controle;Residencial;0;1;1;1;0;0;0;0;0;1;0;0;"-3,72275500000";"-38,56524300000";inter_match
360293;6;9;2020;00:02;0;AV SGT HERMINIO SAMPAIO;;;4333;;ColisÃ£o Frontal;Via Iluminada;Bom;Seca;Meio de Quadra;NÃ£o HÃ¡ Controle;Comercial;1;0;1;1;0;0;0;0;0;1;0;0;"-3,73138393000";"-38,57892500000";mq_qgis
360298;6;9;2020;18:40;5454;RUA JAIME BENEVOLO;RUA METON DE ALENCAR;;;;ColisÃ£o Frontal;;;;Cruz;SemÃ¡foro;Comercial;0;1;1;1;0;0;0;0;0;1;0;0;"-3,73506500000";"-38,52634900000";inter_match
360299;6;9;2020;13:00;0;RUA CEL FABRICIANO;;;1480;;ColisÃ£o Lateral Sentido Oposto;Luz do Dia;Bom;Seca;Meio de Quadra;NÃ£o HÃ¡ Controle;Residencial;0;1;1;1;0;0;0;0;0;1;0;0;"-3,78351645000";"-38,60513870000";mq_qgis
360303;6;9;2020;13:00;3833;RUA MAL DEODORO;RUA PDE MIGUELINHO;;;;ColisÃ£o Lateral Sentido Oposto;Luz do Dia;Bom;Seca;Cruz;Pare;Comercial;0;1;1;0;0;0;0;0;0;1;0;0;"-3,74172000000";"-38,53596300000";inter_match
360735;6;9;2020;21:10;0;RD CE-040;;;;KM-11;ColisÃ£o;;;;Meio de Quadra;;;0;1;1;1;0;0;0;0;0;1;0;0;"-3,84962623000";"-38,47606989000";rod_match
361961;6;9;2020;00:48;5965;AV C CJ CEARA;AV F CJ CEARA;;;;ColisÃ£o;;;;RotatÃ³ria;DÃª PreferÃªncia;Residencial;0;2;0;0;0;0;0;0;0;1;0;0;"-3,76321000000";"-38,60821000000";inter_gpsv
361967;6;9;2020;05:24;0;RUA TRES MARIAS;;;972;;Queda;Amanhecer;;;Meio de Quadra;;;0;1;0;0;0;0;0;0;0;1;0;0;"-3,80187000000";"-38,43625000000";mq_gpsv
361964;6;9;2020;02:15;0;RD BR 116;;;;;Queda;;;;Meio de Quadra;;;0;1;0;0;0;0;0;0;0;1;0;0;;;
361965;6;9;2020;03:25;0;AV I CJ CEARA;;;1417;;Choque c/ ObstÃ¡culo Fixo;;;;;;;0;1;0;0;0;0;0;0;0;0;0;0;"-3,77309213000";"-38,60009380000";mq_qgis
362009;6;9;2020;17:17;0;RUA JOAQUIM ALVES;;;216;;ColisÃ£o;Anoitecer;;;Meio de Quadra;;;0;1;1;1;0;0;0;0;0;1;0;0;"-3,72278100000";"-38,51162580000";mq_qgis
362004;6;9;2020;16:11;17310;RUA ALBERTO MAGNO;RUA ALVARO FERNANDES;;;;ColisÃ£o;Luz do Dia;;;Cruz;SemÃ¡foro;Comercial;0;2;0;1;0;0;0;0;0;1;0;0;"-3,76424400000";"-38,54942200000";inter_match
361975;6;9;2020;08:08;0;RUA EDUARDO ARAUJO;;;2109;;Atropelamento;Luz do Dia;;;Meio de Quadra;;;0;1;0;0;0;0;0;0;0;0;0;0;"-3,81746000000";"-38,59792000000";mq_gpsv
361976;6;9;2020;08:13;0;AV MAJ ASSIS;;;1678;;ColisÃ£o;Luz do Dia;;;Meio de Quadra;;;0;2;0;1;0;0;0;0;0;1;0;0;"-3,72210500000";"-38,59438100000";mq_match
361977;6;9;2020;09:07;0;RUA SGT JOAO PINHEIRO;;;791;;Atropelamento;Luz do Dia;;;Meio de Quadra;;;0;1;0;1;0;0;0;0;0;0;0;0;"-3,78286300000";"-38,62279000000";mq_match
361996;6;9;2020;12:43;26091;AV 13 DE MAIO;AV JOSE JATAHY;;;;ColisÃ£o;Luz do Dia;;;;;;0;2;0;1;0;0;0;0;0;1;0;0;"-3,73723000000";"-38,54374000000";inter_gpsv
361998;6;9;2020;13:14;0;AV JOVITA FEITOSA;;;;;ColisÃ£o;Luz do Dia;;;Meio de Quadra;;;0;1;1;1;0;0;0;0;0;1;0;0;;;
361999;6;9;2020;15:22;9815;RUA TRES CORACOES;RUA NOVA CONQUISTA (BONSUCESSO);;;;ColisÃ£o;Luz do Dia;;;;;;0;3;0;0;0;0;0;0;0;1;0;0;"-3,79188000000";"-38,61144000000";inter_gpsv
362001;6;9;2020;16:05;0;AV SGT HERMINIO SAMPAIO;;;3485;;ColisÃ£o;Luz do Dia;;;Meio de Quadra;;;0;1;1;1;0;0;0;0;0;1;0;0;"-3,72854000000";"-38,57175900000";mq_match
362011;6;9;2020;18:46;0;AV MR HULL;;;541;;ColisÃ£o;;;;Meio de Quadra;;;0;1;1;1;0;0;0;0;0;1;0;0;"-3,73682000000";"-38,56939000000";mq_gpsv
362028;6;9;2020;19:53;0;AV FRANCISCO SA;;;6088;;ColisÃ£o;;;;Meio de Quadra;;;0;1;0;0;0;0;0;0;0;0;0;0;"-3,71003400000";"-38,57884150000";mq_qgis
362030;6;9;2020;20:04;0;RD BR 116;;;469;KM-03;Queda;;;;Meio de Quadra;;;0;1;0;0;0;0;0;0;0;1;0;0;"-3,77983800000";"-38,51437200000";rod_match
362032;6;9;2020;20:53;0;AV WASHINGTON SOARES;;;7600;;ColisÃ£o;;;;Meio de Quadra;;;0;2;0;0;0;0;0;0;0;0;0;0;"-3,82045600000";"-38,48139800000";mq_match
362035;6;9;2020;21:19;10042;RUA ANTONIO NERY;RUA RISO DO PRADO;;;;Atropelamento;;;;Cruz;NÃ£o HÃ¡ Controle;Residencial;0;1;0;0;0;0;0;0;0;0;0;0;"-3,77395000000";"-38,59905000000";inter_gpsv
362036;6;9;2020;21:41;0;RUA EDUARDO SABOIA;;;189;;ColisÃ£o;;;;Meio de Quadra;;;0;1;0;1;0;0;0;0;0;0;0;0;"-3,73582000000";"-38,48353000000";mq_gpsv
362037;6;9;2020;22:17;0;RUA ANDRADE FURTADO;;;1300;;Queda;;;;Meio de Quadra;;;0;1;0;0;0;0;0;0;0;1;0;0;"-3,74656300000";"-38,47713000000";mq_qgis
362038;6;9;2020;23:03;0;AV I CJ CEARA;;;;;ColisÃ£o;;;;Meio de Quadra;;;0;1;1;1;0;0;0;0;0;0;0;0;;;
362180;6;9;2020;00:15;0;RD BR 020;;;;KM 429;Choque c/ ObstÃ¡culo Fixo;;;Seca;Meio de Quadra;;;0;1;0;0;0;0;0;0;0;1;0;0;"-3,86900000000";"-38,50700000000";rod_match
362827;6;9;2020;23:21;0;AV JOR THOMAZ COELHO;;;1478;;ColisÃ£o;;;;Meio de Quadra;;;0;1;1;0;0;0;0;0;0;1;0;0;"-3,83011784000";"-38,50831630000";mq_qgis
362039;7;9;2020;00:03;0;AV SEN CARLOS JEREISSATI (AEROPORTO);;;;;Queda;;;;Meio de Quadra;;;0;1;0;0;0;1;0;0;0;0;0;0;;;
362040;7;9;2020;01:46;0;AV 1 CANINDEZINHO;;;685;;Queda;;;;Meio de Quadra;;;0;2;0;0;0;0;0;0;0;1;0;0;;;
362041;7;9;2020;03:15;0;AV GODOFREDO MACIEL;;;2160;;Queda;;;;Meio de Quadra;;;0;1;0;0;0;0;0;0;0;1;0;0;"-3,79461717400";"-38,56933056500";mq_match
362042;7;9;2020;04:14;0;RUA LUIS VIEIRA;;;723;;ColisÃ£o;;;;Meio de Quadra;;;0;1;0;0;0;0;0;0;0;0;0;0;;;
362043;7;9;2020;05:04;0;RUA MANUEL CASTELO BRANCO;;;;;ColisÃ£o;Amanhecer;;;Meio de Quadra;;;0;1;1;1;0;0;0;0;0;1;0;0;;;
362044;7;9;2020;05:18;0;AV GAL OSORIO DE PAIVA;;;7830;;ColisÃ£o;Amanhecer;;;Meio de Quadra;;;0;1;0;0;0;0;0;0;0;0;0;0;"-3,82057328400";"-38,61743062000";mq_match
362045;7;9;2020;10:24;0;RUA CEL MATOS DOURADO;;;256;;Atropelamento;Luz do Dia;;;Meio de Quadra;;;0;1;0;1;0;0;0;0;0;0;0;0;"-3,74092300000";"-38,58521000000";mq_match
362046;7;9;2020;11:24;0;RD BR 116;;;;KM-01;ColisÃ£o;Luz do Dia;;Seca;Meio de Quadra;;;0;1;1;1;0;0;0;0;0;1;0;0;"-3,76255400000";"-38,51870200000";rod_match
362047;7;9;2020;11:28;0;AV BENJAMIM BRASIL;;;1094;;ColisÃ£o;Luz do Dia;;;Meio de Quadra;;;0;1;1;1;0;0;0;0;0;1;0;0;"-3,80564500000";"-38,56457750000";mq_match
362089;7;9;2020;17:58;0;TR SATURNO;;;150;;ColisÃ£o;Anoitecer;;;Meio de Quadra;;;0;1;1;0;0;0;0;0;0;1;0;0;;;
362090;7;9;2020;18:06;0;RUA CON DE CASTRO;;;;;ColisÃ£o;Anoitecer;;;Meio de Quadra;;;0;0;2;1;0;0;0;0;0;1;0;0;;;
362091;7;9;2020;18:13;22839;RUA GALILEU;RUA GOV JOAO CARLOS;;;;ColisÃ£o;Anoitecer;;;Cruz;Pare;Residencial;0;1;1;1;0;0;0;0;0;1;0;0;"-3,77720000000";"-38,55128000000";inter_gpsv
362092;7;9;2020;18:14;0;RUA VIA LACTEA;;;187;;ColisÃ£o;Anoitecer;;;Meio de Quadra;;;0;1;1;0;0;0;0;0;0;1;0;0;"-3,76270000000";"-38,52934000000";mq_gpsv
362083;7;9;2020;17:33;0;AV OLIVEIRA PAIVA;;;;;ColisÃ£o;Anoitecer;;;Meio de Quadra;;;0;1;0;0;0;0;0;0;0;0;0;0;;;
362101;7;9;2020;18:34;0;AV PERIMETRAL;;;1921;;ColisÃ£o;;;;Meio de Quadra;;;0;1;1;1;0;0;0;0;0;1;0;0;;;
362102;7;9;2020;19:27;15501;AV FRE CIRILO;RUA FREDERICO SEVERO;;;;Queda;;;;T;Pare;Residencial;0;1;0;0;0;0;0;0;0;1;0;0;"-3,81987000000";"-38,49630700000";inter_match
362103;7;9;2020;20:09;0;RUA CIDADE ECOLOGICA;;;120;;ColisÃ£o;;;;Meio de Quadra;;;0;1;1;1;0;0;0;0;0;1;0;0;"-3,77141000000";"-38,47392000000";mq_gpsv
362104;7;9;2020;20:20;0;AV CARAPINIMA;;;2200;;ColisÃ£o;;;;Meio de Quadra;;;0;1;1;1;0;1;0;0;0;0;0;0;"-3,73949950000";"-38,53970750000";mq_match
362105;7;9;2020;20:50;0;RUA ARI BARROSO;;;202;;ColisÃ£o;;;;Meio de Quadra;;;0;1;1;1;0;0;0;0;0;0;0;0;"-3,77854000000";"-38,51610000000";mq_gpsv
362059;7;9;2020;13:02;0;RUA DIOGO CORREIA;;;510;;Queda;Luz do Dia;;;Meio de Quadra;;;0;2;0;0;0;0;0;0;0;1;0;0;"-3,76981900000";"-38,59066250000";mq_match
362072;7;9;2020;13:10;0;RUA BERNARDO MANUEL;;;9950;;Queda;Luz do Dia;;;Meio de Quadra;;;0;1;0;0;0;0;0;0;0;1;0;0;"-3,80427872000";"-38,55308100000";mq_qgis
362073;7;9;2020;13:10;0;RUA PORTO VELHO;;;1127;;Atropelamento;Luz do Dia;;;Meio de Quadra;;;0;1;0;0;0;0;1;0;0;0;0;0;"-3,76422570000";"-38,59024890000";mq_qgis
362074;7;9;2020;13:37;0;AV PRO JOSE ARTHUR CARVALHO;;;461;;Queda;Luz do Dia;;;Meio de Quadra;;;0;1;0;0;0;0;0;0;0;1;0;0;"-3,82596400000";"-38,47620200000";mq_match
362075;7;9;2020;14:12;0;RUA DIOGO CORREIA;;;486;;Queda;Luz do Dia;;;Meio de Quadra;;;0;1;0;0;0;0;0;0;0;1;0;0;"-3,76982900000";"-38,59065600000";mq_match
362076;7;9;2020;15:19;0;RUA 1018 CJ CEARA;;;;;Atropelamento;Luz do Dia;;;Meio de Quadra;;;0;1;0;1;0;0;0;0;0;0;0;0;;;
362077;7;9;2020;15:27;0;RUA SAO MIGUEL D60;;;68;;ColisÃ£o;Luz do Dia;;;Meio de Quadra;;;0;2;0;1;0;0;0;0;0;1;0;0;;;
362078;7;9;2020;15:35;0;AV SEN FERNANDES TAVORA;;;104;;Queda;Luz do Dia;;;Meio de Quadra;;;0;1;0;0;0;0;0;0;0;1;0;0;"-3,76724960000";"-38,57340580000";mq_qgis
362079;7;9;2020;17:09;0;AV PDE ANTONIO TOMAS;;;135;;Atropelamento;Anoitecer;;;Meio de Quadra;;;0;1;0;0;0;0;0;0;0;0;0;0;"-3,73929113000";"-38,50235440000";mq_qgis
362107;7;9;2020;20:59;0;TR CAPIABA;;;490;;Atropelamento;;;;Meio de Quadra;;;0;1;0;0;0;0;0;0;0;0;0;0;"-3,75951018000";"-38,57361910000";mq_qgis
362108;7;9;2020;21:10;0;RUA BENTO LOUSADO;;;180;;ColisÃ£o;;;;Meio de Quadra;;;0;1;1;0;0;0;0;0;0;1;0;0;"-3,76556680000";"-38,56929660000";mq_qgis
362111;7;9;2020;22:55;25420;RUA PRO SILAS RIBEIRO;AV ALM HENRIQUE SABOIA;;;;ColisÃ£o;;;;Cruz;SemÃ¡foro;Comercial;0;2;0;1;0;0;0;0;0;1;0;0;"-3,73625820000";"-38,48490830000";inter_match
362112;7;9;2020;23:16;0;RUA DES PRAXEDES;;;770;;ColisÃ£o;;;;Meio de Quadra;;;0;1;1;0;0;0;0;0;0;1;0;0;"-3,76067722000";"-38,54742180000";mq_qgis
362086;7;9;2020;17:54;0;RUA COM GARCIA;;;1776;;ColisÃ£o;Anoitecer;;;Meio de Quadra;;;0;2;0;1;0;0;0;0;0;1;0;0;"-3,79821123000";"-38,58776980000";mq_qgis
360305;7;9;2020;18:00;0;RUA GALILEU;;;315;;ColisÃ£o;Anoitecer;Bom;Seca;Outros;NÃ£o HÃ¡ Controle;Residencial;0;1;1;1;0;0;0;0;0;1;0;0;"-3,77714400000";"-38,55126800000";mq_match
360115;7;9;2020;09:32;0;AV EDILSON B SOARES;;;2670;;Choque c/ ObstÃ¡culo Fixo;Luz do Dia;Bom;Seca;Meio de Quadra;NÃ£o HÃ¡ Controle;Residencial;0;0;1;1;0;0;0;0;0;0;0;0;"-3,78784300000";"-38,46187000000";mq_qgis
360116;7;9;2020;09:42;5340;AV DUQ CAXIAS;RUA VINTE E QUATRO DE MAIO;;;;ColisÃ£o Transversal;Luz do Dia;Bom;Seca;Cruz;SemÃ¡foro;Comercial;0;1;1;1;1;0;0;0;0;0;0;0;"-3,73070800000";"-38,53323000000";inter_match
360118;7;9;2020;13:58;0;AV CESAR CALS;;;619;;ColisÃ£o Traseira;Luz do Dia;Bom;Seca;Meio de Quadra;NÃ£o HÃ¡ Controle;Residencial;0;0;2;1;0;0;0;0;0;0;0;0;"-3,72364213000";"-38,46312070000";mq_qgis
360119;7;9;2020;13:10;0;AV BERNARDO MANUEL;;;9950;;Queda;Luz do Dia;Bom;Seca;Meio de Quadra;NÃ£o HÃ¡ Controle;Comercial;0;1;0;0;0;0;0;0;0;1;0;0;"-3,82963000000";"-38,56058000000";mq_gpsv