COD_ACIDENTE;DIA;MES;ANO;HORA;INTERSECAO;LOG1;LOG2;LOG3;NUMERO;REFERENCIA;NATUREZA;ILUMINACAO;TEMPO;SUPERFICIEPISTA;TIPOCRUZAMENTO;CONTROLETRAFEGO;USOSOLO;MORTOS;FERIDOS;ILESOS;AUTOMOVEL;ONIBUS;BICICLETA;CAMINHAO;MICROONIBUS;CICLOMOTOR;MOTOCICLETA;TRACAOANIMAL;TREM;LATITUDE;LONGITUDE;METODO
362408;20;9;2020;21:55;0;RUA MAJ VERISSIMO;;;438;;ColisÃ£o;;;;Meio de Quadra;;;0;1;0;1;0;0;0;0;0;1;0;0;"-3,72279579000";"-38,56248450000";mq_qgis
362409;20;9;2020;23:35;0;AV A CJ CEARA;;;883;;ColisÃ£o;;;;Meio de Quadra;;;0;1;0;0;0;0;0;0;0;0;0;0;"-3,76823500000";"-38,60372600000";mq_match
362378;20;9;2020;16:45;0;AV BEIRA MAR;;;3600;;Queda;Luz do Dia;;;Meio de Quadra;;;0;1;0;0;0;1;0;0;0;0;0;0;"-3,72369950000";"-38,48851550000";mq_qgis
362379;20;9;2020;16:56;0;RUA TEODOMIRO DE CASTRO;;;;;ColisÃ£o;Luz do Dia;;;Meio de Quadra;;;0;1;0;1;0;0;0;0;0;1;0;0;;;
362393;20;9;2020;20:45;0;RUA MAISA;;;430;;ColisÃ£o;;;;Meio de Quadra;;;0;1;0;0;0;0;0;0;0;0;0;0;"-3,84964025000";"-38,52591080000";mq_qgis
362383;20;9;2020;17:49;0;RUA RAIMUNDO NERY;;;1344;;Atropelamento;Anoitecer;;;Meio de Quadra;;;0;1;0;0;0;0;0;0;0;1;0;0;;;
362384;20;9;2020;19:26;0;AV DR SILAS MUNGUBA;;;;;ColisÃ£o;;;;Meio de Quadra;;;0;1;0;0;0;0;0;0;0;0;0;0;;;
362385;20;9;2020;19:47;0;RUA JORGE FIGUEIREDO (ANCURI);;;;;ColisÃ£o;;;;Meio de Quadra;;;0;1;0;1;0;0;0;0;0;1;0;0;;;
362381;20;9;2020;17:08;0;RUA BOA ESPERANCA D43;;;178;;ColisÃ£o;Anoitecer;;;Meio de Quadra;;;0;1;0;0;0;0;0;0;0;0;0;0;"-3,75175400000";"-38,60407500000";mq_gpsv
362371;20;9;2020;16:23;0;AV SGT HERMINIO SAMPAIO;;;;;Queda;Luz do Dia;;;Meio de Quadra;;;0;1;0;0;0;1;0;0;0;0;0;0;;;
360969;20;9;2020;18:36;0;AV PRS JUSCELINO KUBITSCHEK (PASSARÃ‰);;;3236;;ColisÃ£o Traseira;Via Iluminada;Bom;Seca;Meio de Quadra;;Residencial;0;2;0;1;0;0;0;0;0;0;0;0;;;
360966;20;9;2020;19:10;7975;RUA CARLOS CAMARA;RUA ALVARO MARTINS;;;;ColisÃ£o Transversal;;Bom;Seca;Cruz;Pare;Residencial;0;1;1;1;0;0;0;0;0;1;0;0;"-3,74755000000";"-38,54355400000";inter_match
360967;20;9;2020;08:55;7643;RUA RIO GRANDE DO NORTE;RUA GUANABARA;;;;ColisÃ£o Frontal;Luz do Dia;Bom;Seca;Cruz;Pare;Residencial;0;1;1;1;0;0;0;0;0;1;0;0;"-3,75746900000";"-38,56935300000";inter_match
360965;21;9;2020;09:00;11022;RUA BAR CANINDE;RUA MUNDICA PAULA;;;;ColisÃ£o Transversal;Luz do Dia;Bom;Seca;Cruz;Pare;Residencial;0;1;1;0;0;0;0;0;0;1;0;0;"-3,77321400000";"-38,55830900000";inter_match
360960;21;9;2020;;11338;AV GODOFREDO MACIEL;RUA FRANCISCO GLICERIO;;;;NÃ£o Informado;Luz do Dia;Bom;Seca;Cruz;SemÃ¡foro;Comercial;0;0;2;1;0;0;0;0;0;0;0;0;"-3,79598100000";"-38,56975700000";inter_match
360961;21;9;2020;07:30;0;RUA BERNARDO MANUEL;;;7587;;ColisÃ£o Traseira;Luz do Dia;Bom;Seca;Meio de Quadra;Outros;Comercial;0;1;1;1;0;0;0;0;0;1;0;0;"-3,78451052000";"-38,54705870000";mq_qgis
360613;21;9;2020;17:40;0;RD CE-040;;;;KM-07;Atropelamento;Anoitecer;;;Meio de Quadra;;;0;2;0;0;0;0;0;0;0;1;0;0;"-3,81715944500";"-38,48303286000";rod_match
360608;21;9;2020;06:14;25486;AV SEN CARLOS JEREISSATI (AEROPORTO);AV ALBERTO CRAVEIRO;;;;ColisÃ£o;Luz do Dia;;;Y;SemÃ¡foro Intermitente;Outros;0;1;1;1;0;1;0;0;0;0;0;0;"-3,78376700000";"-38,51687400000";inter_match
360609;21;9;2020;08:40;0;AV MIN JOSE AMERICO;;;1000;;Engavetamento;Luz do Dia;;;Meio de Quadra;;;0;0;3;1;0;0;0;0;0;0;0;0;"-3,80909860000";"-38,49120850000";mq_match
360610;21;9;2020;02:30;0;RD CE-040;;;2500;KM-02;Engavetamento;;;;Meio de Quadra;;;0;0;3;1;0;0;0;0;0;0;0;0;"-3,77361614800";"-38,48179940000";rod_match
360611;21;9;2020;17:30;0;RD CE-040;;;;KM-04;ColisÃ£o;Anoitecer;;;Meio de Quadra;;;0;0;2;1;0;0;0;0;0;1;0;0;"-3,79161315600";"-38,48033084000";rod_match
362410;21;9;2020;00:06;0;RUA BERNARDO MANUEL;;;;;ColisÃ£o;;;;Meio de Quadra;;;0;1;0;0;0;0;0;0;0;0;0;0;;;
362412;21;9;2020;06:14;0;AV SIQUEIRA CAMPOS;;;1227;;ColisÃ£o;Luz do Dia;;;Meio de Quadra;;;0;2;0;0;0;0;0;0;0;0;0;0;"-3,81455300000";"-38,62703300000";mq_match
362424;21;9;2020;06:40;0;RUA NELSON COELHO;;;388;;ColisÃ£o;Luz do Dia;;;Meio de Quadra;;;0;1;0;1;0;0;0;0;0;1;0;0;"-3,82907892000";"-38,46335980000";mq_qgis
362426;21;9;2020;06:54;0;AV GOV RAUL BARBOSA;;;5800;;ColisÃ£o;Luz do Dia;;;Meio de Quadra;;;0;1;0;0;0;0;0;0;0;0;0;0;"-3,76915100000";"-38,51024550000";mq_match
362427;21;9;2020;07:41;0;RUA ARAQUEM;;;658;;ColisÃ£o;Luz do Dia;;;Meio de Quadra;;;0;1;0;1;0;0;0;0;0;1;0;0;"-3,70598000000";"-38,57835000000";mq_gpsv
362428;21;9;2020;08:00;0;AV PRS COSTA E SILVA;;;5479;;ColisÃ£o;Luz do Dia;;;Meio de Quadra;;;0;1;0;1;0;0;0;0;0;1;0;0;"-3,82849903500";"-38,53131315000";mq_match
362429;21;9;2020;08:16;0;AV OLIVEIRA PAIVA;;;245;;ColisÃ£o;Luz do Dia;;;Meio de Quadra;;;0;1;0;1;0;0;0;0;0;1;0;0;"-3,79837000000";"-38,50259300000";mq_match
362432;21;9;2020;08:43;0;RUA PASCOAL CASTRO ALVES;;;429;;ColisÃ£o;Luz do Dia;;;Meio de Quadra;;;0;1;0;1;0;0;0;0;0;1;0;0;"-3,73245000000";"-38,47801000000";mq_gpsv
362433;21;9;2020;10:40;0;AV BORGES DE MELO;;;80;;ColisÃ£o;Luz do Dia;;;Meio de Quadra;;;0;1;0;1;0;0;0;0;0;1;0;0;"-3,76168000000";"-38,51813000000";mq_match
362434;21;9;2020;11:39;0;ET DO ITAPERI;;;1670;;ColisÃ£o;Luz do Dia;;;Meio de Quadra;;;0;1;0;1;0;0;0;0;0;1;0;0;"-3,82366000000";"-38,52995000000";mq_gpsv
362439;21;9;2020;15:10;0;AV BORGES DE MELO;;;201;;Atropelamento;Luz do Dia;;;Meio de Quadra;;;0;1;0;0;0;0;0;0;0;1;0;0;"-3,75275230000";"-38,53914300000";mq_match
362440;21;9;2020;15:16;0;RUA PERGENTINO MAIA;;;808;;Atropelamento;Luz do Dia;;;Meio de Quadra;;;0;1;0;1;0;0;0;0;0;0;0;0;"-3,83160650000";"-38,48739850000";mq_qgis
362441;21;9;2020;15:23;0;RUA AMERICO VESPUCIO;;;936;;Atropelamento;Luz do Dia;;;Meio de Quadra;;;0;1;0;0;1;0;0;0;0;0;0;0;"-3,78637932000";"-38,54959310000";mq_qgis
362443;21;9;2020;16:29;0;RUA MONTE LIBANO;;;710;;ColisÃ£o;Luz do Dia;;;Meio de Quadra;;;0;1;0;1;0;0;0;0;0;1;0;0;"-3,82673700000";"-38,56348300000";mq_match
362444;21;9;2020;17:11;0;AV G CJ CEARA;;;705;;Atropelamento;Anoitecer;;;Meio de Quadra;;;0;1;0;0;0;0;0;0;0;1;0;0;"-3,77455400000";"-38,60997600000";mq_qgis
362445;21;9;2020;17:25;0;RUA SEN ALENCAR;;;1008;;Queda;Anoitecer;;;Meio de Quadra;;;0;1;0;0;0;0;0;0;0;1;0;0;"-3,72272300000";"-38,53468750000";mq_qgis
362446;21;9;2020;18:26;0;AV AUGUSTO DOS ANJOS;;;1000;;Atropelamento;Anoitecer;;;Meio de Quadra;;;0;1;0;0;1;0;0;0;0;0;0;0;"-3,77677900000";"-38,57619300000";mq_match
362839;21;9;2020;20:28;19704;AV BEZERRA DE MENEZES;RUA MOREIRA DE SOUSA;;;;Queda;;;;T;SemÃ¡foro;Comercial;0;1;0;0;0;0;0;0;0;1;0;0;"-3,73610900000";"-38,56654600000";inter_match
362840;21;9;2020;23:28;1308;RUA EDUARDO SALGADO;AV BAR STUDART;;;;ColisÃ£o;;;;Cruz;Pare;Comercial;0;1;0;1;0;0;0;0;0;1;0;0;"-3,73469200000";"-38,50665500000";inter_match
362853;21;9;2020;08:30;5715;AV DES GONZAGA;RUA ULISSES BEZERRA;;;;ColisÃ£o;Luz do Dia;;;Cruz;SemÃ¡foro;Comercial;0;1;1;1;0;0;0;0;0;1;0;0;"-3,79797000000";"-38,49951600000";inter_match
360217;21;9;2020;02:16;0;RUA CATOLE;;;0;;NÃ£o Informado;NÃ£o Informado;NÃ£o Informado;NÃ£o informada;Meio de Quadra;Gesto;NÃ£o Informado;0;0;1;1;0;0;0;0;0;0;0;0;;;
360218;21;9;2020;01:50;0;AV BERNARDO MANUEL;;;9938;;Choque c/ ObstÃ¡culo Fixo;Via Iluminada;Bom;Seca;Meio de Quadra;NÃ£o HÃ¡ Controle;Comercial;0;0;1;0;0;0;0;0;0;0;0;0;"-3,82963000000";"-38,56057000000";mq_gpsv
360219;21;9;2020;07:17;0;RUA MARCILIO DIAS;;;2015;;Choque c/ ObstÃ¡culo Fixo;Luz do Dia;Bom;Seca;Meio de Quadra;NÃ£o HÃ¡ Controle;Escola;0;0;1;1;0;0;0;0;0;0;0;0;"-3,70822000000";"-38,56465000000";mq_gpsv
360220;21;9;2020;12:00;0;RUA PDE VALDEVINO;RUA DES LEITE ALBUQUERQUE;;0;;ColisÃ£o Transversal;Luz do Dia;Bom;Seca;Cruz;Pare;Comercial;0;0;2;1;0;0;0;0;0;0;0;0;"-3,73787000000";"-38,49669000000";inter_gpsv
360221;21;9;2020;14:00;1437;RUA SILVA PAULET;RUA JOAO CARVALHO;;;;ColisÃ£o Transversal;Luz do Dia;Bom;Seca;Cruz;Pare;Comercial;0;2;0;0;0;0;0;0;0;1;0;0;"-3,73796600000";"-38,50655700000";inter_match
360224;22;9;2020;08:03;0;RUA BRUNO VALENTE;;;0;;NÃ£o Informado;Luz do Dia;Bom;Seca;Meio de Quadra;Pare;Residencial;0;1;1;1;0;0;0;0;0;1;0;0;;;
360225;22;9;2020;07:50;0;AV LUIZ VIEIRA;RUA COM GARCIA;;205;;ColisÃ£o Transversal;Luz do Dia;Bom;Seca;Cruz;Pare;Comercial;0;0;2;1;0;0;0;0;0;0;0;0;"-3,79662000000";"-38,58637000000";inter_gpsv
360226;22;9;2020;08:15;1393;AV RUI BARBOSA;RUA JOAO CARVALHO;;;;ColisÃ£o;Luz do Dia;Bom;Seca;Cruz;SemÃ¡foro;Residencial;0;2;0;0;0;0;0;0;0;1;0;0;"-3,73692800000";"-38,50973100000";inter_match
360227;22;9;2020;10:11;0;RUA URUCUTUBA;RUA NS05 UI 706;RUA DA SORTE;0;;ColisÃ£o;Luz do Dia;Bom;Seca;Meio de Quadra;DÃª PreferÃªncia;Residencial;0;1;1;1;0;0;0;0;0;1;0;0;;;
360228;22;9;2020;10:59;0;RUA ANTONELE BEZERRA;;;176;;ColisÃ£o;Luz do Dia;Bom;Seca;Meio de Quadra;Pare;Residencial;0;2;1;0;0;0;0;0;0;1;0;0;"-3,72497066000";"-38,50663760000";mq_qgis
360229;22;9;2020;14:07;14588;AV EDILSON B SOARES;RUA JOAO REGINO;;;;ColisÃ£o Transversal;Luz do Dia;Bom;Seca;Cruz;Pare;Comercial;0;2;0;1;0;0;0;0;0;0;0;0;"-3,78966300000";"-38,48300100000";inter_match
360230;22;9;2020;14:06;15357;RUA LEONARDO MOTA;RUA PEREIRA VALENTE;;0;;NÃ£o Informado;Luz do Dia;Bom;Seca;Cruz;Pare;Comercial;0;1;1;1;0;0;0;0;0;0;0;0;"-3,73288500000";"-38,49513400000";inter_match
360231;22;9;2020;20:00;0;RUA BAR AQUIRAZ;;;1409;;Atropelamento;Mal Iluminada;Bom;Seca;Meio de Quadra;NÃ£o HÃ¡ Controle;Comercial;1;0;1;0;0;0;1;0;0;0;0;0;"-3,84028913900";"-38,48554028000";mq_match
360232;22;9;2020;21:21;0;RUA ALFREDO MAMEDE;;;859;;ColisÃ£o Frontal;Via Iluminada;Bom;Seca;Meio de Quadra;;;0;1;1;0;1;0;0;0;0;1;0;0;"-3,81381429000";"-38,58463510000";mq_qgis
360233;22;9;2020;21:09;0;RUA DIONISIO ALENCAR FILHO;;;2399;;ColisÃ£o Transversal;Via Iluminada;Bom;Seca;Meio de Quadra;NÃ£o HÃ¡ Controle;Residencial;0;0;2;0;0;0;0;0;0;0;0;0;"-3,85500000000";"-38,50612000000";mq_gpsv
360235;22;9;2020;07:46;0;RUA CARAMURU D45 (ITAPERI);;;105;;Choque c/ ObstÃ¡culo Fixo;Luz do Dia;Bom;Seca;Meio de Quadra;Pare;Residencial;0;1;0;0;0;0;0;0;0;0;0;0;;;
362854;22;9;2020;16:50;9170;AV EDUARDO GIRAO;RUA GAL SILVA JUNIOR;;;;ColisÃ£o;Luz do Dia;;;Cruz;SemÃ¡foro;Comercial;0;1;1;0;0;0;1;0;0;1;0;0;"-3,75430900000";"-38,53078500000";inter_match
362841;22;9;2020;00:15;0;AV GAL OSORIO DE PAIVA;;;51;;ColisÃ£o;;;;Meio de Quadra;;;0;2;0;1;0;0;0;0;0;1;0;0;"-3,77256424000";"-38,56292130000";mq_qgis
362850;22;9;2020;06:52;0;AV MR HULL;;;;;Atropelamento;Luz do Dia;;;Meio de Quadra;;;0;1;0;0;1;0;0;0;0;0;0;0;;;
362851;22;9;2020;07:28;0;RUA BRUNO VALENTE;;;453;;ColisÃ£o;Luz do Dia;;;Meio de Quadra;;;0;1;0;1;0;0;0;0;0;0;0;0;"-3,78897151000";"-38,53949070000";mq_qgis
362866;22;9;2020;21:58;0;AV MR HULL;;;5000;;Queda;;;;Meio de Quadra;;;0;1;0;0;0;0;0;0;0;1;0;0;"-3,73921061400";"-38,58867060000";mq_match
362856;22;9;2020;15:17;5998;RUA 218 CJ CEARA;RUA 448 CJ CEARA;;;;Atropelamento;Luz do Dia;;;;;;0;1;0;1;0;0;0;0;0;0;0;0;"-3,76370700000";"-38,60707100000";inter_gpsv
362857;22;9;2020;16:54;0;AV SGT HERMINIO SAMPAIO;;;769;;ColisÃ£o;Luz do Dia;;;Meio de Quadra;;;0;1;0;1;0;0;0;0;0;1;0;0;"-3,72457300000";"-38,54743600000";mq_match
362858;22;9;2020;17:12;0;AV ALM BARROSO;;;435;;ColisÃ£o;Anoitecer;;;Meio de Quadra;;;0;1;0;0;0;0;0;0;0;0;0;0;"-3,72074900000";"-38,51936300000";mq_match
362859;22;9;2020;17:35;0;AV GAL OSORIO DE PAIVA;;;8130;;Atropelamento;Anoitecer;;;Meio de Quadra;;;0;1;0;1;0;0;0;0;0;0;0;0;"-3,82177924000";"-38,61861030000";mq_qgis
362860;22;9;2020;17:37;0;AV E CJ JOSE WALTER;;;900;;Atropelamento;Anoitecer;;;Meio de Quadra;;;0;1;0;0;0;0;0;0;0;1;0;0;;;
362861;22;9;2020;17:58;0;AV MIGUEL DIAS;;;;;Queda;Anoitecer;;;Meio de Quadra;;;0;1;0;0;0;0;0;0;0;1;0;0;;;
362862;22;9;2020;18:46;0;RUA CEL DIONISIO ALENCAR;;;2399;;ColisÃ£o;;;;Meio de Quadra;;;0;1;0;1;0;0;0;0;0;1;0;0;;;
362863;22;9;2020;18:51;0;AV GAL OSORIO DE PAIVA;;;;;Atropelamento;;;;Meio de Quadra;;;0;2;0;0;0;0;0;0;0;1;0;0;;;
362196;22;9;2020;06:30;0;RD BR 116;;;13000;KM-13;ColisÃ£o Traseira;Luz do Dia;;Seca;Meio de Quadra;;;0;1;1;0;0;0;1;0;0;1;0;0;"-3,86467000000";"-38,49772700000";rod_match
360605;22;9;2020;12:40;0;RD CE-060;;;;KM-01;ColisÃ£o;Luz do Dia;;;Meio de Quadra;;;0;0;2;1;0;0;1;0;0;0;0;0;"-3,82613600000";"-38,57950000000";rod_match
360606;22;9;2020;11:30;0;RD CE-040;;;;KM-09;ColisÃ£o;Luz do Dia;;;Meio de Quadra;;;0;0;2;1;0;0;0;0;0;1;0;0;"-3,83445089700";"-38,48246582000";rod_match
360607;22;9;2020;14:30;0;RD CE-040;;;;KM-07;ColisÃ£o;Luz do Dia;;;Meio de Quadra;;;0;0;3;0;0;0;0;0;0;1;0;0;"-3,81715944500";"-38,48303286000";rod_match
360948;22;9;2020;15:25;21894;RUA DEP MATOSO FILHO;RUA XXIX CIDADE OESTE;;;;ColisÃ£o Transversal;Luz do Dia;Bom;Seca;Cruz;Pare;Residencial;0;1;1;0;0;0;1;0;0;1;0;0;"-3,73382140000";"-38,59409300000";inter_match
360932;23;9;2020;19:00;0;AV JOVITA FEITOSA;;;150;;ColisÃ£o Traseira;Via Iluminada;Bom;Seca;;;;0;1;1;1;0;0;0;0;0;1;0;0;"-3,73752625000";"-38,54518430000";mq_qgis
360602;23;9;2020;19:00;0;RD CE-060;;;;KM-03;ColisÃ£o;;;;Meio de Quadra;;;0;0;2;1;0;0;0;0;0;1;0;0;"-3,84303800000";"-38,58513300000";rod_match
360603;23;9;2020;22:40;0;AV MIN JOSE AMERICO;;;2000;;ColisÃ£o;;;;Meio de Quadra;;;0;0;2;1;0;0;0;0;0;0;0;0;"-3,81039350000";"-38,48362250000";mq_match
360600;23;9;2020;10:15;0;AV SEN CARLOS JEREISSATI (AEROPORTO);;;;KM 03;ColisÃ£o;Luz do Dia;;;Meio de Quadra;;;0;0;2;0;0;0;1;0;0;0;0;0;"-3,77964100000";"-38,54403800000";rod_match
362216;23;9;2020;08:50;0;RD BR 116;;;;KM-01;ColisÃ£o Traseira;Luz do Dia;;Seca;Meio de Quadra;;;0;1;1;1;0;0;0;0;0;1;0;0;"-3,76255400000";"-38,51870200000";rod_match
362867;23;9;2020;06:04;0;RUA MON CARNEIRO DA CUNHA;;;668;;Queda;Luz do Dia;;;Meio de Quadra;;;0;1;0;0;0;1;0;0;0;0;0;0;;;
362871;23;9;2020;11:40;22162;AV JOSE BASTOS;RUA PORFIRIO SAMPAIO;;;;ColisÃ£o;Luz do Dia;;;T;SemÃ¡foro;Comercial;0;1;2;0;0;0;0;0;0;0;0;0;"-3,74585100000";"-38,54627100000";inter_match
362872;23;9;2020;16:20;7862;AV ANTONIO SALES;RUA PRO DIAS DA ROCHA;;;;ColisÃ£o;Luz do Dia;;;Cruz;Pare;Comercial;0;1;1;0;0;0;0;0;0;0;0;0;"-3,74758600000";"-38,49553500000";inter_match
362879;23;9;2020;07:15;0;AV JOSE BASTOS;;;2426;;ColisÃ£o;Luz do Dia;;;Meio de Quadra;;;0;1;0;1;0;0;0;0;0;1;0;0;"-3,74307500000";"-38,54382300000";mq_match
362891;23;9;2020;07:20;0;RD QUARTO ANEL VIARIO;;;2335;;ColisÃ£o;Luz do Dia;;;Meio de Quadra;;;0;1;0;0;0;0;0;0;0;1;0;0;"-3,86815900000";"-38,50972000000";rod_match
362892;23;9;2020;07:53;0;RUA OSCAR ARARIPE;;;1529;;Atropelamento;Luz do Dia;;;Meio de Quadra;;;0;2;0;0;0;0;0;0;0;1;0;0;"-3,78938179000";"-38,60500010000";mq_qgis
362881;23;9;2020;07:20;0;RUA JULIO ABREU;;;860;;ColisÃ£o;Luz do Dia;;;Meio de Quadra;;;0;2;0;0;0;0;0;0;0;1;0;0;;;
362901;23;9;2020;08:19;0;AV JOSE BASTOS;;;;;ColisÃ£o;Luz do Dia;;;Meio de Quadra;;;0;2;0;0;0;0;1;0;0;1;0;0;;;
362906;23;9;2020;08:53;0;AV MR HULL;;;5640;;ColisÃ£o;Luz do Dia;;;Meio de Quadra;;;0;2;0;0;0;0;0;0;0;1;0;0;"-3,74014157000";"-38,59483640000";mq_qgis
362907;23;9;2020;11:00;0;AV CONTORNO NORTE D71;;;1237;;ColisÃ£o;Luz do Dia;;;Meio de Quadra;;;0;1;0;1;0;0;0;0;0;1;0;0;"-3,81347257000";"-38,58811210000";mq_qgis
362938;23;9;2020;11:56;0;RUA PLACIDO CARVALHO;;;150;;ColisÃ£o;Luz do Dia;;;Meio de Quadra;;;0;1;0;0;0;0;0;0;0;0;0;0;"-3,71892700000";"-38,55540750000";mq_qgis
362949;23;9;2020;12:42;0;RUA BAR AQUIRAZ;;;1759;;ColisÃ£o;Luz do Dia;;;Meio de Quadra;;;0;1;0;0;0;0;0;0;0;1;0;0;"-3,84235700000";"-38,48355000000";mq_qgis
362950;23;9;2020;13:06;22715;RUA EUCLIDES O DE SOUSA;RUA RAFAEL TOBIAS;;;;ColisÃ£o;Luz do Dia;;;;Pare;Residencial;0;1;0;0;0;0;0;0;0;1;0;0;"-3,79756500000";"-38,47213300000";inter_match
362953;23;9;2020;14:14;0;AV DA UNIVERSIDADE;;;;;Atropelamento;Luz do Dia;;;Meio de Quadra;;;0;1;0;1;0;0;0;0;0;0;0;0;;;
362956;23;9;2020;16:20;0;AV F CJ JOSE WALTER;;;401;;ColisÃ£o;Luz do Dia;;;Meio de Quadra;;;0;1;0;0;0;0;0;0;0;0;0;0;"-3,83571645000";"-38,55753900000";mq_qgis
362958;23;9;2020;17:08;0;RUA LIVINO DE CARVALHO;;;110;;Atropelamento;Anoitecer;;;Meio de Quadra;;;0;1;0;1;0;0;0;0;0;0;0;0;"-3,77112327000";"-38,55865110000";mq_qgis
362959;23;9;2020;17:21;0;AV ROGACIANO LEITE;;;400;;ColisÃ£o;Anoitecer;;;Meio de Quadra;;;0;2;0;1;0;0;0;0;0;1;0;0;"-3,76164925000";"-38,49339988000";mq_match
362962;23;9;2020;17:55;0;AV JOR THOMAZ COELHO;;;;;Queda;Anoitecer;;;Meio de Quadra;;;0;2;0;0;0;0;0;0;0;1;0;0;;;
362964;23;9;2020;18:13;0;RD BR 116;;;;;ColisÃ£o;Anoitecer;;;Meio de Quadra;;;0;2;0;0;0;0;0;0;0;0;0;0;;;
362966;23;9;2020;18:14;0;AV OLIVEIRA PAIVA;;;245;;ColisÃ£o;Anoitecer;;;Meio de Quadra;;;0;1;0;0;0;0;0;0;0;0;0;0;"-3,79837000000";"-38,50259300000";mq_match
362971;23;9;2020;19:01;0;AV WASHINGTON SOARES;;;4210;;ColisÃ£o;;;;Meio de Quadra;;;0;1;0;1;0;0;0;0;0;1;0;0;"-3,79372000000";"-38,48023000000";mq_gpsv
362972;23;9;2020;19:02;0;RUA GUILHERME PERDIGAO;;;352;;Queda;;;;Meio de Quadra;;;0;1;0;0;0;1;0;0;0;0;0;0;"-3,77474161000";"-38,57243670000";mq_qgis
362973;23;9;2020;21:38;0;RUA ANDRE REBOUCAS;;;371;;ColisÃ£o;;;;Meio de Quadra;;;0;1;0;1;0;0;0;0;0;1;0;0;"-3,77594010000";"-38,59129950000";mq_qgis
362969;23;9;2020;18:40;0;RUA NOVA CONQUISTA (PASSARE);;;24;;ColisÃ£o;;;;Meio de Quadra;;;0;1;0;0;0;0;0;0;0;0;0;0;"-3,81482000000";"-38,52132000000";mq_gpsv
360236;23;9;2020;09:19;0;RUA ADEMAR DE BARROS;AV PROF GERARDO RODRIGUES DE ALBUQUERQUE;;36;;ColisÃ£o Transversal;Luz do Dia;Nublado;Seca;Meio de Quadra;Pare;Residencial;0;1;0;1;0;0;0;0;0;1;0;0;"-3,78110000000";"-38,49727000000";inter_gpsv
360237;23;9;2020;10:10;9192;RUA MARIO MAMEDE;RUA PAULA RODRIGUES;;0;;ColisÃ£o Transversal;Luz do Dia;Bom;Seca;Cruz;Pare;Residencial;0;1;2;1;0;0;0;0;0;0;0;0;"-3,75328500000";"-38,52673900000";inter_match
360238;23;9;2020;11:10;0;AV LINEU MACHADO;;;400;;ColisÃ£o Lateral;Luz do Dia;Bom;Seca;Meio de Quadra;NÃ£o HÃ¡ Controle;Residencial;0;1;1;0;1;0;0;0;0;0;0;0;"-3,76369750000";"-38,57574050000";mq_match
360239;23;9;2020;16:19;0;RUA CARLOS AMORA;;;120;;ColisÃ£o Traseira;Luz do Dia;Bom;Seca;Meio de Quadra;NÃ£o HÃ¡ Controle;Comercial;0;1;1;1;0;1;0;0;0;0;0;0;"-3,77503450000";"-38,56376900000";mq_qgis
360234;23;9;2020;06:50;0;AV DEP PAULINO ROCHA;;;1320;;Queda;Luz do Dia;Bom;Seca;Meio de Quadra;SemÃ¡foro;Comercial;0;1;0;0;0;0;0;0;0;1;0;0;"-3,80975500000";"-38,50885000000";mq_match
360277;23;9;2020;20:30;1566;RUA PDE VALDEVINO;RUA SILVA PAULET;;;;ColisÃ£o Lateral;Via Iluminada;Bom;Seca;Cruz;SemÃ¡foro;Comercial;0;2;1;0;1;0;0;0;0;1;0;0;"-3,74195700000";"-38,50785100000";inter_match
360240;24;9;2020;01:09;15293;AV BAR STUDART;RUA TEN BENEVOLO;;0;PALÃCIO DA ABOLIÃ‡ÃƒO;ColisÃ£o Transversal;Via Iluminada;Bom;Seca;Cruz;SemÃ¡foro;Comercial;0;0;2;1;0;0;0;0;0;0;0;0;"-3,72939000000";"-38,50490800000";inter_match
360241;24;9;2020;07:10;22724;RUA EUCLIDES O DE SOUSA;RUA ELISEU ORIA;;;;ColisÃ£o Lateral;Luz do Dia;Bom;Seca;Cruz;Pare;Residencial;0;1;1;1;0;0;0;0;0;1;0;0;"-3,79801100000";"-38,47720200000";inter_match
360242;24;9;2020;09:05;2884;RUA MARIA JULIA;RUA MARTINS CARVALHO;;;;ColisÃ£o Transversal;Luz do Dia;Bom;Seca;Cruz;Pare;Comercial;0;1;1;1;0;0;0;0;0;1;0;0;"-3,79633300000";"-38,60094900000";inter_match
360243;24;9;2020;08:14;9073;RUA LAURO MAIA;RUA CEL JOSE EUCLIDES;;;;ColisÃ£o Transversal;Luz do Dia;Bom;Seca;Cruz;Pare;Comercial;0;1;1;1;0;0;0;0;0;1;0;0;"-3,75206100000";"-38,52191500000";inter_match
360244;24;9;2020;17:20;5695;RUA CHICO LEMOS;RUA MARGARIDA DE QUEIROZ;;;;ColisÃ£o Transversal;Via Iluminada;Bom;Seca;Cruz;Pare;Residencial;0;2;1;1;0;0;0;0;0;1;0;0;"-3,79188100000";"-38,49886900000";inter_match
360245;24;9;2020;16:15;0;RUA WALDIR DIOGO;;;112;;Engavetamento;Luz do Dia;Bom;Seca;Meio de Quadra;SemÃ¡foro;Residencial;0;0;3;1;0;0;0;0;0;0;0;0;"-3,80784081000";"-38,57932440000";mq_qgis