COD_ACIDENTE;DIA;MES;ANO;HORA;INTERSECAO;LOG1;LOG2;LOG3;NUMERO;REFERENCIA;NATUREZA;ILUMINACAO;TEMPO;SUPERFICIEPISTA;TIPOCRUZAMENTO;CONTROLETRAFEGO;USOSOLO;MORTOS;FERIDOS;ILESOS;AUTOMOVEL;ONIBUS;BICICLETA;CAMINHAO;MICROONIBUS;CICLOMOTOR;MOTOCICLETA;TRACAOANIMAL;TREM;LATITUDE;LONGITUDE;METODO
363614;7;10;2020;02:39;0;AV FRANCISCO SA;;;80;;Atropelamento;;;;Meio de Quadra;;;0;1;0;0;0;0;0;0;0;1;0;0;"-3,72268000000";"-38,54113000000";mq_gpsv
363615;7;10;2020;03:29;0;AV MR HULL;;;1035;;ColisÃ£o;;;;Meio de Quadra;;;0;1;0;1;0;0;0;0;0;1;0;0;"-3,73683000000";"-38,56948000000";mq_gpsv
363616;7;10;2020;04:44;0;RUA ASP MENDES;;;55;;Queda;;;;Meio de Quadra;;;0;1;0;0;0;0;0;0;0;1;0;0;"-3,76356000000";"-38,51511000000";mq_gpsv
363617;7;10;2020;05:40;19269;RUA PRO GOMES BRASIL;RUA MARACANA;;;;ColisÃ£o;Amanhecer;;;Cruz;Pare;Comercial;0;2;0;0;0;0;0;0;0;0;0;0;"-3,77284000000";"-38,56843800000";inter_match
363618;7;10;2020;05:41;0;AV PERIMETRAL;;;2235;;ColisÃ£o;Amanhecer;;;Meio de Quadra;;;0;2;0;1;0;0;0;0;0;1;0;0;;;
363620;7;10;2020;07:02;0;RUA GABRIEL FIUZA;;;415;;ColisÃ£o;Luz do Dia;;;Meio de Quadra;;;0;1;0;1;0;0;0;0;0;1;0;0;"-3,78703900000";"-38,57993700000";mq_match
363621;7;10;2020;07:55;0;AV DES MOREIRA;;;2640;;Queda;Luz do Dia;;;Meio de Quadra;;;0;1;0;0;0;1;0;0;0;0;0;0;"-3,74861621000";"-38,50230720000";mq_qgis
363622;7;10;2020;09:15;0;RUA DOM LINO;;;101;;ColisÃ£o;Luz do Dia;;;Meio de Quadra;;;0;1;0;1;0;0;0;0;0;0;0;0;"-3,73525000000";"-38,55733000000";mq_gpsv
363658;7;10;2020;11:18;0;RUA JOSE DANTAS PEREIRA;;;;;Queda;Luz do Dia;;;Meio de Quadra;;;0;1;0;0;0;0;0;0;0;1;0;0;;;
363660;7;10;2020;12:09;0;RUA DOM SEBASTIAO LEME;;;;;ColisÃ£o;Luz do Dia;;;Meio de Quadra;;;0;1;0;1;0;0;0;0;1;0;0;0;;;
363661;7;10;2020;12:34;0;RUA PRO HERIBALDO COSTA;;;2031;;Queda;Luz do Dia;;;Meio de Quadra;;;0;1;0;0;0;0;0;0;0;1;0;0;"-3,76897800000";"-38,58854400000";mq_qgis
363672;7;10;2020;15:57;0;AV PRS COSTA E SILVA;;;;;Queda;Luz do Dia;;;Meio de Quadra;;;0;1;0;0;0;1;0;0;0;0;0;0;;;
363680;7;10;2020;17:42;0;AV AMERICO BARREIRA;;;3112;;ColisÃ£o;Anoitecer;;;Meio de Quadra;;;0;1;0;1;0;0;0;0;0;1;0;0;"-3,75908000000";"-38,56369000000";mq_gpsv
363681;7;10;2020;18:06;0;RD BR 116;;;4000;KM-04;Outros;Anoitecer;;;Meio de Quadra;;;0;1;0;0;0;1;0;0;0;0;0;0;"-3,80235400000";"-38,50386900000";rod_match
363682;7;10;2020;18:12;0;RUA SGT JOAO PINHEIRO;;;751;;ColisÃ£o;Anoitecer;;;Meio de Quadra;;;0;2;0;1;0;0;0;0;0;1;0;0;"-3,78218371000";"-38,62261620000";mq_qgis
363683;7;10;2020;18:36;0;RUA JOSE ABILIO;;;885;;ColisÃ£o;;;;Meio de Quadra;;;0;1;0;1;0;0;0;0;0;1;0;0;"-3,78363300000";"-38,59939300000";mq_gpsv
363684;7;10;2020;18:40;0;AV ALBERTO CRAVEIRO;;;530;;ColisÃ£o;;;;Meio de Quadra;;;0;1;0;1;0;0;0;0;0;1;0;0;"-3,78314300000";"-38,51669300000";mq_qgis
363685;7;10;2020;19:13;581;AV FRANCISCO SA;AV PASTEUR;;;;ColisÃ£o;;;;Cruz;SemÃ¡foro;Comercial;0;1;0;1;0;0;0;0;0;1;0;0;"-3,71632500000";"-38,56056700000";inter_match
363686;7;10;2020;19:20;0;RUA JOAO MARIANO;;;582;;Atropelamento;;;;Meio de Quadra;;;0;1;0;1;0;0;0;0;0;0;0;0;"-3,79105069000";"-38,47561290000";mq_qgis
363667;7;10;2020;13:24;0;RUA FIRMINO ROCHA AGUIAR;;;909;;ColisÃ£o;Luz do Dia;;;Meio de Quadra;;;0;2;0;1;0;0;0;0;0;1;0;0;"-3,76313000000";"-38,48429000000";mq_gpsv
363668;7;10;2020;13:40;0;RUA 511 CJ CEARA;;;62;;Queda;Luz do Dia;;;Meio de Quadra;;;0;1;0;0;0;1;0;0;0;0;0;0;"-3,77062119000";"-38,61004940000";mq_qgis
363688;7;10;2020;19:57;1462;RUA NUNES VALENTE;RUA JOAO CARVALHO;;;;Atropelamento;;;;Cruz;Pare;Comercial;0;1;0;0;0;0;0;0;0;1;0;0;"-3,73859900000";"-38,50449100000";inter_match
363689;7;10;2020;20:02;0;AV SANTOS DUMONT;;;1169;;ColisÃ£o;;;;Meio de Quadra;;;0;1;0;1;0;1;0;0;0;0;0;0;"-3,73143720000";"-38,51295000000";mq_match
363690;7;10;2020;20:56;0;RUA OSCAR ARARIPE;;;270;;ColisÃ£o;;;;Meio de Quadra;;;0;1;0;1;0;0;0;0;0;1;0;0;"-3,79297683000";"-38,59385640000";mq_qgis
363691;7;10;2020;22:26;0;RUA PARANA;;;15;;Queda;;;;Meio de Quadra;;;0;1;0;0;0;0;0;0;0;1;0;0;"-3,75775823000";"-38,56865320000";mq_qgis
363692;7;10;2020;23:20;0;AV PRS CASTELO BRANCO;;;;;Queda;;;;Meio de Quadra;;;0;1;0;0;0;0;0;0;0;1;0;0;;;
363670;7;10;2020;15:27;0;RUA OLIVEIRA SOBRINHO;;;354;;Queda;Luz do Dia;;;Meio de Quadra;;;0;1;0;0;0;0;0;0;0;1;0;0;"-3,78302325000";"-38,58541970000";mq_qgis
362430;7;10;2020;22:39;0;AV JOR THOMAZ COELHO;;;2239;;ColisÃ£o Lateral;Luz do Dia;Bom;Seca;Meio de Quadra;NÃ£o HÃ¡ Controle;Comercial;1;0;1;0;0;0;0;0;0;1;0;0;"-3,82800975000";"-38,51572980000";mq_qgis
362482;7;10;2020;07:58;19436;AV AUGUSTO DOS ANJOS;RUA SEIXAS CORREIA;;0;;NÃ£o Informado;Luz do Dia;Bom;Seca;Cruz;SemÃ¡foro;Comercial;0;0;2;0;1;0;0;0;0;1;0;0;"-3,77941200000";"-38,57849600000";inter_match
362483;7;10;2020;10:17;9069;RUA LAURO MAIA;RUA GUILHERME MOREIRA;;;;NÃ£o Informado;Luz do Dia;Bom;Seca;Cruz;Pare;Residencial;0;0;2;1;0;0;0;0;0;0;0;0;"-3,74967300000";"-38,52239900000";inter_match
362484;7;10;2020;10:04;0;AV SGT HERMINIO SAMPAIO;;;1338;;ColisÃ£o Traseira;NÃ£o Informado;Bom;Seca;Meio de Quadra;NÃ£o HÃ¡ Controle;Comercial;0;1;1;0;1;0;0;0;0;1;0;0;"-3,72493433300";"-38,55266167000";mq_match
362485;7;10;2020;11:48;0;AV ABOLICAO;;;2667;;ColisÃ£o Lateral;Luz do Dia;Bom;Seca;Meio de Quadra;NÃ£o HÃ¡ Controle;Comercial;0;1;1;0;0;0;0;0;0;0;0;0;"-3,72711400000";"-38,49649000000";mq_match
362486;7;10;2020;12:20;9143;RUA JUVENAL DE CARVALHO;RUA DR JOSE VITOR;;0;;ColisÃ£o Transversal;Luz do Dia;Bom;Seca;Cruz;Pare;Comercial;0;0;1;1;0;0;0;0;0;0;0;0;"-3,74755760000";"-38,52505500000";inter_match
362487;7;10;2020;16:13;0;AV SEN FERNANDES TAVORA;;;2572;;Choque c/ ObstÃ¡culo Fixo;Luz do Dia;Bom;Seca;Meio de Quadra;NÃ£o HÃ¡ Controle;Residencial;0;1;0;0;0;0;0;0;0;1;0;0;"-3,75541300000";"-38,59670100000";mq_qgis
362488;7;10;2020;16:32;0;AV RUI BARBOSA;;;2728;;ColisÃ£o Traseira;Luz do Dia;Bom;Seca;Meio de Quadra;NÃ£o HÃ¡ Controle;Comercial;0;0;0;1;0;0;0;0;0;0;0;0;"-3,74712560000";"-38,51302370000";mq_qgis
362489;7;10;2020;19:24;0;RUA VALPARAISO;;;545;;ColisÃ£o Traseira;Via Iluminada;Bom;Seca;;;;0;0;2;1;1;0;0;0;0;0;0;0;"-3,84455211000";"-38,52534850000";mq_qgis
362490;7;10;2020;18:45;10777;RUA VITORIA (AV. PERIMETRAL);RUA PORTO ALEGRE;;;;ColisÃ£o Transversal;Via Iluminada;Bom;Seca;Cruz;Pare;Comercial;0;1;1;0;0;0;0;0;0;1;0;0;"-3,76219300000";"-38,58694700000";inter_match
362491;8;10;2020;08:10;0;RUA POMPILIO GOMES;RUA RUA MARIA ANALIA;;0;;ColisÃ£o Lateral;Luz do Dia;Bom;Seca;Meio de Quadra;SemÃ¡foro;Residencial;0;1;1;0;0;0;0;0;0;1;0;0;"-3,82484000000";"-38,58289000000";inter_gpsv
362492;8;10;2020;20:06;0;AV FRANCISCO SA;;;5438;;ColisÃ£o Traseira;Mal Iluminada;Bom;Seca;Meio de Quadra;NÃ£o HÃ¡ Controle;Comercial;0;0;2;1;0;0;0;0;0;1;0;0;"-3,71215300000";"-38,57270000000";mq_match
362442;8;10;2020;07:15;5067;RUA PDE MORORO;RUA SEN ALENCAR;;;;ColisÃ£o Transversal;Luz do Dia;Bom;Seca;Cruz;Pare;Residencial;0;1;1;1;0;0;0;0;0;0;0;0;"-3,72216000000";"-38,53647500000";inter_match
362244;8;10;2020;07:13;0;RD BR 116;;;;KM-05;ColisÃ£o Traseira;Luz do Dia;;Seca;Meio de Quadra;;;0;3;0;0;0;0;0;0;0;1;0;0;"-3,79650200000";"-38,50678700000";rod_match
362245;8;10;2020;07:35;0;RD BR 116;;;;KM-06;ColisÃ£o Traseira;Luz do Dia;;Seca;Meio de Quadra;;;0;1;2;1;0;0;0;0;0;1;0;0;"-3,80469100000";"-38,50305300000";rod_match
362247;8;10;2020;07:55;0;RD BR 222;;;;KM-03;Tombamento;Luz do Dia;;Seca;Meio de Quadra;;;0;0;2;0;1;0;0;0;0;1;0;0;"-3,74030084800";"-38,59594097000";rod_match
362260;8;10;2020;11:30;0;RD BR 222;;;;;Queda;Luz do Dia;;Seca;Meio de Quadra;;;0;1;0;0;0;0;0;0;0;1;0;0;;;
362531;8;10;2020;08:17;0;RUA ARTUR DE SOUZA;;;1250;;ColisÃ£o;Luz do Dia;Bom;Seca;Meio de Quadra;NÃ£o HÃ¡ Controle;Residencial;0;1;0;1;0;1;0;0;0;0;0;0;;;
362821;8;10;2020;13:45;19820;AV JOVITA FEITOSA;RUA GAL PIRAGIBE;;;;ColisÃ£o Transversal;Luz do Dia;Bom;Seca;Cruz;SemÃ¡foro;Residencial;0;0;2;1;0;0;0;0;0;0;0;0;"-3,74004900000";"-38,55748400000";inter_match
362438;8;10;2020;22:40;0;RUA JOSE ABILIO;;;865;;ColisÃ£o Lateral;Via Iluminada;Bom;Seca;;;;0;1;1;1;1;0;0;0;0;0;0;0;"-3,78363300000";"-38,59939300000";mq_gpsv
363695;8;10;2020;07:20;5060;RUA CASTRO E SILVA;AV IMPERADOR;;;;Atropelamento;Luz do Dia;;;Cruz;SemÃ¡foro;Comercial;0;1;0;1;0;0;0;0;0;0;0;0;"-3,72201300000";"-38,53291600000";inter_match
363696;8;10;2020;07:45;0;AV ABOLICAO;;;3949;;Atropelamento;Luz do Dia;;;Meio de Quadra;;;0;1;0;1;0;0;0;0;0;0;0;0;"-3,72516500000";"-38,48365300000";mq_match
363697;8;10;2020;07:56;0;AV FRANCISCO SA;;;5556;;ColisÃ£o;Luz do Dia;;;Meio de Quadra;;;0;2;0;0;0;0;0;0;0;0;0;0;"-3,71204000000";"-38,57293000000";mq_gpsv
363693;8;10;2020;05:00;0;TERM TERMINAL DO ANTONIO BEZERRA;;;;;ColisÃ£o;Amanhecer;;;Meio de Quadra;;;0;1;0;1;0;0;0;0;0;1;0;0;;;
363700;8;10;2020;08:43;0;AV PRS COSTA E SILVA;;;200;;Queda;Luz do Dia;;;Meio de Quadra;;;0;1;0;0;0;0;0;0;0;1;0;0;"-3,83733000000";"-38,55855000000";mq_gpsv
363701;8;10;2020;08:47;0;AV J CJ JOSE WALTER;;;;;ColisÃ£o;Luz do Dia;;;Meio de Quadra;;;0;1;0;1;0;0;0;0;0;1;0;0;;;
363702;8;10;2020;09:00;0;RUA MACHADO DE ASSIS;;;596;;Queda;Luz do Dia;;;Meio de Quadra;;;0;1;0;0;0;0;0;0;0;1;0;0;"-3,75104072000";"-38,54972800000";mq_qgis
363703;8;10;2020;09:49;0;RUA CAROLINA SUCUPIRA;;;165;;ColisÃ£o;Luz do Dia;;;Meio de Quadra;;;0;1;0;1;0;0;0;0;0;1;0;0;"-3,74073200000";"-38,50134700000";mq_qgis
363704;8;10;2020;10:03;0;AV JOR THOMAZ COELHO;;;;;ColisÃ£o;Luz do Dia;;;Meio de Quadra;;;0;1;0;0;0;0;0;0;0;0;0;0;;;
363705;8;10;2020;10:05;0;RUA MIGUEL GURGEL;;;;;ColisÃ£o;Luz do Dia;;;Meio de Quadra;;;0;1;0;1;0;0;0;0;0;1;0;0;;;
363706;8;10;2020;13:43;0;RUA COS ESTELITA;;;43;;ColisÃ£o;Luz do Dia;;;Meio de Quadra;;;0;1;0;1;0;0;0;0;0;1;0;0;"-3,72134314000";"-38,53856570000";mq_qgis
363707;8;10;2020;13:46;0;RUA MONTE PASCOAL;;;831;;ColisÃ£o;Luz do Dia;;;Meio de Quadra;;;0;1;0;1;0;1;0;0;0;0;0;0;"-3,80645000000";"-38,59617000000";mq_gpsv
363698;8;10;2020;08:38;0;RUA PRO JOSE HENRIQUE;;;951;;ColisÃ£o;Luz do Dia;;;Meio de Quadra;;;0;2;0;1;0;0;0;0;0;1;0;0;"-3,83040000000";"-38,48101000000";mq_gpsv
363709;8;10;2020;16:32;0;RUA PDE PEDRO DE ALENCAR;;;722;;ColisÃ£o;Luz do Dia;;;Meio de Quadra;;;0;1;0;1;0;0;0;0;0;1;0;0;"-3,83430027000";"-38,49409370000";mq_qgis
363710;8;10;2020;16:53;0;RUA LICURGO MONTENEGRO;;;;;ColisÃ£o;Luz do Dia;;;Meio de Quadra;;;0;1;0;1;0;0;0;0;0;1;0;0;;;
363714;8;10;2020;16:54;26246;RUA ANTONIO NERY;RUA JOSE ABILIO;;;;ColisÃ£o;Luz do Dia;;;Cruz;Pare;Residencial;0;1;0;1;0;0;0;0;0;1;0;0;"-3,78301377400";"-38,60155828600";inter_match
363722;8;10;2020;17:03;0;AV ENG LEAL LIMA VERDE (SAPIRANGA/COITE);;;375;;ColisÃ£o;Anoitecer;;;Meio de Quadra;;;0;1;0;1;0;0;0;0;0;1;0;0;"-3,79108100000";"-38,47609400000";mq_match
363723;8;10;2020;17:17;0;AV GAL OSORIO DE PAIVA;;;;;Queda;Anoitecer;;;Meio de Quadra;;;0;1;0;0;0;0;0;0;0;1;0;0;;;
363724;8;10;2020;17:17;0;AV DR THEBERGE;;;;;ColisÃ£o;Anoitecer;;;Meio de Quadra;;;0;1;0;1;0;0;0;0;0;1;0;0;;;
363725;8;10;2020;18:07;0;AV MIN JOSE AMERICO;;;;;Atropelamento;Anoitecer;;;Meio de Quadra;;;0;1;0;0;0;0;0;0;0;0;0;0;;;
363726;8;10;2020;18:14;0;RUA COS LAFAYETE;;;1010;;ColisÃ£o;Anoitecer;;;Meio de Quadra;;;0;1;0;0;0;0;0;0;0;0;0;0;"-3,71757800000";"-38,58718700000";mq_match
363727;8;10;2020;18:43;0;AV WASHINGTON SOARES;;;8590;;Atropelamento;;;;Meio de Quadra;;;0;1;0;0;0;0;0;0;0;1;0;0;"-3,82631350000";"-38,48176600000";mq_qgis
363728;8;10;2020;19:01;0;RUA DUAS NACOES;;;1359;;Queda;;;;Meio de Quadra;;;0;1;0;0;0;0;0;0;0;1;0;0;"-3,78368000000";"-38,60388000000";mq_gpsv
363729;8;10;2020;19:31;0;AV MR HULL;;;;;ColisÃ£o;;;;Meio de Quadra;;;0;3;0;0;0;0;0;0;0;1;0;0;;;
363734;8;10;2020;20:11;0;AV ROGACIANO LEITE;;;930;;ColisÃ£o;;;;Meio de Quadra;;;0;2;0;1;0;0;0;0;0;0;0;0;"-3,76497749000";"-38,49552760000";mq_qgis
363737;8;10;2020;22:12;0;RUA CON DE CASTRO;;;6007;;ColisÃ£o;;;;Meio de Quadra;;;0;1;0;1;0;0;0;0;0;1;0;0;"-3,81532865200";"-38,59933207000";mq_match
363892;9;10;2020;08:00;0;RUA JOAO BRIGIDO;;;2200;HIPER MERCADO SÃƒO JOSÃ‰;Atropelamento;Luz do Dia;;;Meio de Quadra;;;1;0;1;1;0;0;0;0;0;0;0;0;"-3,73921892000";"-38,52017270000";mq_qgis
363182;9;10;2020;23:43;0;RUA CON DE CASTRO;;;1320;;Atropelamento;;;;Meio de Quadra;;;1;1;0;0;0;0;0;0;0;1;0;0;"-3,78341800000";"-38,57196100000";fat_match
363173;9;10;2020;21:51;15117;AV HIS RAIMUNDO GIRAO;RUA MON BRUNO;;;;ColisÃ£o;;;;T;NÃ£o HÃ¡ Controle;Comercial;0;1;0;0;0;0;0;0;0;0;0;0;"-3,72307600000";"-38,50641500000";inter_match
363159;9;10;2020;20:26;0;AV SANTOS DUMONT;;;6400;;ColisÃ£o;;;;Meio de Quadra;;;0;0;2;0;0;0;0;0;0;0;0;0;"-3,74368700000";"-38,47523100000";mq_match
363153;9;10;2020;15:10;0;RUA ALCIDES GERARDO;;;71;;Queda;Luz do Dia;;;Meio de Quadra;;;0;1;0;0;0;0;0;0;0;1;0;0;"-3,84616586000";"-38,52567120000";mq_qgis
363154;9;10;2020;16:55;0;AV PRO JOSE ARTHUR CARVALHO;;;10;;ColisÃ£o;Luz do Dia;;;Meio de Quadra;;;0;1;1;0;0;0;0;0;0;1;0;0;"-3,82459000000";"-38,45840000000";mq_gpsv
363134;9;10;2020;13:45;0;RUA PEREIRA FILGUEIRAS;;;564;;Queda;Luz do Dia;;;Meio de Quadra;;;0;1;0;0;0;0;0;0;0;1;0;0;"-3,72683222000";"-38,51758970000";mq_qgis
363098;9;10;2020;12:11;11287;RUA GUILHERME V DA COSTA;RUA PAURILO BARROSO;;;;ColisÃ£o;Luz do Dia;;;;;;0;1;1;0;0;0;0;0;0;1;0;0;"-3,79904000000";"-38,56912000000";inter_gpsv
363095;9;10;2020;12:11;17212;TR GUILHERME ROCHA;RUA SAO FRANCISCO D71;;;;ColisÃ£o;Luz do Dia;;;;;;0;1;1;0;0;0;0;0;0;1;0;0;"-3,83622000000";"-38,52795000000";inter_gpsv
363087;9;10;2020;05:58;0;RUA VIS BARBACENA D61;;;2887;;ColisÃ£o;Amanhecer;;;Meio de Quadra;;;0;1;0;0;0;0;0;0;0;0;0;0;;;
363088;9;10;2020;06:58;0;AV ALBERTO NEPOMUCENO;;;339;;ColisÃ£o;Luz do Dia;;;Meio de Quadra;;;0;1;1;1;0;0;0;0;0;1;0;0;"-3,72403500000";"-38,52477500000";mq_match
363089;9;10;2020;08:32;9904;RUA JOAO GENTIL;ET DO JATOBA;;;;ColisÃ£o;Luz do Dia;;;T;;Residencial;0;1;1;1;0;0;0;0;0;1;0;0;"-3,74503000000";"-38,53919000000";inter_gpsv
363090;9;10;2020;10:11;0;RUA CON DE CASTRO;;;1357;;ColisÃ£o;Luz do Dia;;;Meio de Quadra;;;0;1;1;1;0;0;0;0;0;1;0;0;;;
363091;9;10;2020;10:25;0;RUA EQUADOR;;;;;Atropelamento;Luz do Dia;;;Meio de Quadra;;;0;1;1;0;0;0;0;0;0;1;0;0;;;
363092;9;10;2020;11:22;0;RUA LUIZA NOBRE;;;117;;ColisÃ£o;Luz do Dia;;;Meio de Quadra;;;0;1;1;1;0;1;0;0;0;0;0;0;"-3,84385000000";"-38,57911000000";mq_gpsv
363093;9;10;2020;11:46;0;RUA PAURILO BARROSO;;;115;;ColisÃ£o;Luz do Dia;;;Meio de Quadra;;;0;1;1;0;0;0;0;0;0;1;0;0;"-3,79962802200";"-38,56928480000";mq_match
363085;9;10;2020;01:56;0;AV DR SILAS MUNGUBA;;;3281;;Choque c/ ObstÃ¡culo Fixo;;;;Meio de Quadra;;;0;1;0;1;0;0;0;0;0;0;0;0;"-3,78895342000";"-38,54442150000";mq_qgis
362826;9;10;2020;13:33;4621;RUA CRISANTO M DA ROCHA;RUA WALDEMAR ALCANTARA;;;;ColisÃ£o Lateral;Luz do Dia;;;Cruz;Pare;Comercial;0;1;1;1;0;0;0;0;0;1;0;0;"-3,79922300000";"-38,48081300000";inter_match
362823;9;10;2020;23:20;0;AV PRO JOSE ARTHUR CARVALHO;;;;;ColisÃ£o Frontal;Mal Iluminada;Bom;Seca;Meio de Quadra;;;1;1;1;1;0;0;0;0;0;1;0;0;"-3,82682500000";"-38,47155100000";fat_match
362261;9;10;2020;20:10;0;RD BR 116;;;;KM-07;Tombamento;;;Seca;Meio de Quadra;;;0;2;0;0;0;0;0;0;0;1;0;0;"-3,78627635900";"-38,51156140000";rod_match
362493;9;10;2020;01:44;0;AV DES FAUSTINO ALBUQUERQUE;;;96;;ColisÃ£o Traseira;Via Iluminada;Bom;Seca;Meio de Quadra;;;0;0;1;0;0;0;0;0;0;0;0;0;"-3,78057661000";"-38,49792090000";mq_qgis
362494;9;10;2020;07:00;17338;RUA BAR SOBRAL;RUA ZACARIAS GONDIM;;;;ColisÃ£o Transversal;Luz do Dia;Bom;Seca;Cruz;Pare;Comercial;0;1;1;1;0;0;0;0;0;1;0;0;"-3,76528000000";"-38,55730700000";inter_match
362495;9;10;2020;13:20;10804;RUA PDE SA LEITAO;RUA FLORIANOPOLIS;;;;ColisÃ£o Transversal;Luz do Dia;Bom;Seca;Cruz;Pare;Residencial;0;1;1;1;0;0;0;0;0;1;0;0;"-3,76345600000";"-38,58221600000";inter_match
362496;9;10;2020;13:05;0;RUA PDE MORORO;;;0;;ColisÃ£o Transversal;Luz do Dia;Bom;Seca;Meio de Quadra;Pare;Comercial;0;1;1;1;0;0;0;0;0;1;0;0;;;
362497;9;10;2020;15:48;9207;RUA CEL PERGENTINO FERREIRA;RUA CAROLINO DE AQUINO;;;;ColisÃ£o Lateral;Luz do Dia;Bom;Seca;Cruz;Pare;Residencial;0;1;2;1;0;0;0;0;0;0;0;0;"-3,74903400000";"-38,52732300000";inter_match
362498;9;10;2020;16:26;23660;RUA BAR CRATO;RUA CHASTINET GUIMARAES;;0;;ColisÃ£o Lateral;Luz do Dia;Bom;Seca;Cruz;Pare;Comercial;0;1;2;1;0;0;0;0;0;1;0;0;"-3,72290900000";"-38,56585600000";inter_match
362499;9;10;2020;18:36;0;AV PONTES VIEIRA;;;267;;ColisÃ£o Traseira;Via Iluminada;Bom;Seca;Meio de Quadra;NÃ£o HÃ¡ Controle;Comercial;0;1;1;1;0;0;0;0;0;1;0;0;"-3,75327200000";"-38,51812700000";mq_match
362500;9;10;2020;19:31;24293;RUA JULIO ABREU;RUA DELMIRO GOUVEIA;;131;;ColisÃ£o Traseira;Via Iluminada;Bom;Seca;Cruz;Gesto;Comercial;0;0;3;1;0;0;0;0;0;0;0;0;"-3,73590000000";"-38,48807200000";inter_match
362501;9;10;2020;19:30;12501;AV JOSE BASTOS;RUA DIAMANTINA;;0;;Queda;Via Iluminada;Bom;Seca;T;SemÃ¡foro;Comercial;0;1;0;0;0;0;0;0;0;1;0;0;"-3,76497800000";"-38,56740200000";inter_match
362502;9;10;2020;19:10;0;AV JOVITA FEITOSA;;;554;;ColisÃ£o Traseira;Via Iluminada;Bom;Seca;Meio de Quadra;NÃ£o HÃ¡ Controle;Residencial;0;0;0;0;0;0;0;0;0;0;0;0;"-3,73829700000";"-38,54891900000";mq_match
362503;9;10;2020;19:00;0;AV PRS COSTA E SILVA;;;2527;;ColisÃ£o Lateral;Via Iluminada;Bom;Seca;Meio de Quadra;SemÃ¡foro;Comercial;0;1;2;1;0;0;0;0;0;1;0;0;"-3,82057600000";"-38,55947616000";mq_match
362504;9;10;2020;18:45;0;AV SGT HERMINIO SAMPAIO;;;709;;Atropelamento;Via Iluminada;Bom;Seca;Meio de Quadra;NÃ£o HÃ¡ Controle;Residencial;1;1;0;0;0;0;0;0;0;1;0;0;"-3,72460200000";"-38,54699100000";mq_match
362505;9;10;2020;21:07;0;RUA CON DE CASTRO;;;8751;;NÃ£o Informado;Via Iluminada;Bom;Seca;Meio de Quadra;NÃ£o HÃ¡ Controle;Residencial;0;0;3;1;1;0;0;0;0;0;0;0;"-3,82176300000";"-38,60436600000";mq_match
362506;9;10;2020;21:55;15277;AV SEN VIRGILIO TAVORA;AV ANTONIO JUSTA;;;;ColisÃ£o Transversal;Via Iluminada;Bom;Seca;Cruz;Gesto;Comercial;0;1;1;1;0;1;0;0;0;0;0;0;"-3,72887500000";"-38,49069200000";inter_match
362507;9;10;2020;20:20;0;AV JOSE JATAHY;;;1450;;Choque c/ ObstÃ¡culo Fixo;Mal Iluminada;Bom;Seca;Meio de Quadra;NÃ£o HÃ¡ Controle;Residencial;0;0;1;0;0;0;0;0;0;0;0;0;"-3,73429493000";"-38,54418020000";mq_qgis
362508;10;10;2020;09:22;0;RUA ALVES RIBEIRO;;;0;;ColisÃ£o Lateral;Luz do Dia;Bom;Seca;Meio de Quadra;NÃ£o HÃ¡ Controle;Comercial;0;1;2;1;0;0;0;0;0;0;0;0;;;
362509;10;10;2020;12:00;7265;AV ODILON GUIMARAES;RUA NENEN ARRUDA;;;;Engavetamento;Luz do Dia;Bom;Seca;Cruz;Pare;Comercial;0;1;2;1;0;0;0;0;0;1;0;0;"-3,82150400000";"-38,47654800000";inter_match
362510;10;10;2020;16:24;10721;RUA CURITIBA;RUA PRO MIRAMAR DA PONTE;;;;ColisÃ£o Transversal;Luz do Dia;Bom;Seca;Cruz;Pare;Residencial;0;0;2;0;0;0;0;0;0;1;0;0;"-3,75958600000";"-38,58462800000";inter_match
362511;10;10;2020;17:10;1754;RUA MAJ GERARDO MENDES;RUA JOSE BUSON;;;;ColisÃ£o Transversal;Anoitecer;Bom;Material Derrapante;Cruz;Pare;Residencial;0;1;4;1;0;0;0;0;0;0;0;0;"-3,76391000000";"-38,51364000000";inter_gpsv
362512;10;10;2020;17:40;21801;RUA DEP MATOSO FILHO;RUA GONCALO BEZERRA;;0;;ColisÃ£o Lateral;Anoitecer;Bom;Seca;Cruz;Pare;Comercial;0;1;2;1;0;0;0;0;0;1;0;0;"-3,73014000000";"-38,58525600000";inter_match
362513;10;10;2020;21:49;271;AV JOVITA FEITOSA;RUA AMADEU FURTADO;;;;NÃ£o Informado;Luz do Dia;Bom;Seca;Cruz;SemÃ¡foro;Comercial;0;1;1;1;0;0;0;0;0;1;0;0;"-3,74117300000";"-38,56291500000";inter_match
362514;10;10;2020;20:20;5397;AV DUQ CAXIAS;RUA ASSUNCAO;;;;ColisÃ£o Lateral;Via Iluminada;Bom;Seca;Cruz;SemÃ¡foro;Comercial;0;4;0;0;0;0;0;0;0;1;0;0;"-3,73240500000";"-38,52795200000";inter_match