COD_ACIDENTE;DIA;MES;ANO;HORA;INTERSECAO;LOG1;LOG2;LOG3;NUMERO;REFERENCIA;NATUREZA;ILUMINACAO;TEMPO;SUPERFICIEPISTA;TIPOCRUZAMENTO;CONTROLETRAFEGO;USOSOLO;MORTOS;FERIDOS;ILESOS;AUTOMOVEL;ONIBUS;BICICLETA;CAMINHAO;MICROONIBUS;CICLOMOTOR;MOTOCICLETA;TRACAOANIMAL;TREM;LATITUDE;LONGITUDE;METODO
362830;10;10;2020;16:20;5130;RUA CASTRO E SILVA;RUA FLORIANO PEIXOTO;;;;ColisÃ£o Lateral;Luz do Dia;Bom;Seca;Cruz;Pare;Comercial;0;1;1;1;0;0;0;0;0;1;0;0;"-3,72427200000";"-38,52611000000";inter_match
363183;10;10;2020;00:45;0;AV GAL MURILO BORGES;;;;;ColisÃ£o;;;;Meio de Quadra;;;0;1;0;0;0;0;0;0;0;0;0;0;;;
363186;10;10;2020;01:08;0;RUA OLIMPIO LEITE;;;259;;Queda;;;;Meio de Quadra;;;0;1;0;0;0;0;0;0;0;1;0;0;"-3,81438034000";"-38,48227140000";mq_qgis
363218;10;10;2020;12:17;10105;RUA MARIA JULIA;RUA GUSTAVO BARROSO;;;;ColisÃ£o;Luz do Dia;;;Cruz;Pare;Comercial;0;1;1;1;0;0;0;0;0;1;0;0;"-3,78630700000";"-38,59803100000";inter_match
363209;10;10;2020;09:58;17899;AV SGT HERMINIO SAMPAIO;RUA EVANDRO LUZ;;;;ColisÃ£o;Luz do Dia;;;T;NÃ£o HÃ¡ Controle;Comercial;0;1;1;1;0;0;0;0;0;1;0;0;"-3,73084100000";"-38,57754900000";inter_match
363210;10;10;2020;11:02;12030;AV BULEVAR I;RUA 212 CJ SAO CRISTOVAO;;;;ColisÃ£o;Luz do Dia;;;;;;0;1;1;1;0;0;0;0;0;0;0;0;"-3,83362600000";"-38,52362900000";inter_match
363211;10;10;2020;11:17;12648;RUA MARIA CLARA;RUA RIO ARAGUAIA;;;;ColisÃ£o;Luz do Dia;;;Cruz;Pare;Residencial;0;1;1;1;0;0;0;0;0;1;0;0;"-3,72574100000";"-38,58211900000";inter_match
363204;10;10;2020;03:23;0;AV FRANCISCO SA;;;1801;;ColisÃ£o;;;;Meio de Quadra;;;0;1;0;0;0;0;0;0;0;0;0;0;"-3,72247650000";"-38,54189591000";mq_match
363205;10;10;2020;09:57;0;AV JOSE TAVARES;;;270;;ColisÃ£o;Luz do Dia;;;Meio de Quadra;;;0;1;1;1;0;0;0;0;0;1;0;0;;;
363190;10;10;2020;01:56;0;RD BR 116;;;432;;ColisÃ£o;;;;Meio de Quadra;;;0;1;1;1;0;0;0;0;0;1;0;0;"-3,76255400000";"-38,51870200000";rod_match
363249;10;10;2020;20:27;0;AV SGT HERMINIO SAMPAIO;;;2006;;ColisÃ£o;;;;Meio de Quadra;;;0;1;1;0;0;0;0;0;0;1;0;0;"-3,72609600000";"-38,55875400000";mq_match
363250;10;10;2020;21:20;0;RUA MANOEL AGUIAR PONTES;;;1501;;ColisÃ£o;;;;Meio de Quadra;;;0;1;0;0;0;0;0;0;0;0;0;0;"-3,80943000000";"-38,51632000000";mq_gpsv
363252;10;10;2020;21:55;0;RUA SAO FRANCISCO D34;;;1661;;Queda;;;;Meio de Quadra;;;0;1;0;0;0;0;0;0;0;1;0;0;"-3,80961300000";"-38,62839900000";mq_gpsv
363253;10;10;2020;22:11;0;AV SGT HERMINIO SAMPAIO;;;3790;;ColisÃ£o;;;;Meio de Quadra;;;0;1;1;1;0;0;0;0;0;1;0;0;"-3,72963600000";"-38,57443700000";mq_qgis
363232;10;10;2020;15:48;23686;RUA COM GARCIA;RUA DOM HENRIQUE;;;;ColisÃ£o;Luz do Dia;;;Cruz;Pare;Comercial;0;1;1;1;0;0;0;0;0;1;0;0;"-3,78929100000";"-38,57966000000";inter_match
363233;10;10;2020;16:51;0;RUA VILA LOBOS;;;188;;Atropelamento;Luz do Dia;;;Meio de Quadra;;;0;1;1;1;0;0;0;0;0;0;0;0;"-3,77297100000";"-38,55498060000";mq_qgis
363234;10;10;2020;19:05;0;RUA NOSSA SRA APARECIDA;;;;;Atropelamento;;;;Meio de Quadra;;;0;1;1;1;0;0;0;0;0;0;0;0;;;
363235;10;10;2020;19:23;0;AV GAL OSORIO DE PAIVA;;;;;ColisÃ£o;;;;Meio de Quadra;;;0;1;1;0;0;0;0;0;0;1;0;0;;;
363236;10;10;2020;19:38;0;AV JOSE LEON;;;393;;Atropelamento;;;;Meio de Quadra;;;0;1;1;1;0;0;0;0;0;0;0;0;"-3,78687000000";"-38,51038000000";mq_gpsv
363230;10;10;2020;14:42;0;AV PRS COSTA E SILVA;;;1714;;ColisÃ£o;Luz do Dia;;;Meio de Quadra;;;0;1;1;1;0;0;0;0;0;1;0;0;"-3,81717695000";"-38,56628320000";mq_qgis
363227;10;10;2020;13:54;0;AV DR SILAS MUNGUBA;;;4500;;ColisÃ£o;Luz do Dia;;;Meio de Quadra;;;0;1;1;1;0;0;0;0;0;1;0;0;"-3,79309000000";"-38,53504300000";mq_match
363224;10;10;2020;13:25;11943;AV PRS COSTA E SILVA;RUA 111 CJ SAO CRISTOVAO;;;;Capotamento;Luz do Dia;;;;;;0;1;0;1;0;0;0;0;0;0;0;0;"-3,82377000000";"-38,54890000000";inter_gpsv
363225;10;10;2020;13:34;0;AV DEP PAULINO ROCHA;;;4585;;Queda;Luz do Dia;;;Meio de Quadra;;;0;1;0;0;0;0;0;0;0;1;0;0;;;
363222;10;10;2020;12:43;0;RUA SAO PAULO;;;1432;;ColisÃ£o;Luz do Dia;;;Meio de Quadra;;;0;1;1;1;0;0;0;0;0;1;0;0;"-3,72228900000";"-38,53885500000";mq_qgis
363213;10;10;2020;11:34;0;RUA ABELARDO MARINHO;;;160;;ColisÃ£o;Luz do Dia;;;Meio de Quadra;;;0;1;1;1;0;0;0;0;0;1;0;0;"-3,76396583000";"-38,53138960000";mq_qgis
363529;10;10;2020;20:17;0;AV JOAO PESSOA;;;6993;;Queda;;;;Meio de Quadra;;;0;1;0;0;0;0;0;0;0;1;0;0;"-3,77124000000";"-38,56138000000";mq_gpsv
363520;10;10;2020;23:56;0;RUA ANTONIO ARRUDA;;;55;;ColisÃ£o;;;;Meio de Quadra;;;0;1;1;0;0;0;0;0;0;1;0;0;"-3,70875000000";"-38,59066000000";mq_gpsv
363521;10;10;2020;22:57;0;RUA FRANCISCO GLICERIO;;;839;;ColisÃ£o;;;;Meio de Quadra;;;0;1;0;0;0;0;0;0;0;0;0;0;"-3,79622100000";"-38,56894300000";mq_match
363522;10;10;2020;22:40;0;AV BORGES DE MELO;;;1597;;Atropelamento;;;;Meio de Quadra;;;0;1;0;0;0;0;0;0;0;0;0;0;"-3,75772000000";"-38,53282000000";mq_gpsv
363890;10;10;2020;20:30;0;AV LINEU MACHADO;;;419;JOCKEY CLUBE;ColisÃ£o;;;;Meio de Quadra;;;1;0;1;1;0;0;0;0;0;0;0;0;"-3,76471600000";"-38,57625100000";mq_match
364736;10;10;2020;17:05;0;AV PRS COSTA E SILVA;;;3088;;Outros;Anoitecer;;;Meio de Quadra;;;0;0;2;1;0;0;0;0;0;0;0;0;"-3,82216000000";"-38,55510000000";mq_gpsv
364739;10;10;2020;02:35;0;AV NORTE SUL;;;367;;ColisÃ£o;;;;Meio de Quadra;;;0;0;2;1;0;0;0;0;1;0;0;0;"-3,81353000000";"-38,59177000000";mq_gpsv
364873;10;10;2020;13:25;0;AV PRS COSTA E SILVA;;;;;Tombamento;Luz do Dia;;;Meio de Quadra;;;0;1;0;0;0;0;0;0;0;0;0;0;;;
364892;11;10;2020;08:03;0;RUA CEL DIONISIO ALENCAR;;;;;ColisÃ£o;Luz do Dia;;;Meio de Quadra;;;0;0;1;0;0;0;0;0;0;0;0;0;;;
364897;11;10;2020;11:49;0;RUA MON CARNEIRO DA CUNHA;;;241;;ColisÃ£o;Luz do Dia;;;Meio de Quadra;;;0;1;1;0;0;0;0;0;0;0;0;0;"-3,77815600000";"-38,48373300000";mq_qgis
363497;11;10;2020;23:15;0;RUA PDE GUERRA;;;1788;;ColisÃ£o;;;;Meio de Quadra;;;0;1;1;1;0;0;0;0;0;0;0;0;"-3,73942175000";"-38,56016550000";mq_qgis
363498;11;10;2020;23:10;0;AV CARAPINIMA;;;2200;;ColisÃ£o;;;;Meio de Quadra;;;0;1;1;1;0;0;0;0;0;1;0;0;"-3,73949950000";"-38,53970750000";mq_match
363499;11;10;2020;21:45;0;RUA BOTELHO MAGALHAES;;;520;;ColisÃ£o;;;;Meio de Quadra;;;0;1;1;0;0;0;0;0;0;1;0;0;"-3,80041886000";"-38,49147840000";mq_qgis
363500;11;10;2020;21:20;0;RUA JOAO FIRMINO;;;196;;ColisÃ£o;;;;Meio de Quadra;;;0;1;1;1;0;0;0;0;0;1;0;0;"-3,76076750000";"-38,55250400000";mq_qgis
363501;11;10;2020;20:33;0;RUA JOSE AMAURY MOREIRA;;;109;;Queda;;;;Meio de Quadra;;;0;1;0;0;0;0;0;0;0;1;0;0;"-3,79923000000";"-38,50940000000";mq_gpsv
363502;11;10;2020;18:10;0;RUA ELCIAS LOPES;;;670;;ColisÃ£o;Anoitecer;;;Meio de Quadra;;;0;1;0;0;0;0;0;0;0;0;0;0;"-3,77188000000";"-38,55406000000";mq_gpsv
363503;11;10;2020;17:57;0;RUA ROCHA LIMA;;;90;;Queda;Anoitecer;;;Meio de Quadra;;;0;1;0;0;0;1;0;0;0;0;0;0;"-3,73593000000";"-38,52384000000";mq_gpsv
363504;11;10;2020;17:35;0;RUA CRUZEIRO DO SUL;;;337;;ColisÃ£o;Anoitecer;;;Meio de Quadra;;;0;1;1;0;0;0;0;0;0;1;0;0;"-3,71373514000";"-38,56083740000";mq_qgis
363505;11;10;2020;17:02;0;AV CONTORNO OESTE D71;;;18;;ColisÃ£o;Anoitecer;;;Meio de Quadra;;;0;1;1;1;0;0;0;0;0;1;0;0;"-3,80918500000";"-38,59209500000";mq_match
363506;11;10;2020;16:57;0;RUA ANTERO QUENTAL;;;8;;ColisÃ£o;Luz do Dia;;;Meio de Quadra;;;0;1;1;1;0;0;0;0;0;1;0;0;"-3,85953000000";"-38,49129000000";mq_gpsv
363507;11;10;2020;13:52;0;RUA DES GOMES PARENTE;;;1124;;Choque c/ ObstÃ¡culo Fixo;Luz do Dia;;;Meio de Quadra;;;0;1;0;1;0;0;0;0;0;0;0;0;"-3,77277560000";"-38,57979960000";mq_qgis
363508;11;10;2020;13:39;0;AV A CJ CEARA;;;855;;Queda;Luz do Dia;;;Meio de Quadra;;;0;1;0;0;0;0;0;0;0;1;0;0;"-3,78397280000";"-38,47516890000";mq_match
363509;11;10;2020;13:17;0;AV JOSE BASTOS;;;5191;;ColisÃ£o;Luz do Dia;;;Meio de Quadra;;;0;1;1;1;0;0;0;0;0;1;0;0;"-3,76067000000";"-38,56053000000";mq_gpsv
363510;11;10;2020;12:18;0;AV DIOGUINHO;;;2022;;Atropelamento;Luz do Dia;;;Meio de Quadra;;;0;1;1;1;0;0;0;0;0;0;0;0;"-3,73436600000";"-38,45728600000";mq_qgis
363512;11;10;2020;11:10;0;AV SEN FERNANDES TAVORA;;;;;ColisÃ£o;Luz do Dia;;;Meio de Quadra;;;0;1;1;1;0;1;0;0;0;0;0;0;;;
363513;11;10;2020;11:00;25154;RUA BENI DE CARVALHO;RUA VICENTE LEITE;;;;ColisÃ£o;Luz do Dia;;;Cruz;Pare;Residencial;0;1;1;1;0;0;0;0;0;1;0;0;"-3,74503700000";"-38,49796600000";inter_match
363514;11;10;2020;09:47;0;RUA JOSE VILAR;;;3267;;ColisÃ£o;Luz do Dia;;;Meio de Quadra;;;0;1;1;1;0;0;0;0;0;1;0;0;"-3,75231700000";"-38,51003000000";mq_qgis
363515;11;10;2020;09:09;0;AV GAL OSORIO DE PAIVA;;;;;Queda;Luz do Dia;;;Meio de Quadra;;;0;1;0;0;0;0;0;0;0;1;0;0;;;
363516;11;10;2020;08:21;0;AV ALM HENRIQUE SABOIA;;;4180;;ColisÃ£o;Luz do Dia;;;Meio de Quadra;;;0;1;1;1;0;0;0;0;0;1;0;0;"-3,74723000000";"-38,49219000000";mq_gpsv
363517;11;10;2020;02:37;0;AV MAE LISBOA;;;2089;;ColisÃ£o;;;;Meio de Quadra;;;0;1;0;0;0;0;0;0;0;0;0;0;"-3,80756017700";"-38,46087876500";mq_match
363518;11;10;2020;00:11;0;RUA ANTONIO ARRUDA;;;551;;ColisÃ£o;;;;Meio de Quadra;;;0;1;1;0;0;0;0;0;0;1;0;0;"-3,71229400000";"-38,59172100000";mq_qgis
363519;11;10;2020;00:03;0;AV CEL CARVALHO;;;;;Queda;;;;Meio de Quadra;;;0;1;0;0;0;0;0;0;0;1;0;0;;;
362832;11;10;2020;17:50;13371;AV ANTONIO SALES;RUA DNA LEOPOLDINA;;;;ColisÃ£o;Anoitecer;Bom;Seca;Cruz;DÃª PreferÃªncia;Comercial;0;1;1;0;0;1;0;0;0;0;0;0;"-3,73919700000";"-38,52238600000";inter_match
362833;11;10;2020;10:50;0;AV LINEU MACHADO;;;436;;Choque c/ ObstÃ¡culo Fixo;Luz do Dia;Bom;Seca;Meio de Quadra;NÃ£o HÃ¡ Controle;Comercial;0;0;1;0;0;0;0;0;0;0;0;0;"-3,76425800000";"-38,57604000000";mq_match
362515;11;10;2020;10:56;15100;AV HIS RAIMUNDO GIRAO;RUA JOAO CORDEIRO;;;;Atropelamento;Luz do Dia;Bom;Seca;Cruz;SemÃ¡foro;Comercial;0;1;1;1;0;0;0;0;0;0;0;0;"-3,72083500000";"-38,51163000000";inter_match
362516;11;10;2020;12:15;15852;RUA BAR AQUIRAZ;RUA GURGEL DO AMARAL;;0;;ColisÃ£o Transversal;Luz do Dia;Bom;Seca;Cruz;SemÃ¡foro;Comercial;0;1;1;1;0;0;0;0;0;1;0;0;"-3,83378000000";"-38,48991000000";inter_gpsv
362517;11;10;2020;12:40;2755;RUA CEL VIRGILIO NOGUEIRA (BOM JARDIM);RUA BOM JESUS (GRANJA LISBOA);;0;;NÃ£o Informado;Luz do Dia;Bom;Seca;Cruz;SemÃ¡foro;Comercial;0;0;3;1;1;0;0;0;0;0;0;0;"-3,79165800000";"-38,60972400000";inter_match
362518;11;10;2020;18:45;0;RUA DAS PITANGUEIRAS;RUA MON AGOSTINHO;;0;;NÃ£o Informado;Anoitecer;Bom;Seca;Meio de Quadra;Pare;Residencial;0;1;1;0;0;0;0;0;1;0;0;0;"-3,79081000000";"-38,58533000000";inter_gpsv
362519;11;10;2020;20:40;579;AV FRANCISCO SA;RUA CRUZEIRO DO SUL;;;;ColisÃ£o Transversal;Via Iluminada;Bom;Seca;Meio de Quadra;NÃ£o HÃ¡ Controle;Escola;0;0;2;1;0;0;0;0;0;0;0;0;"-3,71549900000";"-38,56303400000";inter_match
362520;11;10;2020;21:52;17245;RUA JOAO FIRMINO;RUA EUGENIO GADELHA;;;;ColisÃ£o Transversal;Via Iluminada;Bom;Seca;Meio de Quadra;SemÃ¡foro;Comercial;0;1;1;1;0;0;0;0;0;1;0;0;"-3,76066000000";"-38,55243000000";inter_gpsv
362521;11;10;2020;01:29;11285;RUA FRANCISCO GLICERIO;RUA CARLOS STUDART;;;;ColisÃ£o Transversal;Via Iluminada;Bom;Seca;Cruz;Pare;Comercial;0;0;1;0;1;0;0;0;0;0;0;0;"-3,79623400000";"-38,56890000000";inter_match
362262;12;10;2020;12:20;0;RD BR 222;;;;;ColisÃ£o Transversal;Luz do Dia;;Seca;Meio de Quadra;;;0;1;1;1;0;1;0;0;0;0;0;0;;;
362266;12;10;2020;18:13;0;RD BR 020;;;;KM 427;ColisÃ£o Traseira;Anoitecer;;Seca;Meio de Quadra;;;0;1;1;1;0;0;0;0;0;1;0;0;"-3,86600000000";"-38,51500000000";rod_match
362835;12;10;2020;20:00;10798;RUA PORTO VELHO;RUA STA FILOMENA;;;;Tombamento;Via Iluminada;Bom;Seca;Cruz;NÃ£o HÃ¡ Controle;Residencial;0;0;2;1;0;0;0;0;0;1;0;0;"-3,76321700000";"-38,59216500000";inter_match
363472;12;10;2020;23:40;0;RUA PRO EDGAR DE ARRUDA;;;1967;;ColisÃ£o;;;;Meio de Quadra;;;0;1;1;0;0;0;0;0;0;1;0;0;"-3,75446768000";"-38,59180750000";mq_qgis
363473;12;10;2020;22:49;0;AV GODOFREDO MACIEL;;;6240;;Queda;;;;Meio de Quadra;;;0;1;0;0;0;0;0;0;0;1;0;0;"-3,83036700000";"-38,58075586000";mq_match
363474;12;10;2020;22:24;55;RUA CEL JOAQUIM FRANKLIN;RUA SALGADO FILHO;;;;ColisÃ£o;;;;Cruz;Pare;Residencial;0;1;0;0;0;0;0;0;0;0;0;0;"-3,74348600000";"-38,59486800000";inter_match
363476;12;10;2020;21:40;0;AV FRE CIRILO;;;4290;;ColisÃ£o;;;;Meio de Quadra;;;0;0;1;1;0;0;0;0;0;1;0;0;"-3,82081900000";"-38,49588800000";mq_qgis
363479;12;10;2020;20:49;0;RUA DR JOSE LOURENCO;;;1550;;ColisÃ£o;;;;Meio de Quadra;;;0;1;1;0;0;0;0;0;0;1;0;0;"-3,73721100000";"-38,50861900000";mq_match
363480;12;10;2020;20:35;0;RUA SGT JOAO PINHEIRO;;;1770;;ColisÃ£o;;;;Meio de Quadra;;;0;1;0;0;0;0;0;0;0;0;0;0;"-3,78764700000";"-38,62413700000";mq_qgis
363481;12;10;2020;19:48;0;RUA VIS ICO D20;;;671;;ColisÃ£o;;;;Meio de Quadra;;;0;1;0;0;0;0;0;0;0;0;0;0;"-3,72127967000";"-38,56399160000";mq_qgis
363482;12;10;2020;18:56;0;RUA AMANCIO PEREIRA;;;905;;Queda;;;;Meio de Quadra;;;0;1;0;0;0;0;0;0;0;1;0;0;"-3,81679000000";"-38,52341050000";mq_qgis
363483;12;10;2020;18:53;0;RUA RIO GRANDE DO SUL;;;246;;Atropelamento;;;;Meio de Quadra;;;0;1;1;0;0;1;0;0;0;0;0;0;"-3,75151115000";"-38,56273940000";mq_qgis
363484;12;10;2020;17:57;0;RUA URUCUTUBA;;;2046;;ColisÃ£o;Anoitecer;;;Meio de Quadra;;;0;1;0;0;0;0;0;0;0;0;0;0;"-3,79862850000";"-38,61521900000";mq_qgis
363485;12;10;2020;17:46;6756;AV ANTONIO SALES;AV ENG SANTANA JUNIOR;;;;ColisÃ£o;Anoitecer;;;T;DÃª PreferÃªncia;Comercial;0;1;1;1;0;0;0;0;0;1;0;0;"-3,74925700000";"-38,49003900000";inter_match
363486;12;10;2020;16:17;11990;AV CASTELO DE CASTRO;RUA 202 CJ SAO CRISTOVAO;;;;ColisÃ£o;Luz do Dia;;;;;;0;1;1;1;0;0;0;0;0;1;0;0;"-3,83222300000";"-38,52153300000";inter_match
363487;12;10;2020;14:37;0;AV MR HULL;;;5498;;ColisÃ£o;Luz do Dia;;;Meio de Quadra;;;0;1;1;1;0;0;0;0;0;0;0;0;"-3,73993650000";"-38,59343750000";mq_match
363488;12;10;2020;14:09;0;RUA PDE PEDRO DE ALENCAR;;;1778;;ColisÃ£o;Luz do Dia;;;Meio de Quadra;;;0;1;1;1;0;0;0;0;0;1;0;0;"-3,84380500000";"-38,49438200000";mq_match
363489;12;10;2020;13:03;0;RUA PORTO VELHO;;;70;;Queda;Luz do Dia;;;Meio de Quadra;;;0;1;0;0;0;0;0;0;0;1;0;0;;;
363490;12;10;2020;12:01;0;AV SEN FERNANDES TAVORA;;;;;Queda;Luz do Dia;;;Meio de Quadra;;;0;1;0;0;0;0;0;0;0;1;0;0;;;
363491;12;10;2020;10:53;0;AV WASHINGTON LUIS;;;1133;;ColisÃ£o;Luz do Dia;;;Meio de Quadra;;;0;1;1;1;0;0;0;0;0;1;0;0;;;
363492;12;10;2020;10:42;0;RUA CATOLE;;;2530;;ColisÃ£o;Luz do Dia;;;Meio de Quadra;;;0;1;1;0;0;0;0;0;0;1;0;0;"-3,85209800000";"-38,52178500000";mq_qgis
363493;12;10;2020;10:21;0;AV L CJ CEARA;;;;;ColisÃ£o;Luz do Dia;;;Meio de Quadra;;;0;1;1;1;0;0;0;0;0;1;0;0;;;
363494;12;10;2020;10:02;0;AV PERIMETRAL;;;3000;;ColisÃ£o;Luz do Dia;;;Meio de Quadra;;;0;1;1;1;0;0;0;0;0;1;0;0;"-3,82885400000";"-38,52197300000";mq_match
363495;12;10;2020;04:02;0;AV PRO JOSE ARTHUR CARVALHO;;;1220;;Queda;;;;Meio de Quadra;;;0;1;0;0;0;0;0;0;0;1;0;0;"-3,82697850000";"-38,47034100000";mq_match
363496;12;10;2020;00:17;0;RUA FRANCISCO GLICERIO;;;2170;;Queda;;;;Meio de Quadra;;;0;1;0;0;0;0;0;0;0;1;0;0;"-3,79459023000";"-38,58102450000";mq_qgis
364741;12;10;2020;21:30;0;RUA PORTO ALEGRE;;;;;ColisÃ£o;;;;Meio de Quadra;;;0;0;2;1;0;0;0;0;0;1;0;0;;;
364752;12;10;2020;12:50;0;AV OLIVEIRA PAIVA;;;;;ColisÃ£o;Luz do Dia;;;Meio de Quadra;;;0;0;2;0;0;0;0;0;0;0;0;0;;;
364753;13;10;2020;04:10;0;RUA JOAO CARVALHO;;;45;;ColisÃ£o;;;;Meio de Quadra;;;0;0;1;1;0;0;0;0;0;0;0;0;"-3,73605685000";"-38,51242150000";mq_qgis
364754;13;10;2020;16:00;0;RUA OSCAR FRANCA;;;290;;ColisÃ£o;Luz do Dia;;;Meio de Quadra;;;0;0;1;0;0;0;0;0;0;0;0;0;"-3,79352773000";"-38,59470060000";mq_qgis
363469;13;10;2020;06:54;0;RD QUARTO ANEL VIARIO;;;;;ColisÃ£o;Luz do Dia;;;Meio de Quadra;;;0;1;1;0;0;0;0;0;0;1;0;0;;;
363449;13;10;2020;17:59;0;RUA PRO GOMES BRASIL;;;;;ColisÃ£o;Anoitecer;;;Meio de Quadra;;;0;1;1;0;0;0;0;0;0;1;0;0;;;
363446;13;10;2020;18:24;0;AV ANTONIO SALES;;;;;Queda;Anoitecer;;;Meio de Quadra;;;0;1;0;0;0;0;0;0;0;1;0;0;;;
363447;13;10;2020;18:08;0;AV WENEFRIDO MELO;;;224;;ColisÃ£o;Anoitecer;;;Meio de Quadra;;;0;1;1;1;0;0;0;0;0;1;0;0;"-3,80933202000";"-38,57738550000";mq_qgis
363467;13;10;2020;07:05;0;AV PRS CASTELO BRANCO;;;865;;ColisÃ£o;Luz do Dia;;;Meio de Quadra;;;0;1;1;1;0;0;0;0;0;1;0;0;"-3,71986000000";"-38,53140000000";mq_gpsv
363471;13;10;2020;06:37;0;ROD CE 010;;;;;Queda;Luz do Dia;;;Meio de Quadra;;;0;1;0;0;0;1;0;0;0;0;0;0;;;
362837;13;10;2020;19:20;0;AV JOSE BASTOS;;;3000;;ColisÃ£o Lateral;Via Iluminada;Bom;Seca;Meio de Quadra;;;0;1;1;0;0;0;0;0;0;1;0;0;"-3,74685500000";"-38,54729550000";mq_qgis
363441;13;10;2020;21:29;10798;RUA PORTO VELHO;RUA STA FILOMENA;;;;ColisÃ£o;;;;Cruz;NÃ£o HÃ¡ Controle;Residencial;0;1;0;0;0;0;0;0;0;0;0;0;"-3,76321700000";"-38,59216500000";inter_match
363443;13;10;2020;20:51;0;AV PRS COSTA E SILVA;;;2615;;ColisÃ£o;;;;Meio de Quadra;;;0;1;0;0;0;0;0;0;0;0;0;0;"-3,82088400000";"-38,55883131000";mq_match
363444;13;10;2020;18:50;0;RUA FRE CANECA;;;800;;Atropelamento;;;;Meio de Quadra;;;0;1;1;1;0;0;0;0;0;0;0;0;;;
363453;13;10;2020;17:01;0;AV DUQ CAXIAS;;;430;;ColisÃ£o;Anoitecer;;;Meio de Quadra;;;0;1;1;1;0;0;0;0;0;1;0;0;"-3,73225200000";"-38,52846200000";mq_match
363454;13;10;2020;15:49;0;AV HERACLITO GRACA;;;1117;;ColisÃ£o;Luz do Dia;;;Meio de Quadra;;;0;1;1;1;0;1;0;0;0;0;0;0;"-3,73660700000";"-38,51489980000";mq_qgis
363455;13;10;2020;15:35;0;AV LAURO VIEIRA CHAVES;;;1076;;Queda;Luz do Dia;;;Meio de Quadra;;;0;1;0;0;0;0;0;0;0;1;0;0;"-3,77201250000";"-38,53686700000";mq_qgis
363456;13;10;2020;13:48;0;RUA ALUISIO AZEVEDO;;;619;;ColisÃ£o;Luz do Dia;;;Meio de Quadra;;;0;1;0;0;0;0;0;0;0;0;0;0;"-3,77062163000";"-38,57837920000";mq_qgis
363457;13;10;2020;11:11;0;RUA CON DE CASTRO;;;7284;;Atropelamento;Luz do Dia;;;Meio de Quadra;;;0;1;1;0;0;0;0;0;0;1;0;0;"-3,81747763000";"-38,60093650000";mq_qgis
363458;13;10;2020;09:34;0;AV PASTEUR;;;908;;ColisÃ£o;Luz do Dia;;;Meio de Quadra;;;0;1;1;1;0;0;0;0;0;1;0;0;"-3,71390500000";"-38,55974200000";mq_qgis
363459;13;10;2020;09:28;24990;AV PRS COSTA E SILVA;AV PRS JUSCELINO KUBITSCHEK (PASSARÃ‰);;;;ColisÃ£o;Luz do Dia;;;T;SemÃ¡foro;Comercial;0;1;1;1;0;0;0;0;0;1;0;0;"-3,82564800000";"-38,53951600000";inter_match
363460;13;10;2020;08:24;9111;AV EDUARDO GIRAO;RUA DEP OSWALDO STUDART;;;;ColisÃ£o;Luz do Dia;;;Cruz;SemÃ¡foro Intermitente;Comercial;0;1;1;0;0;0;0;0;0;1;0;0;"-3,75540350000";"-38,52970000000";inter_match
363461;13;10;2020;08:14;0;AV PRS CASTELO BRANCO;;;2396;;ColisÃ£o;Luz do Dia;;;Meio de Quadra;;;0;1;1;1;0;0;0;0;0;1;0;0;"-3,71350274000";"-38,54929330000";mq_qgis
362267;13;10;2020;07:00;0;RD BR 020;;;;KM 428;Queda;Luz do Dia;;Seca;Meio de Quadra;;;0;1;0;0;0;0;0;0;0;1;0;0;"-3,86900000000";"-38,50700000000";rod_match
362522;13;10;2020;08:54;0;AV FRANCISCO SA;;;4393;;ColisÃ£o;Luz do Dia;Bom;Seca;;;;0;0;2;0;0;0;0;0;0;1;0;0;"-3,71518000000";"-38,56395100000";mq_match
362523;13;10;2020;09:09;0;AV DR SILAS MUNGUBA;;;590;;NÃ£o Informado;Luz do Dia;Bom;Seca;Meio de Quadra;NÃ£o HÃ¡ Controle;Comercial;0;0;1;0;1;0;0;0;0;0;0;0;"-3,77970149000";"-38,56023350000";mq_qgis
362524;13;10;2020;10:57;1222;RUA ANTONIO AUGUSTO;RUA COSTA BARROS;;;;ColisÃ£o Transversal;Luz do Dia;Bom;Seca;Cruz;Pare;Residencial;0;1;1;0;0;0;0;0;0;1;0;0;"-3,72978300000";"-38,51328800000";inter_match
362525;13;10;2020;10:00;20027;AV HEROIS DO ACRE;AV PRUDENTE BRASIL;;0;;ColisÃ£o Transversal;Luz do Dia;Bom;Seca;Cruz;SemÃ¡foro;Residencial;0;0;3;1;0;0;0;0;0;0;0;0;"-3,80313500000";"-38,53219600000";inter_match
362526;13;10;2020;13:01;5675;RUA CHICO LEMOS;RUA ALICE;;;;ColisÃ£o Transversal;Luz do Dia;Bom;Seca;Cruz;Pare;Residencial;0;2;0;1;0;0;0;0;0;1;0;0;"-3,79002600000";"-38,49972600000";inter_match
362527;13;10;2020;12:15;25154;RUA BENI DE CARVALHO;RUA VICENTE LEITE;;;;ColisÃ£o Transversal;Luz do Dia;Bom;Seca;Cruz;Pare;Residencial;0;1;1;1;0;0;0;0;0;1;0;0;"-3,74503700000";"-38,49796600000";inter_match