COD_ACIDENTE;DIA;MES;ANO;HORA;INTERSECAO;LOG1;LOG2;LOG3;NUMERO;REFERENCIA;NATUREZA;ILUMINACAO;TEMPO;SUPERFICIEPISTA;TIPOCRUZAMENTO;CONTROLETRAFEGO;USOSOLO;MORTOS;FERIDOS;ILESOS;AUTOMOVEL;ONIBUS;BICICLETA;CAMINHAO;MICROONIBUS;CICLOMOTOR;MOTOCICLETA;TRACAOANIMAL;TREM;LATITUDE;LONGITUDE;METODO
362593;23;10;2020;20:00;19578;AV GODOFREDO MACIEL;RUA ROQUET PINTO;;0;;Engavetamento;Via Iluminada;Bom;Seca;T;SemÃ¡foro;Comercial;0;0;0;1;0;0;0;0;0;0;0;0;"-3,78441800000";"-38,56618200000";inter_match
362594;23;10;2020;20:54;0;RUA 20 CJ JOSE WALTER;;;15;;Choque c/ ObstÃ¡culo Fixo;Anoitecer;Bom;Seca;Meio de Quadra;NÃ£o HÃ¡ Controle;Residencial;0;1;0;0;0;0;0;0;0;0;0;0;"-3,82673204000";"-38,55156980000";mq_qgis
362289;23;10;2020;18:00;0;RD BR 116;;;;KM-02;Engavetamento;Anoitecer;;Seca;Meio de Quadra;;;0;1;3;1;0;0;0;0;0;1;0;0;"-3,77139100000";"-38,51678000000";rod_match
363172;23;10;2020;21:00;0;AV PRS CASTELO BRANCO;;;3732;;ColisÃ£o Frontal;Via Iluminada;Bom;Seca;Meio de Quadra;SemÃ¡foro Intermitente;Escola;0;1;1;0;1;0;0;0;0;1;0;0;"-3,70942500000";"-38,56540400000";mq_qgis
363168;23;10;2020;09:30;0;AV DIOGUINHO;;;2800;;ColisÃ£o Traseira;Luz do Dia;Bom;Seca;Meio de Quadra;Outros;Comercial;0;1;1;0;1;0;0;0;0;0;0;0;"-3,74052000000";"-38,45397000000";mq_gpsv
363324;23;10;2020;22:00;12826;AV DOS EXPEDICIONARIOS;RUA ANDRE CHAVES;;;;ColisÃ£o Transversal;Anoitecer;Bom;Seca;Cruz;SemÃ¡foro;Residencial;0;1;1;1;0;0;0;0;0;1;0;0;"-3,75734500000";"-38,53890300000";inter_match
363341;24;10;2020;08:59;0;RUA SOLON PINHEIRO;;;1041;;ColisÃ£o;Luz do Dia;;;Meio de Quadra;;;0;1;1;1;0;0;0;0;0;1;0;0;"-3,73958000000";"-38,52917000000";mq_gpsv
363339;24;10;2020;08:25;1289;AV SANTOS DUMONT;RUA SILVA PAULET;;;;ColisÃ£o;Luz do Dia;;;Cruz;Pare;Comercial;0;1;1;1;0;0;0;0;0;1;0;0;"-3,73398500000";"-38,50525800000";inter_match
363331;24;10;2020;00:54;0;RUA VITAL BRASIL;;;1759;;ColisÃ£o;;;;Meio de Quadra;;;0;1;1;1;0;0;0;0;0;1;0;0;"-3,77842312000";"-38,59654730000";mq_qgis
363332;24;10;2020;00:59;0;AV ROGACIANO LEITE;;;2160;;ColisÃ£o;;;;Meio de Quadra;;;0;1;1;0;0;0;0;0;0;0;0;0;"-3,77382500000";"-38,49911100000";mq_match
363333;24;10;2020;05:09;6941;AV PENETRACAO NORTE SUL;AV CONTORNO NORTE D71;;;;ColisÃ£o;Amanhecer;;;;;;0;1;1;1;0;0;0;0;0;1;0;0;"-3,81123500000";"-38,58992100000";inter_match
363334;24;10;2020;06:41;0;AV GAL OSORIO DE PAIVA;;;6128;;ColisÃ£o;Luz do Dia;;;Meio de Quadra;;;0;2;0;1;0;0;0;0;0;1;0;0;"-3,80998900000";"-38,60713200000";mq_match
363335;24;10;2020;06:56;0;AV GAL OSORIO DE PAIVA;;;4249;;Queda;Luz do Dia;;;Meio de Quadra;;;0;1;0;0;0;0;0;0;0;1;0;0;"-3,79609462000";"-38,59371500000";mq_qgis
363336;24;10;2020;07:26;26246;RUA ANTONIO NERY;RUA JOSE ABILIO;;;;ColisÃ£o;Luz do Dia;;;Cruz;Pare;Residencial;0;1;1;0;0;0;0;0;0;0;0;0;"-3,78301377400";"-38,60155828600";inter_match
363337;24;10;2020;07:59;0;RUA POMPILIO GOMES;;;1911;;ColisÃ£o;Luz do Dia;;;Meio de Quadra;;;0;2;0;0;0;0;0;0;0;1;0;0;"-3,82855829000";"-38,52125800000";mq_qgis
363372;24;10;2020;11:52;0;RUA POMPILIO GOMES;;;271;;ColisÃ£o;Luz do Dia;;;Meio de Quadra;;;0;1;1;1;0;0;0;0;0;1;0;0;;;
363369;24;10;2020;11:26;0;RUA CON DE CASTRO;;;1140;;Queda;Luz do Dia;;;Meio de Quadra;;;0;1;0;0;0;0;0;0;0;1;0;0;"-3,78197400000";"-38,57064300000";mq_match
363347;24;10;2020;11:19;0;RUA FRANCISCO PAIVA;;;1119;;ColisÃ£o;Luz do Dia;;;Meio de Quadra;;;0;1;1;1;0;0;0;0;0;1;0;0;"-3,79209000000";"-38,61465000000";mq_gpsv
363345;24;10;2020;10:18;0;AV SANTOS DUMONT;;;7700;;ColisÃ£o;Luz do Dia;;;Meio de Quadra;;;0;1;1;1;0;1;0;0;0;0;0;0;"-3,74723000000";"-38,46421950000";mq_match
363385;24;10;2020;15:13;0;AV CEL CARVALHO;;;2021;;ColisÃ£o;Luz do Dia;;;Meio de Quadra;;;0;1;1;1;0;0;0;0;0;1;0;0;"-3,72033150000";"-38,58718090000";mq_qgis
363378;24;10;2020;11:54;0;AV GAL OSORIO DE PAIVA;;;7627;;ColisÃ£o;Luz do Dia;;;Meio de Quadra;;;0;1;1;1;0;0;0;0;0;1;0;0;"-3,81901000000";"-38,61580000000";mq_gpsv
363379;24;10;2020;13:02;0;RUA PORTO VELHO;;;1434;;ColisÃ£o;Luz do Dia;;;Meio de Quadra;;;0;1;1;0;0;0;1;0;0;1;0;0;"-3,76348977000";"-38,59164340000";mq_qgis
363382;24;10;2020;15:01;0;RUA PDE PEDRO DE ALENCAR;;;2363;;Queda;Luz do Dia;;;Meio de Quadra;;;0;1;0;0;0;0;0;0;0;1;0;0;;;
363387;24;10;2020;16:20;0;RUA STA ROSA D20/21 (JACARECANGA);;;401;;Atropelamento;Luz do Dia;;;Meio de Quadra;;;0;1;1;0;0;0;0;0;0;1;0;0;"-3,71287082000";"-38,55333650000";mq_qgis
363394;24;10;2020;16:42;0;AV WASHINGTON LUIS;;;169;;Atropelamento;Luz do Dia;;;Meio de Quadra;;;0;1;1;0;0;0;0;0;0;0;0;0;"-3,71716424000";"-38,59067060000";mq_qgis
363395;24;10;2020;17:40;0;RUA PROF. MANOEL LOURENCO;;;419;;ColisÃ£o;Anoitecer;;;Meio de Quadra;;;0;1;1;1;0;0;0;0;0;1;0;0;"-3,80548000000";"-38,62600000000";mq_gpsv
363413;24;10;2020;22:16;0;AV GODOFREDO MACIEL;;;4606;;ColisÃ£o;;;;Meio de Quadra;;;0;1;1;1;0;0;0;0;0;1;0;0;"-3,81543000000";"-38,57483000000";mq_gpsv
363414;24;10;2020;22:49;19833;AV ENG HUMBERTO MONTE;AV JOVITA FEITOSA;;;;ColisÃ£o;;;;Cruz;SemÃ¡foro;Comercial;0;1;1;1;0;0;0;0;0;1;0;0;"-3,74196300000";"-38,56654400000";inter_match
363404;24;10;2020;17:51;13070;AV C CJ JOSE WALTER;AV JOAO DE ARAUJO LIMA;;;;ColisÃ£o;Anoitecer;;;Outros;SemÃ¡foro;Residencial;0;1;1;1;0;0;0;0;0;1;0;0;"-3,82760400000";"-38,55936800000";inter_match
363408;24;10;2020;20:10;0;AV VICENTE DE CASTRO;;;1700;;ColisÃ£o;;;;Meio de Quadra;;;0;1;1;1;0;0;0;0;0;1;0;0;"-3,72134000000";"-38,47826000000";mq_gpsv
363409;24;10;2020;21:11;0;AV GAL OSORIO DE PAIVA;;;857;;ColisÃ£o;;;;Meio de Quadra;;;0;1;1;1;0;0;0;0;0;1;0;0;"-3,77790600000";"-38,57011500000";mq_match
363406;24;10;2020;18:26;0;RUA BOM JESUS (GRANJA LISBOA);;;2413;;ColisÃ£o;Anoitecer;;;Meio de Quadra;;;0;1;1;1;0;0;0;0;0;1;0;0;"-3,79017438000";"-38,61429720000";mq_qgis
363175;24;10;2020;09:04;0;RUA COSME JERONIMO;;;1281;;ColisÃ£o Frontal;Luz do Dia;Bom;Seca;Meio de Quadra;NÃ£o HÃ¡ Controle;Residencial;0;1;1;1;1;0;0;0;0;0;0;0;"-3,82352000000";"-38,58731000000";mq_gpsv
363206;24;10;2020;14:10;14367;RUA NAT FEIJO;RUA GERSON FARIAS;;;;ColisÃ£o Transversal;Luz do Dia;Bom;Seca;Duplo T;NÃ£o HÃ¡ Controle;Residencial;0;3;1;1;0;0;0;0;0;1;0;0;"-3,72238600000";"-38,55239900000";inter_match
362595;24;10;2020;03:02;0;AV BORGES DE MELO;;;1591;;ColisÃ£o Lateral;Luz do Dia;Nublado;Seca;Meio de Quadra;SemÃ¡foro;Comercial;0;1;1;1;0;0;0;0;0;0;0;0;"-3,75772900000";"-38,53262900000";mq_match
362597;24;10;2020;13:14;0;RUA DOM HENRIQUE;RUA ANTONIO COSTA MENDES;;0;;ColisÃ£o Lateral;Luz do Dia;Bom;Seca;Meio de Quadra;Pare;Comercial;0;1;1;1;0;0;0;0;0;1;0;0;"-3,78757630000";"-38,58146860000";inter_match
362598;24;10;2020;19:11;0;AV 13 DE MAIO;;;2264;;ColisÃ£o;Via Iluminada;Bom;NÃ£o informada;Meio de Quadra;NÃ£o HÃ¡ Controle;Comercial;0;0;2;1;0;0;0;0;0;1;0;0;"-3,74294500000";"-38,53679500000";mq_qgis
362599;24;10;2020;20:53;0;AV DA INDEPENDENCIA;;;2135;;ColisÃ£o Transversal;Via Iluminada;Bom;Seca;Meio de Quadra;NÃ£o HÃ¡ Controle;Residencial;0;0;1;1;0;0;0;0;0;0;0;0;"-3,72454250000";"-38,59900550000";mq_qgis
362600;24;10;2020;21:35;0;RUA VITAL BRASIL;;;1495;;Engavetamento;Via Iluminada;Bom;Seca;Meio de Quadra;NÃ£o HÃ¡ Controle;Residencial;0;0;3;1;0;0;0;0;0;0;0;0;"-3,77908265000";"-38,59421690000";mq_qgis
364816;24;10;2020;10:10;0;RUA CEL FABRICIANO;;;;;ColisÃ£o;Luz do Dia;;;Meio de Quadra;;;0;0;2;0;1;0;0;0;0;1;0;0;;;
364818;24;10;2020;11:35;0;RUA VALPARAISO;;;1292;;ColisÃ£o;Luz do Dia;;;Meio de Quadra;;;0;0;2;0;0;0;0;0;0;1;0;0;"-3,84075158000";"-38,52999820000";mq_qgis
364263;24;10;2020;14:47;0;AV LUCIANO CARNEIRO;;;2585;;ColisÃ£o;Luz do Dia;;;Meio de Quadra;;;0;1;0;1;0;0;0;0;0;1;0;0;"-3,77092100000";"-38,53851800000";mq_match
364820;25;10;2020;16:50;15205;AV ABOLICAO;RUA OSVALDO CRUZ (ALDEOTA);;;;ColisÃ£o;Luz do Dia;;;Cruz;SemÃ¡foro;Comercial;0;0;2;1;0;0;0;0;0;1;0;0;"-3,72669000000";"-38,49744500000";inter_match
364822;25;10;2020;04:35;0;RD CE-040;;;;KM-11;ColisÃ£o;Luz do Dia;;;Meio de Quadra;;;0;0;1;1;0;0;0;0;0;0;0;0;"-3,84962623000";"-38,47606989000";rod_match
362601;25;10;2020;02:04;0;AV SGT HERMINIO SAMPAIO;;;1511;;Engavetamento;Via Iluminada;Bom;Seca;Meio de Quadra;NÃ£o HÃ¡ Controle;Residencial;0;0;5;1;0;0;0;0;0;0;0;0;"-3,72519445900";"-38,55406895000";mq_match
362602;25;10;2020;06:45;1280;RUA ILDEFONSO ALBANO;RUA PINTO MADEIRA;;;;ColisÃ£o Transversal;Luz do Dia;Bom;Seca;Cruz;SemÃ¡foro;Comercial;0;1;3;1;0;0;0;0;0;0;0;0;"-3,73361000000";"-38,51331700000";inter_match
362603;25;10;2020;08:22;0;RUA GUSTAVO SAMPAIO;;;1413;;Choque c/ ObstÃ¡culo Fixo;Luz do Dia;Bom;Seca;Meio de Quadra;NÃ£o HÃ¡ Controle;Residencial;0;2;0;0;0;0;0;0;0;0;0;0;"-3,73543500000";"-38,55731300000";mq_qgis
362604;25;10;2020;13:53;0;RUA DOM HENRIQUE;RUA ANTONIO COSTA MENDES;;0;;ColisÃ£o;Luz do Dia;Bom;NÃ£o informada;;;;0;2;1;1;0;0;0;0;0;1;0;0;"-3,78757630000";"-38,58146860000";inter_match
362605;25;10;2020;13:50;0;RUA NUNES VALENTE;;;1978;;ColisÃ£o Transversal;Luz do Dia;Bom;Seca;Meio de Quadra;NÃ£o HÃ¡ Controle;Residencial;0;1;1;1;0;0;0;0;0;1;0;0;"-3,74103833000";"-38,50527360000";mq_qgis
362606;25;10;2020;14:16;0;RUA OSVALDO CRUZ;AV ABOLICAO;;0;;ColisÃ£o Transversal;Luz do Dia;Bom;Seca;Meio de Quadra;SemÃ¡foro;Comercial;0;1;1;0;0;0;0;0;0;1;0;0;"-3,72664870000";"-38,49745100000";inter_match
362607;25;10;2020;15:56;0;RUA CON DE CASTRO;;;4126;;ColisÃ£o;Luz do Dia;Bom;Seca;Meio de Quadra;NÃ£o HÃ¡ Controle;Residencial;0;1;1;0;1;0;0;0;0;1;0;0;"-3,80216030000";"-38,58946600000";mq_match
362608;25;10;2020;15:10;24104;AV CESAR CALS;RUA HERMINIA BONAVIDES;;0;;ColisÃ£o Transversal;Luz do Dia;Bom;Seca;T;Pare;Residencial;0;0;2;1;0;0;0;0;0;0;0;0;"-3,72953700000";"-38,45992600000";inter_match
362609;25;10;2020;22:28;12425;RUA RIBEIRO LEITAO;ET PICI;;;;Atropelamento;Via Iluminada;Bom;Seca;Cruz;NÃ£o HÃ¡ Controle;Residencial;1;0;1;1;0;0;0;0;0;0;0;0;"-3,75920000000";"-38,57552000000";inter_gpsv
362292;25;10;2020;19:57;0;RD BR 116;;;;KM-08;Tombamento;;;Seca;Meio de Quadra;;;0;0;2;1;0;0;0;0;0;1;0;0;"-3,82201800000";"-38,50326900000";rod_match
363221;25;10;2020;13:05;3853;AV 13 DE MAIO;RUA DOS PRACINHAS;;;;ColisÃ£o Lateral;Luz do Dia;Bom;Seca;Cruz;SemÃ¡foro;Comercial;0;1;1;1;0;0;0;0;0;1;0;0;"-3,73767000000";"-38,54278900000";inter_match
363254;25;10;2020;12:20;0;RUA BENTO ALBUQUERQUE;;;1190;;ColisÃ£o Transversal;Luz do Dia;Bom;;Meio de Quadra;Outros;Residencial;0;0;2;0;0;0;0;0;0;1;0;0;"-3,74518736000";"-38,47872140000";mq_qgis
363421;25;10;2020;00:28;0;RUA C (LOT PRQ ARACAPE);;;482;;ColisÃ£o;;;;Meio de Quadra;;;0;1;1;0;0;0;0;0;0;0;0;0;;;
363434;25;10;2020;01:58;5295;AV IMPERADOR;RUA PEDRO I;;;;ColisÃ£o;;;;Cruz;SemÃ¡foro;Comercial;0;1;1;1;0;0;0;0;0;1;0;0;"-3,72916100000";"-38,53503500000";inter_match
363435;25;10;2020;01:58;0;AV IMPERADOR;;;;;Atropelamento;;;;Meio de Quadra;;;0;1;1;0;0;0;0;0;0;0;0;0;;;
363436;25;10;2020;02:26;0;AV OLAVO BILAC;;;423;;Queda;;;;Meio de Quadra;;;0;2;0;0;0;0;0;0;0;1;0;0;"-3,72485721000";"-38,56571320000";mq_qgis
363437;25;10;2020;02:36;0;RUA MANUEL CASTELO BRANCO;;;1375;;ColisÃ£o;;;;Meio de Quadra;;;0;1;1;1;0;0;0;0;0;1;0;0;"-3,83381000000";"-38,48257900000";mq_match
363431;25;10;2020;01:49;4650;RUA PEDRO LAZAR;RUA DES JOSE GIL DE CARVALHO;;;;ColisÃ£o;;;;Cruz;Pare;Residencial;0;1;1;1;0;0;0;0;0;1;0;0;"-3,80270770000";"-38,48842600000";inter_match
363440;25;10;2020;08:23;0;AV CEL CARVALHO;;;;;Queda;Luz do Dia;;;Meio de Quadra;;;0;1;0;0;0;0;0;0;0;1;0;0;;;
363424;25;10;2020;01:20;0;RD DR MENDEL STEINBRUCH;;;;;Queda;;;;Meio de Quadra;;;0;1;0;0;0;0;0;0;0;1;0;0;;;
363445;25;10;2020;10:01;0;RUA PRO FRANCISCO GONCALVES;;;1271;;ColisÃ£o;Luz do Dia;;;Meio de Quadra;;;0;1;1;1;0;0;0;0;0;1;0;0;"-3,74985000000";"-38,49172000000";mq_gpsv
363442;25;10;2020;08:25;12837;AV DOMINGOS OLIMPIO;RUA JAIME BENEVOLO;;;;ColisÃ£o;Luz do Dia;;;Cruz;SemÃ¡foro;Comercial;0;1;1;1;0;0;0;0;0;1;0;0;"-3,73778000000";"-38,52724500000";inter_match
363463;25;10;2020;15:13;0;AV DIOGUINHO;;;1310;;ColisÃ£o;Luz do Dia;;;Meio de Quadra;;;0;1;1;1;0;0;0;0;0;0;0;0;"-3,72880000000";"-38,46036000000";mq_gpsv
363464;25;10;2020;15:33;0;RUA TIBURCIO CAVALCANTE;;;2250;;ColisÃ£o;Luz do Dia;;;Meio de Quadra;;;0;1;1;0;0;0;0;0;0;0;0;0;"-3,74469000000";"-38,50542000000";mq_gpsv
363465;25;10;2020;16:59;0;RUA 27 DE JULHO;;;1430;;Queda;Luz do Dia;;;Meio de Quadra;;;0;1;0;0;0;0;0;0;0;1;0;0;;;
363466;25;10;2020;17:49;0;RUA COLETORA A (MONDUBIM);;;18;;ColisÃ£o;Anoitecer;;;Meio de Quadra;;;0;1;1;0;0;0;0;0;0;0;0;0;"-3,81757000000";"-38,57869000000";mq_gpsv
363415;25;10;2020;00:08;1709;RUA CAP ARAGAO;RUA CAP OLAVO;;;;Atropelamento;;;;Cruz;SemÃ¡foro;Comercial;0;1;1;0;0;0;0;0;0;1;0;0;"-3,76534800000";"-38,51593700000";inter_match
363416;25;10;2020;00:15;19667;AV BEZERRA DE MENEZES;RUA DOM LINO;;;;ColisÃ£o;;;;;;;0;1;1;0;0;0;0;0;0;0;0;0;"-3,73423200000";"-38,55756800000";inter_match
363417;25;10;2020;00:23;14448;AV SGT HERMINIO SAMPAIO;RUA DEMOSTENES CARVALHO;;;;ColisÃ£o;;;;T;Pare;Comercial;0;1;1;1;0;0;0;0;0;1;0;0;"-3,72611700000";"-38,55906800000";inter_match
363571;25;10;2020;22:11;0;AV HERACLITO GRACA;;;;;ColisÃ£o;;;;Meio de Quadra;;;0;1;1;1;0;0;0;0;0;1;0;0;;;
363572;25;10;2020;23:42;10749;RUA PRO HERIBALDO COSTA;AV SEN FERNANDES TAVORA;;;;ColisÃ£o;;;;Cruz;SemÃ¡foro;Comercial;0;1;1;1;0;0;0;0;0;0;0;0;"-3,76100600000";"-38,58438400000";inter_match
363555;25;10;2020;19:18;0;AV PERIMETRAL;;;692;;ColisÃ£o;;;;Meio de Quadra;;;0;1;1;1;0;0;0;0;0;1;0;0;;;
363556;25;10;2020;19:30;0;AV C CJ JOSE WALTER;;;850;;ColisÃ£o;;;;Meio de Quadra;;;0;1;1;1;0;0;0;0;0;1;0;0;"-3,82773750000";"-38,55894500000";mq_qgis
363557;25;10;2020;19:35;2955;RUA MARIA JULIA;RUA SAO FRANCISCO D21;;;;ColisÃ£o;;;;Cruz;Pare;Comercial;0;1;1;1;0;0;0;0;0;1;0;0;"-3,79860800000";"-38,60163300000";inter_match
363558;25;10;2020;20:31;0;AV WASHINGTON SOARES;;;132;;ColisÃ£o;;;;Meio de Quadra;;;0;1;1;0;0;0;0;0;0;1;0;0;"-3,75735800000";"-38,48984500000";mq_qgis
363565;25;10;2020;22:02;0;RUA MONTE LIBANO;;;925;;Queda;;;;Meio de Quadra;;;0;1;0;0;0;0;0;0;0;1;0;0;"-3,82771175000";"-38,56417900000";mq_match
363468;25;10;2020;18:00;5150;RUA SEN ALENCAR;RUA BAR RIO BRANCO;;;;ColisÃ£o;Anoitecer;;;T;Pare;Comercial;0;1;1;1;0;0;0;0;0;1;0;0;"-3,72487900000";"-38,52775200000";inter_match
363448;25;10;2020;10:20;0;RUA SEN ROBERT KENNEDY;;;128;;ColisÃ£o;Luz do Dia;;;Meio de Quadra;;;0;1;1;1;0;0;0;0;0;1;0;0;"-3,70024450000";"-38,57723480000";mq_qgis
363450;25;10;2020;10:55;0;LOGRADOURO SEM NOME;;;;;Queda;Luz do Dia;;;Meio de Quadra;;;0;1;0;0;0;1;0;0;0;0;0;0;;;
363451;25;10;2020;11:01;0;AV DR SILAS MUNGUBA;;;;;ColisÃ£o;Luz do Dia;;;Meio de Quadra;;;0;1;1;1;0;0;0;0;0;1;0;0;;;
363452;25;10;2020;11:03;0;AV FRANCISCO SA;;;;;ColisÃ£o;Luz do Dia;;;Meio de Quadra;;;0;1;1;1;0;0;0;0;0;1;0;0;;;
363470;25;10;2020;18:05;0;RUA HUMAITA D73;;;238;;ColisÃ£o;Anoitecer;;;Meio de Quadra;;;0;1;1;0;0;0;0;0;0;0;0;0;"-3,76517702000";"-38,60144180000";mq_qgis
363477;25;10;2020;18:29;0;RD BR 116;;;;;Atropelamento;Anoitecer;;;Meio de Quadra;;;0;1;1;1;0;0;0;0;0;0;0;0;;;
363478;25;10;2020;18:53;0;AV GENIBAU;;;;;ColisÃ£o;;;;Meio de Quadra;;;0;1;1;0;0;0;0;0;0;0;0;0;;;
363475;25;10;2020;18:25;2884;RUA MARIA JULIA;RUA MARTINS CARVALHO;;;;Atropelamento;Anoitecer;;;Cruz;Pare;Comercial;1;0;1;0;0;0;0;0;0;1;0;0;"-3,79633300000";"-38,60094900000";inter_match
363576;26;10;2020;05:06;0;AV VIS RIO BRANCO;;;1303;CIADADE DA CRIANCA;Choque c/ ObstÃ¡culo Fixo;Amanhecer;;;Meio de Quadra;;;0;1;0;1;0;0;0;0;0;0;0;0;"-3,73233728000";"-38,52483890000";mq_qgis
363577;26;10;2020;06:51;0;AV GAL OSORIO DE PAIVA;;;7773;;ColisÃ£o;Luz do Dia;;;Meio de Quadra;;;0;1;1;1;0;0;0;0;0;1;0;0;"-3,82037112000";"-38,61722880000";mq_qgis
363587;26;10;2020;08:10;0;RUA EDUARDO ANGELIM;;;1290;;ColisÃ£o;Luz do Dia;;;Meio de Quadra;;;0;1;1;1;0;0;0;0;0;1;0;0;"-3,76953084000";"-38,54406350000";mq_qgis
363588;26;10;2020;09:22;0;AV DOM LUIS;;;1233;;ColisÃ£o;Luz do Dia;;;Meio de Quadra;;;0;1;1;1;0;0;0;0;0;1;0;0;"-3,73573300000";"-38,48968000000";mq_match
363589;26;10;2020;09:39;0;RUA PARNAMIRIM;;;45;;Atropelamento;Luz do Dia;;;Meio de Quadra;;;0;1;1;0;0;0;0;0;0;1;0;0;"-3,81130000000";"-38,51706000000";mq_gpsv
363590;26;10;2020;09:49;26086;RUA AZEVEDO BOLAO;AV JOSE JATAHY;;;;Queda;Luz do Dia;;;Cruz;SemÃ¡foro;Residencial;0;1;0;0;0;0;0;0;0;1;0;0;"-3,73366300000";"-38,54449400000";inter_match
363582;26;10;2020;07:00;0;RUA JOAO CRISPIM D65;;;1950;;ColisÃ£o;Luz do Dia;;;Meio de Quadra;;;0;1;1;0;0;0;1;0;0;1;0;0;;;
363583;26;10;2020;07:36;0;AV GAL MURILO BORGES;;;;;ColisÃ£o;Luz do Dia;;;Meio de Quadra;;;0;1;1;1;0;0;0;0;0;1;0;0;;;
363573;26;10;2020;00:12;0;RUA RIO GRANDE DO SUL;;;1253;;Atropelamento;;;;Meio de Quadra;;;0;1;1;1;0;0;0;0;0;0;0;0;"-3,75957708000";"-38,56817960000";mq_qgis
363574;26;10;2020;03:25;0;AV H CJ CEARA;;;2476;;ColisÃ£o;;;;Meio de Quadra;;;0;1;1;1;0;0;0;0;0;1;0;0;"-3,77707600000";"-38,62146200000";mq_match
363595;26;10;2020;10:04;0;RD BR 116;;;6000;KM-06;Queda;Luz do Dia;;;Meio de Quadra;;;0;1;0;0;0;0;0;0;0;1;0;0;"-3,80469100000";"-38,50305300000";rod_match
363607;26;10;2020;13:06;17311;RUA ROMEU MARTINS;RUA JOAO FIRMINO;;;;ColisÃ£o;Luz do Dia;;;Cruz;Pare;Comercial;0;1;1;1;0;0;0;0;0;1;0;0;"-3,76427400000";"-38,55558200000";inter_match
363608;26;10;2020;13:12;0;AV GODOFREDO MACIEL;;;5833;;ColisÃ£o;Luz do Dia;;;Meio de Quadra;;;0;1;1;1;0;0;0;0;0;1;0;0;"-3,82540500000";"-38,57915700000";mq_match
363597;26;10;2020;10:26;10595;RUA ATILANO MOURA;AV CEL GUSTAVO A LIMA;;;;ColisÃ£o;Luz do Dia;;;Com Via FÃ©rrea;Pare;Residencial;0;1;1;1;0;0;0;0;0;1;0;0;"-3,76216600000";"-38,48958700000";inter_match
363598;26;10;2020;10:54;0;RUA MIGUEL ARAGAO;;;800;;ColisÃ£o;Luz do Dia;;;Meio de Quadra;;;0;1;1;1;0;0;0;0;0;0;0;0;"-3,83408500000";"-38,58635250000";mq_match
363599;26;10;2020;11:14;0;RUA CON DE CASTRO;;;3826;;ColisÃ£o;Luz do Dia;;;Meio de Quadra;;;0;1;1;0;0;0;0;0;0;1;0;0;"-3,80011900000";"-38,58745800000";mq_match
363600;26;10;2020;11:39;0;RUA ODORICO DE MORAIS;;;129;;Queda;Luz do Dia;;;Meio de Quadra;;;0;1;0;0;0;0;0;0;0;1;0;0;"-3,71535015000";"-38,55350470000";mq_qgis
363601;26;10;2020;12:02;0;RUA PRO JUREMA;;;112;;Queda;Luz do Dia;;;Meio de Quadra;;;0;1;0;0;0;0;0;0;0;1;0;0;"-3,71717514000";"-38,54768740000";mq_qgis
363602;26;10;2020;12:09;0;AV DUQ CAXIAS;;;924;;Queda;Luz do Dia;;;Meio de Quadra;;;0;1;0;0;0;1;0;0;0;0;0;0;"-3,73089482000";"-38,53265170000";mq_qgis
363603;26;10;2020;12:14;0;RUA PROF. MANOEL LOURENCO;;;;;ColisÃ£o;Luz do Dia;;;Meio de Quadra;;;0;1;1;1;0;0;0;0;0;1;0;0;;;
363604;26;10;2020;12:24;0;RUA COS LAFAYETE;;;482;;Queda;Luz do Dia;;;Meio de Quadra;;;0;2;0;0;0;0;0;0;0;1;0;0;"-3,71802850000";"-38,58237200000";mq_qgis
363605;26;10;2020;12:56;0;AV SGT HERMINIO SAMPAIO;;;4143;;ColisÃ£o;Luz do Dia;;;Meio de Quadra;;;0;1;1;1;0;0;0;0;0;1;0;0;"-3,73069000000";"-38,57715000000";mq_match
363624;26;10;2020;14:29;0;AV I CJ CEARA;;;1405;;ColisÃ£o;Luz do Dia;;;Meio de Quadra;;;0;1;1;0;0;0;0;0;0;0;0;0;"-3,77310348000";"-38,59997720000";mq_qgis
363625;26;10;2020;16:49;0;RUA DOM EXPEDITO LOPES;;;2250;;ColisÃ£o;Luz do Dia;;;Meio de Quadra;;;0;1;1;1;0;1;0;0;0;0;0;0;"-3,74372635000";"-38,50533540000";mq_qgis
363626;26;10;2020;18:44;0;RUA AGAMENON;;;;;ColisÃ£o;;;;Meio de Quadra;;;0;1;1;1;0;0;0;0;0;1;0;0;;;
363627;26;10;2020;19:46;0;AV JOSE LEON;;;1078;;ColisÃ£o;;;;Meio de Quadra;;;0;1;1;1;0;0;0;0;0;1;0;0;"-3,78771200000";"-38,50223100000";mq_match
363628;26;10;2020;22:20;19130;RUA LAURO NOGUEIRA;RUA DES WALDETARIO P MOTA;;;;ColisÃ£o;;;;Cruz;Pare;Residencial;0;2;1;1;0;0;0;0;0;1;0;0;"-3,73897360000";"-38,48196000000";inter_match
363629;26;10;2020;22:39;0;RUA MARTINS CARVALHO;;;3829;;Queda;;;;Meio de Quadra;;;0;1;0;0;0;0;0;0;0;1;0;0;"-3,78893328000";"-38,62618540000";mq_qgis