COD_ACIDENTE;DIA;MES;ANO;HORA;INTERSECAO;LOG1;LOG2;LOG3;NUMERO;REFERENCIA;NATUREZA;ILUMINACAO;TEMPO;SUPERFICIEPISTA;TIPOCRUZAMENTO;CONTROLETRAFEGO;USOSOLO;MORTOS;FERIDOS;ILESOS;AUTOMOVEL;ONIBUS;BICICLETA;CAMINHAO;MICROONIBUS;CICLOMOTOR;MOTOCICLETA;TRACAOANIMAL;TREM;LATITUDE;LONGITUDE;METODO
363847;3;11;2020;21:07;0;AV PERIMETRAL;;;;;Queda;;;;Meio de Quadra;;;0;1;0;0;0;0;0;0;0;1;0;0;;;
363848;3;11;2020;21:45;0;AV GAL OSORIO DE PAIVA;;;1327;;ColisÃ£o;;;;Meio de Quadra;;;0;1;0;1;0;0;0;0;0;1;0;0;"-3,77998000000";"-38,57336000000";mq_gpsv
363849;3;11;2020;21:56;0;RUA LAURO NOGUEIRA;;;779;;ColisÃ£o;;;;Meio de Quadra;;;0;1;0;1;0;1;0;0;0;0;0;0;"-3,73986000000";"-38,47882000000";mq_gpsv
363850;3;11;2020;23:19;0;RUA ENCANTO DA BARRA;;;141;;ColisÃ£o;;;;Meio de Quadra;;;0;1;0;0;0;0;0;0;0;0;0;0;"-3,70001000000";"-38,57870000000";mq_gpsv
363839;3;11;2020;16:21;0;AV F CJ CEARA;;;773;;Queda;Luz do Dia;;;Meio de Quadra;;;0;1;0;0;0;1;0;0;0;0;0;0;"-3,76613914000";"-38,60397380000";mq_qgis
363840;3;11;2020;17:24;0;RUA FREI HUMBERTO;;;;;Queda;Anoitecer;;;Meio de Quadra;;;0;1;0;0;0;0;0;0;0;1;0;0;;;
363841;3;11;2020;17:28;0;AV OLIVEIRA PAIVA;;;;;ColisÃ£o;Anoitecer;;;Meio de Quadra;;;0;1;0;0;0;0;0;0;0;0;0;0;;;
363842;3;11;2020;17:56;21546;RUA TULIPA NEGRA;RUA CEREJEIRAS;;;;ColisÃ£o;Anoitecer;;;Cruz;Pare;Comercial;0;1;0;0;0;0;0;0;0;1;0;0;"-3,81941700000";"-38,59765500000";inter_match
363843;3;11;2020;18:44;0;RUA BERNARDO MANUEL;;;13405;;Queda;;;;Meio de Quadra;;;0;2;0;0;0;0;0;0;0;1;0;0;"-3,83466786000";"-38,56230400000";mq_qgis
363826;3;11;2020;11:18;0;AV MOZART PINHEIRO DE LUCENA;;;1361;;Atropelamento;Luz do Dia;;;Meio de Quadra;;;0;1;0;0;0;0;0;0;0;1;0;0;"-3,71483800000";"-38,59470700000";mq_qgis
363827;3;11;2020;11:46;0;AV SANTOS DUMONT;;;847;;ColisÃ£o;Luz do Dia;;;Meio de Quadra;;;0;1;0;1;1;0;0;0;0;0;0;0;"-3,73053500000";"-38,51584800000";mq_match
363828;3;11;2020;12:13;0;RD BR 116;;;;;Atropelamento;Luz do Dia;;;Meio de Quadra;;;0;1;0;1;0;0;0;0;0;0;0;0;;;
363829;3;11;2020;12:29;0;AV BEZERRA DE MENEZES;;;1643;;ColisÃ£o;Luz do Dia;;;Meio de Quadra;;;0;1;0;1;0;0;0;0;0;1;0;0;"-3,73462363900";"-38,55948512800";mq_match
363830;3;11;2020;12:46;0;RUA PRO GOMES BRASIL;;;201;;ColisÃ£o;Luz do Dia;;;Meio de Quadra;;;0;1;0;0;0;0;0;0;0;1;0;0;"-3,77409700000";"-38,56760200000";mq_match
363831;3;11;2020;15:38;0;RUA ABEL RIBEIRO;;;;;ColisÃ£o;Luz do Dia;;;Meio de Quadra;;;0;1;0;1;0;0;0;0;0;1;0;0;;;
363832;3;11;2020;16:06;0;AV SEN CARLOS JEREISSATI (AEROPORTO);;;;;Queda;Luz do Dia;;;Meio de Quadra;;;0;1;0;0;0;0;0;0;0;1;0;0;;;
363833;3;11;2020;16:12;0;AV CONTORNO SUL;;;160;;ColisÃ£o;Luz do Dia;;;Meio de Quadra;;;0;1;0;1;0;0;0;0;0;1;0;0;"-3,85763550000";"-38,48968550000";mq_qgis
363940;3;11;2020;01:00;0;TR CICERO HERMINIO;;;14;;Atropelamento;;;;Meio de Quadra;;;1;0;1;1;0;0;0;0;0;0;0;0;"-3,70594140000";"-38,56289940000";mq_qgis
363959;4;11;2020;10:40;0;RUA CATOLE;;;;;Choque c/ ObstÃ¡culo Fixo;Luz do Dia;;;Meio de Quadra;;;1;0;0;0;0;0;0;0;0;1;0;0;"-3,85897600000";"-38,52318300000";fat_match
364190;4;11;2020;21:09;0;AV SEN CARLOS JEREISSATI (AEROPORTO);;;401;;ColisÃ£o;;;;Meio de Quadra;;;0;1;0;1;0;0;0;0;0;0;0;0;;;
364191;4;11;2020;21:50;0;RUA LAURO MAIA;;;950;;ColisÃ£o;;;;Meio de Quadra;;;0;1;0;0;0;0;0;0;0;1;0;0;"-3,74803600000";"-38,52273600000";mq_qgis
364188;4;11;2020;20:17;0;RUA ARI MAIA;;;796;;Queda;;;;Meio de Quadra;;;0;1;0;0;0;0;0;0;0;1;0;0;"-3,78222000000";"-38,62114000000";mq_gpsv
364186;4;11;2020;19:48;0;AV RAD JOSE LIMA VERDE;;;537;;ColisÃ£o;;;;Meio de Quadra;;;0;1;0;1;0;0;0;0;0;1;0;0;"-3,69591188300";"-38,58643139000";mq_match
364182;4;11;2020;18:17;0;AV DR THEBERGE;;;1288;;ColisÃ£o;Anoitecer;;;Meio de Quadra;;;0;1;0;1;0;0;0;0;0;1;0;0;"-3,71366300000";"-38,56463700000";mq_match
364183;4;11;2020;18:29;0;RUA VALPARAISO;;;;;ColisÃ£o;Anoitecer;;;Meio de Quadra;;;0;1;0;1;0;0;0;0;0;1;0;0;;;
364174;4;11;2020;18:02;0;AV VICENTE DE CASTRO;;;;;Queda;Anoitecer;;;Meio de Quadra;;;0;1;0;0;0;1;0;0;0;0;0;0;;;
364175;4;11;2020;18:05;0;RD BR 116;;;3000;KM-03;ColisÃ£o;Anoitecer;;;Meio de Quadra;;;0;1;0;0;0;0;0;0;0;0;0;0;"-3,77983800000";"-38,51437200000";rod_match
364176;4;11;2020;18:09;0;RUA BENEDITO MACEDO;;;79;;Queda;Anoitecer;;;Meio de Quadra;;;0;1;0;0;0;1;0;0;0;0;0;0;"-3,71628000000";"-38,47576000000";mq_gpsv
364177;4;11;2020;18:09;0;RD BR 116;;;12000;KM-12;ColisÃ£o;Anoitecer;;;Meio de Quadra;;;0;1;0;1;0;0;0;0;0;1;0;0;"-3,85574000000";"-38,49606600000";rod_match
364164;4;11;2020;12:17;17373;RUA CEL ALEXANDRINO;AV PRO GOMES DE MATOS;;;;ColisÃ£o;Luz do Dia;;;Cruz;SemÃ¡foro Manual;Residencial;0;1;0;0;0;0;0;0;0;1;0;0;"-3,76673200000";"-38,55040300000";inter_match
364165;4;11;2020;12:38;0;RUA VALPARAISO;;;1362;;ColisÃ£o;Luz do Dia;;;Meio de Quadra;;;0;1;0;0;0;0;0;0;0;0;0;0;"-3,84034711300";"-38,53048612000";mq_match
364166;4;11;2020;14:12;0;RUA ADOLFO CAMINHA;;;217;;Atropelamento;Luz do Dia;;;Meio de Quadra;;;0;1;0;1;0;0;0;0;0;0;0;0;"-3,72103639400";"-38,52508319000";mq_match
364167;4;11;2020;14:35;19331;RUA PRO GOMES BRASIL;AV GAL OSORIO DE PAIVA;;;;Queda;Luz do Dia;;;T;SemÃ¡foro;Comercial;0;1;0;0;0;0;0;0;0;1;0;0;"-3,77561800000";"-38,56645100000";inter_match
364168;4;11;2020;15:12;19009;RUA DES WALDETARIO P MOTA;RUA AVILA GOULART;;;;ColisÃ£o;Luz do Dia;;;Cruz;SemÃ¡foro;Residencial;0;2;0;1;0;0;0;0;0;1;0;0;"-3,73447800000";"-38,47916000000";inter_match
364169;4;11;2020;15:43;0;AV MAE LISBOA;;;1780;;ColisÃ£o;Luz do Dia;;;Meio de Quadra;;;0;1;0;0;0;0;0;0;0;0;0;0;"-3,80793650000";"-38,46380800000";mq_qgis
364170;4;11;2020;15:56;0;AV VIS RIO BRANCO;;;2173;;ColisÃ£o;Luz do Dia;;;Meio de Quadra;;;0;1;0;1;0;0;0;0;0;1;0;0;"-3,73996600000";"-38,52329600000";mq_match
364171;4;11;2020;17:10;0;AV GODOFREDO MACIEL;;;3933;;Queda;Anoitecer;;;Meio de Quadra;;;0;1;0;0;0;0;0;0;0;1;0;0;"-3,79847020000";"-38,57043670000";mq_match
364172;4;11;2020;17:25;0;RUA ESPLANADA DO MUCURIPE;;;;;ColisÃ£o;Anoitecer;;;Meio de Quadra;;;0;1;0;1;0;1;0;0;0;0;0;0;;;
364457;4;11;2020;16:00;0;RD CE-025;;;;KM-02;Atropelamento;Luz do Dia;;;Meio de Quadra;;;0;1;1;0;0;0;0;0;0;1;0;0;"-3,80763450500";"-38,46108452000";rod_match
364196;4;11;2020;22:30;0;RUA VALDETARIO MOTA;;;422;;Queda;;;;Meio de Quadra;;;0;1;0;0;0;0;0;0;0;1;0;0;"-3,73352000000";"-38,47861000000";mq_gpsv
364194;4;11;2020;22:06;0;AV PERIMETRAL;;;1089;;ColisÃ£o;;;;Meio de Quadra;;;0;2;0;1;0;0;0;0;0;1;0;0;"-3,78556270000";"-38,59001170000";mq_qgis
363864;4;11;2020;10:17;0;RUA BRAGANCA;;;1095;;ColisÃ£o;Luz do Dia;;;Meio de Quadra;;;0;1;0;1;0;0;0;0;0;1;0;0;"-3,78418100000";"-38,59746100000";mq_qgis
363865;4;11;2020;12:16;0;AV EDUARDO GIRAO;;;;;ColisÃ£o;Luz do Dia;;;Meio de Quadra;;;0;1;0;1;0;1;0;0;0;0;0;0;;;
363859;4;11;2020;07:08;0;RD BR 116;;;2273;;ColisÃ£o;Luz do Dia;;;Meio de Quadra;;;0;1;0;0;0;0;0;0;0;0;0;0;"-3,80949200000";"-38,50071100000";rod_match
363860;4;11;2020;07:31;0;RUA TOMAS ACIOLI;;;950;;ColisÃ£o;Luz do Dia;;;Meio de Quadra;;;0;1;0;1;0;0;0;0;0;1;0;0;"-3,74500063000";"-38,50936900000";mq_qgis
363861;4;11;2020;09:26;0;AV FRE CIRILO;;;;;ColisÃ£o;Luz do Dia;;;Meio de Quadra;;;0;1;0;1;0;0;0;0;0;1;0;0;;;
363862;4;11;2020;09:50;0;RUA VALDETARIO MOTA;;;;;Atropelamento;Luz do Dia;;;Meio de Quadra;;;0;1;0;0;0;0;0;0;0;1;0;0;;;
362656;4;11;2020;07:41;23791;RUA COSTA FREIRE;RUA RAIMUNDO NERY;;0;;ColisÃ£o Transversal;Luz do Dia;Bom;Seca;Cruz;Pare;Comercial;0;2;1;1;0;0;0;0;0;1;0;0;"-3,79414400000";"-38,58642300000";inter_match
362658;4;11;2020;15:56;25063;RUA ARMANDO MONTEIRO;AV DOS EXPEDICIONARIOS;;;;ColisÃ£o Frontal;Luz do Dia;Bom;Seca;Cruz;SemÃ¡foro;Comercial;0;1;1;1;0;0;0;0;0;1;0;0;"-3,76223000000";"-38,54037200000";inter_match
362659;4;11;2020;15:00;26091;AV JOVITA FEITOSA;AV JOSE JATAHY;;;;ColisÃ£o Transversal;Luz do Dia;Bom;Seca;Cruz;SemÃ¡foro;Comercial;0;0;3;1;0;0;0;0;0;0;0;0;"-3,73727300000";"-38,54393600000";inter_match
362435;4;11;2020;17:45;0;AV PRS JUSCELINO KUBITSCHEK (PASSARÃ‰);;;3269;;ColisÃ£o Lateral;Anoitecer;Bom;Seca;Meio de Quadra;NÃ£o HÃ¡ Controle;Residencial;0;2;0;1;0;0;0;0;0;1;0;0;;;
362431;4;11;2020;15:10;7400;RUA CEL MATOS DOURADO;RUA PRO EDGAR DE ARRUDA;;;;ColisÃ£o Transversal;Luz do Dia;Bom;Seca;Cruz;Pare;Comercial;0;2;1;1;0;0;0;0;0;1;0;0;"-3,75820200000";"-38,58484800000";inter_match
362436;5;11;2020;07:30;0;AV GOV RAUL BARBOSA;;;3050;;ColisÃ£o Transversal;Luz do Dia;Bom;Seca;Meio de Quadra;NÃ£o HÃ¡ Controle;Comercial;0;0;2;1;0;1;0;0;0;0;0;0;"-3,75419336000";"-38,50414430000";mq_qgis
362437;5;11;2020;19:20;12347;RUA RIO GRANDE DO SUL;RUA DIAMANTINA;;;;ColisÃ£o Lateral;;Bom;Seca;Cruz;SemÃ¡foro;Residencial;0;1;1;0;0;0;0;0;0;1;0;0;"-3,76334200000";"-38,57049900000";inter_match
362660;5;11;2020;02:40;18464;AV SGT HERMINIO SAMPAIO;RUA PEDRO PONCIANO;;;;ColisÃ£o Frontal;Via Iluminada;Bom;Seca;T;Pare;Comercial;0;0;2;1;0;0;1;0;0;0;0;0;"-3,73046000000";"-38,57655000000";inter_gpsv
362661;5;11;2020;15:30;9033;RUA CEL SOLON;RUA DOM SEBASTIAO LEME;;;;ColisÃ£o Transversal;Luz do Dia;Bom;Seca;Cruz;Pare;Residencial;0;1;1;1;0;0;0;0;0;1;0;0;"-3,74296300000";"-38,52679900000";inter_match
364199;5;11;2020;00:52;0;AV SGT HERMINIO SAMPAIO;;;5286;;ColisÃ£o;;;;Meio de Quadra;;;0;1;0;1;0;0;1;0;0;0;0;0;"-3,73415000000";"-38,58665250000";mq_qgis
364208;5;11;2020;07:33;0;AV DES MOREIRA;;;3050;;ColisÃ£o;Luz do Dia;;;Meio de Quadra;;;0;1;0;1;0;1;0;0;0;0;0;0;"-3,75277200000";"-38,50395570000";mq_match
364209;5;11;2020;11:41;0;RUA CARNEIRO DA CUNHA (JACARECANGA);;;449;;ColisÃ£o;Luz do Dia;;;Meio de Quadra;;;0;1;0;1;0;0;0;0;0;1;0;0;"-3,72452000000";"-38,54500000000";mq_gpsv
364201;5;11;2020;06:30;0;AV DEP PAULINO ROCHA;;;;;ColisÃ£o;Luz do Dia;;;Meio de Quadra;;;0;1;0;0;0;0;0;0;0;0;0;0;;;
364203;5;11;2020;06:32;0;AV 13 DE MAIO;;;1485;;ColisÃ£o;Luz do Dia;;;Meio de Quadra;;;0;1;0;1;0;0;0;0;0;1;0;0;"-3,74743741000";"-38,53153890000";mq_qgis
364214;5;11;2020;11:55;0;RUA CEL JOAO OLIVEIRA;;;1110;;Atropelamento;Luz do Dia;;;Meio de Quadra;;;0;1;0;0;0;0;0;0;0;0;0;0;"-3,82320100000";"-38,48512300000";mq_qgis
364215;5;11;2020;12:27;0;AV JOSE LEON;;;1919;;Queda;Luz do Dia;;;Meio de Quadra;;;0;1;0;0;0;1;0;0;0;0;0;0;"-3,78954400000";"-38,49489700000";mq_qgis
364216;5;11;2020;13:14;0;AV MON TABOSA;;;368;;Atropelamento;Luz do Dia;;;Meio de Quadra;;;0;1;0;1;0;0;0;0;0;0;0;0;"-3,72378600000";"-38,51607600000";mq_match
364217;5;11;2020;13:17;0;RUA POMPILIO GOMES;;;414;;ColisÃ£o;Luz do Dia;;;Meio de Quadra;;;0;1;0;1;0;0;0;0;0;1;0;0;;;
364218;5;11;2020;14:06;0;RUA PRO HERIBALDO COSTA;;;1351;;ColisÃ£o;Luz do Dia;;;Meio de Quadra;;;0;1;0;1;0;0;0;0;0;1;0;0;"-3,76389982000";"-38,58591690000";mq_qgis
364219;5;11;2020;14:16;0;AV SGT HERMINIO SAMPAIO;;;2148;;ColisÃ£o;Luz do Dia;;;Meio de Quadra;;;0;1;0;1;0;0;0;0;0;1;0;0;"-3,72618050000";"-38,55942350000";mq_match
364220;5;11;2020;15:07;0;AV BORGES DE MELO;;;;;ColisÃ£o;Luz do Dia;;;Meio de Quadra;;;0;1;0;1;0;0;0;0;0;1;0;0;;;
364212;5;11;2020;11:52;0;RUA SAO FRANCISCO D34;;;396;;ColisÃ£o;Luz do Dia;;;Meio de Quadra;;;0;1;0;0;0;0;0;0;0;0;0;0;"-3,79894400000";"-38,60089400000";mq_gpsv
364222;5;11;2020;15:53;0;AV MIGUEL DIAS;;;320;;ColisÃ£o;Luz do Dia;;;Meio de Quadra;;;0;1;0;1;0;0;0;0;0;1;0;0;"-3,75996850000";"-38,48823110000";mq_match
364224;5;11;2020;15:54;0;RUA 602 CJ CEARA;;;;;ColisÃ£o;Luz do Dia;;;Meio de Quadra;;;0;1;0;1;0;0;0;0;0;1;0;0;;;
364226;5;11;2020;16:36;0;AV ENG LEAL LIMA VERDE (SAPIRANGA/COITE);;;1000;;ColisÃ£o;Luz do Dia;;;Meio de Quadra;;;0;1;0;1;0;0;0;0;0;1;0;0;"-3,79766000000";"-38,47558000000";mq_gpsv
364205;5;11;2020;07:31;23734;RUA JOAO AREAS;RUA CON DE CASTRO;;;;ColisÃ£o;Luz do Dia;;;;;;0;1;0;1;0;0;0;0;0;1;0;0;"-3,78760000000";"-38,57584000000";inter_gpsv
364228;5;11;2020;17:06;0;RUA CON DE CASTRO;;;7050;;ColisÃ£o;Anoitecer;;;Meio de Quadra;;;0;1;0;1;0;0;0;0;0;1;0;0;"-3,81717635000";"-38,60068840000";mq_qgis
364230;5;11;2020;17:09;0;AV BEZERRA DE MENEZES;;;;;Atropelamento;Anoitecer;;;Meio de Quadra;;;0;1;0;1;0;0;0;0;0;0;0;0;;;
364231;5;11;2020;17:17;0;AV SANTOS DUMONT;;;7580;;Queda;Anoitecer;;;Meio de Quadra;;;0;1;0;0;0;0;0;0;0;1;0;0;"-3,74662850000";"-38,46615700000";mq_match
364233;5;11;2020;17:18;5749;AV DES GONZAGA;RUA JULIO LIMA;;;;ColisÃ£o;Anoitecer;;;Cruz;Pare;Comercial;0;1;0;1;0;0;0;0;0;1;0;0;"-3,79614300000";"-38,50041100000";inter_match
364235;5;11;2020;17:41;7765;RUA TIBURCIO CAVALCANTE;RUA DOM EXPEDITO LOPES;;;;ColisÃ£o;Anoitecer;;;Cruz;SemÃ¡foro;Residencial;0;2;0;0;0;0;0;0;0;1;0;0;"-3,74388360000";"-38,50518400000";inter_match
364238;5;11;2020;17:52;0;RUA PRO COSTA MENDES;;;1258;;ColisÃ£o;Anoitecer;;;Meio de Quadra;;;0;1;0;1;0;0;0;0;0;1;0;0;"-3,75148030000";"-38,55057000000";mq_match
364239;5;11;2020;17:59;5436;RUA GAL CLARINDO DE QUEIROZ;RUA JAIME BENEVOLO;;;;Atropelamento;Anoitecer;;;Cruz;Pare;Comercial;0;1;0;0;0;0;0;0;0;1;0;0;"-3,73406000000";"-38,52601700000";inter_match
364240;5;11;2020;19:35;0;AV JOR JOAO RAMOS;;;3005;;ColisÃ£o;;;;Meio de Quadra;;;0;1;0;0;0;0;0;0;0;0;0;0;"-3,83963235000";"-38,58219740000";mq_qgis
364241;5;11;2020;19:48;0;RUA RIO GRANDE DO SUL;;;1344;;ColisÃ£o;;;;Meio de Quadra;;;0;1;0;0;0;0;0;0;0;0;0;0;"-3,76001100000";"-38,56846700000";mq_match
364242;5;11;2020;21:01;0;RUA SOL;;;721;;ColisÃ£o;;;;Meio de Quadra;;;0;1;0;0;0;0;0;0;0;0;0;0;"-3,83529000000";"-38,57953000000";mq_gpsv
364243;5;11;2020;21:06;0;AV PRS CASTELO BRANCO;;;;;Queda;;;;Meio de Quadra;;;0;1;0;0;0;0;0;0;0;1;0;0;;;
364470;5;11;2020;15:30;0;AV SEN CARLOS JEREISSATI (AEROPORTO);;;;KM 02;ColisÃ£o;Luz do Dia;;;Meio de Quadra;;;0;0;2;1;1;0;0;0;0;0;0;0;"-3,78219400000";"-38,53542400000";rod_match
364473;5;11;2020;20:30;0;AV MIN JOSE AMERICO;;;;;Outros;;;;Meio de Quadra;;;0;0;2;1;0;0;0;0;0;0;0;0;;;
364696;5;11;2020;12:15;0;AV JOVITA FEITOSA;;;314;;ColisÃ£o;Luz do Dia;;;Meio de Quadra;;;0;2;0;0;0;0;0;0;0;1;0;0;"-3,73776300000";"-38,54630100000";mq_qgis
364697;5;11;2020;09:00;0;RUA PERNAMBUCO;;;;;ColisÃ£o;Luz do Dia;;;Meio de Quadra;;;0;1;1;0;0;0;0;0;0;1;0;0;;;
364698;5;11;2020;10:45;0;RUA NUNES FEIJO;;;1119;;ColisÃ£o;Luz do Dia;;;Meio de Quadra;;;0;0;2;0;1;0;0;0;0;0;0;0;"-3,84710000000";"-38,50497000000";mq_gpsv
364699;6;11;2020;20:30;0;AV VICENTE DE CASTRO;;;;;ColisÃ£o;;;;Meio de Quadra;NÃ£o HÃ¡ Controle;Industrial;0;0;2;0;0;0;1;0;0;0;0;0;;;
364485;6;11;2020;15:30;0;AV MIN JOSE AMERICO;;;;;ColisÃ£o;Luz do Dia;;;Meio de Quadra;;;0;0;2;1;0;0;0;1;0;0;0;0;;;
364244;6;11;2020;01:56;0;RUA PERNAMBUCO;;;2951;;Atropelamento de Animal;;;;Meio de Quadra;;;0;1;0;0;0;0;0;0;0;0;0;0;"-3,74985800000";"-38,57959300000";mq_match
364245;6;11;2020;06:05;0;TERM DE MESSEJANA;;;;;Atropelamento;Luz do Dia;;;Meio de Quadra;;;0;1;0;0;1;0;0;0;0;0;0;0;;;
364246;6;11;2020;06:16;0;RD BR 116;;;9000;KM-09;Atropelamento;Luz do Dia;;;Meio de Quadra;;;0;1;0;0;0;0;0;0;0;1;0;0;"-3,83083700000";"-38,50486500000";rod_match
364247;6;11;2020;06:17;0;AV LINEU MACHADO;;;1451;;ColisÃ£o;Luz do Dia;;;Meio de Quadra;;;0;1;0;0;0;0;0;0;0;0;0;0;"-3,77238868100";"-38,58027126000";mq_match
364248;6;11;2020;06:20;0;AV DES MOREIRA;;;2200;;ColisÃ£o;Luz do Dia;;;Meio de Quadra;;;0;1;0;0;0;0;0;0;0;0;0;0;"-3,74457700000";"-38,50103050000";mq_qgis
364249;6;11;2020;06:54;0;RUA GERMANO FRANCK;;;777;;ColisÃ£o;Luz do Dia;;;Meio de Quadra;;;0;1;0;1;0;0;0;0;0;1;0;0;"-3,77798836000";"-38,56288000000";mq_qgis
364250;6;11;2020;06:54;0;AV DIOGUINHO;;;280;;Queda;Luz do Dia;;;Meio de Quadra;;;0;2;0;0;0;0;0;0;0;1;0;0;"-3,72701000000";"-38,46133000000";mq_gpsv
364251;6;11;2020;06:55;0;AV GODOFREDO MACIEL;;;3255;;ColisÃ£o;Luz do Dia;;;Meio de Quadra;;;0;1;0;1;0;0;0;0;0;1;0;0;"-3,80408800000";"-38,57229600000";mq_match
364252;6;11;2020;07:50;0;AV GAL OSORIO DE PAIVA;;;5281;;ColisÃ£o;Luz do Dia;;;Meio de Quadra;;;0;1;0;1;0;1;0;0;0;0;0;0;"-3,80373662500";"-38,60112288000";mq_match
364253;6;11;2020;08:14;0;RUA QUINZE (PQ DOIS IRMAOS);;;781;;ColisÃ£o;Luz do Dia;;;Meio de Quadra;;;0;1;0;1;0;0;0;0;0;1;0;0;;;
364254;6;11;2020;08:46;0;AV AUGUSTO DOS ANJOS;;;241;;Atropelamento;Luz do Dia;;;Meio de Quadra;;;0;1;0;0;0;0;0;0;0;1;0;0;"-3,77118472000";"-38,57103920000";mq_qgis
364268;6;11;2020;10:21;0;RUA JOAO VINTE TRES;;;4936;;ColisÃ£o;Luz do Dia;;;Meio de Quadra;;;0;1;0;0;0;0;1;0;0;1;0;0;;;
364260;6;11;2020;09:27;0;RUA BAR AQUIRAZ;;;1702;;ColisÃ£o;Luz do Dia;;;Meio de Quadra;;;0;1;0;1;0;0;0;0;0;1;0;0;"-3,84191734000";"-38,48395560000";mq_qgis
364264;6;11;2020;10:15;0;AV CONTORNO NORTE D71;;;1212;;ColisÃ£o;Luz do Dia;;;Meio de Quadra;;;0;2;0;1;0;0;0;0;0;1;0;0;"-3,81364700000";"-38,58795000000";mq_match
364265;6;11;2020;10:21;0;RUA 10 CJ PEQ MONDUBIM;;;1206;;ColisÃ£o;Luz do Dia;;;Meio de Quadra;;;0;1;0;0;0;0;0;0;0;1;0;0;;;
364286;6;11;2020;15:35;0;RUA TUPI D35;;;475;;ColisÃ£o;Luz do Dia;;;Meio de Quadra;;;0;2;0;1;0;0;0;0;0;1;0;0;"-3,76216900000";"-38,57992600000";mq_gpsv
364283;6;11;2020;14:28;0;RUA TEN QUEIROZ;;;1207;;ColisÃ£o;Luz do Dia;;;Meio de Quadra;;;0;1;0;0;0;0;0;0;0;1;0;0;;;
364284;6;11;2020;14:55;17271;RUA VASCO DA GAMA;RUA EDITE BRAGA;;;;Queda;Luz do Dia;;;Cruz;Pare;Comercial;0;1;0;0;0;1;0;0;0;0;0;0;"-3,76213600000";"-38,54872200000";inter_match
364279;6;11;2020;12:59;0;AV DEP PAULINO ROCHA;;;145;;ColisÃ£o;Luz do Dia;;;Meio de Quadra;;;0;1;0;1;0;0;0;0;0;1;0;0;"-3,80000000000";"-38,50601000000";mq_gpsv
364277;6;11;2020;11:30;0;AV AUGUSTO DOS ANJOS;;;2171;;ColisÃ£o;Luz do Dia;;;Meio de Quadra;;;0;1;0;1;0;0;0;0;0;1;0;0;"-3,78486100000";"-38,58322500000";mq_match
364275;6;11;2020;10:23;0;RUA OSCAR ARARIPE;;;;;ColisÃ£o;Luz do Dia;;;Meio de Quadra;;;0;1;0;1;0;0;0;0;0;1;0;0;;;
364299;6;11;2020;18:08;0;AV CASTELO DE CASTRO;;;1247;;ColisÃ£o;Anoitecer;;;Meio de Quadra;;;0;1;0;0;0;0;0;0;0;0;0;0;"-3,84071000000";"-38,52168000000";mq_gpsv
364300;6;11;2020;22:30;0;RUA JUVENCIO VASCONCELOS;;;25;;Atropelamento;;;;Meio de Quadra;;;0;1;0;1;0;0;0;0;0;0;0;0;"-3,72412011000";"-38,48144220000";mq_qgis
362662;6;11;2020;05:30;0;RUA PAULO FIRMEZA;;;581;;ColisÃ£o Lateral;Amanhecer;Bom;Seca;Meio de Quadra;NÃ£o HÃ¡ Controle;Residencial;0;2;1;1;0;0;0;0;0;1;0;0;"-3,75728600000";"-38,51462000000";mq_qgis
362663;6;11;2020;11:28;0;RUA OSVALDO CRUZ;;;2554;;ColisÃ£o Traseira;Luz do Dia;Bom;Seca;Meio de Quadra;NÃ£o HÃ¡ Controle;Residencial;0;1;2;1;0;0;0;0;0;0;0;0;"-3,74812000000";"-38,50432000000";mq_gpsv
362664;6;11;2020;13:45;5718;RUA CON BRAVEZA;RUA JOAO LEONEL;;0;;ColisÃ£o Transversal;Luz do Dia;Bom;Seca;Cruz;Pare;Residencial;0;0;2;1;0;0;0;0;0;0;0;0;"-3,80003900000";"-38,49683400000";inter_match
362665;6;11;2020;16:35;0;RUA DA ZAMBAIA;;;90;;ColisÃ£o Transversal;Luz do Dia;Bom;Seca;Meio de Quadra;NÃ£o HÃ¡ Controle;Residencial;0;0;0;1;0;0;0;0;0;0;0;0;;;
362666;6;11;2020;04:27;0;AV SGT HERMINIO SAMPAIO;;;3470;;Choque c/ ObstÃ¡culo Fixo;Via Iluminada;Bom;Seca;Meio de Quadra;SemÃ¡foro;Comercial;0;2;0;1;0;0;0;0;0;0;0;0;"-3,72861390000";"-38,57168600000";mq_match
362667;6;11;2020;19:14;0;AV JOR THOMAZ COELHO;;;305;;ColisÃ£o Traseira;Anoitecer;Bom;Seca;Meio de Quadra;SemÃ¡foro;Comercial;0;1;1;1;0;0;0;0;0;1;0;0;"-3,83250540000";"-38,49962460000";mq_match
362668;6;11;2020;20:42;0;AV DOM MANUEL;;;175;;Engavetamento;Via Iluminada;Bom;Seca;;;;0;1;2;1;0;0;0;0;0;1;0;0;"-3,72584133000";"-38,52030530000";mq_qgis
363652;6;11;2020;11:50;6741;RUA ALMEIDA PRADO;RUA VILEBALDO AGUIAR;;;;ColisÃ£o Lateral;Luz do Dia;Bom;Seca;Cruz;Pare;Residencial;0;0;2;1;0;0;0;0;0;1;0;0;"-3,74454500000";"-38,47541300000";inter_match
362669;7;11;2020;07:51;12925;AV AGUANAMBI;AV DOMINGOS OLIMPIO;;;;ColisÃ£o Traseira;Luz do Dia;Bom;Molhada;Cruz;SemÃ¡foro;Comercial;0;2;2;1;0;0;0;0;0;1;0;0;"-3,73868300000";"-38,52462800000";inter_match