COD_ACIDENTE;DIA;MES;ANO;HORA;INTERSECAO;LOG1;LOG2;LOG3;NUMERO;REFERENCIA;NATUREZA;ILUMINACAO;TEMPO;SUPERFICIEPISTA;TIPOCRUZAMENTO;CONTROLETRAFEGO;USOSOLO;MORTOS;FERIDOS;ILESOS;AUTOMOVEL;ONIBUS;BICICLETA;CAMINHAO;MICROONIBUS;CICLOMOTOR;MOTOCICLETA;TRACAOANIMAL;TREM;LATITUDE;LONGITUDE;METODO
362670;7;11;2020;11:15;0;AV PONTES VIEIRA;;;639;;ColisÃ£o Traseira;Luz do Dia;Bom;Seca;Meio de Quadra;NÃ£o HÃ¡ Controle;Comercial;0;0;2;0;0;0;0;0;0;0;0;0;"-3,75295200000";"-38,51545300000";mq_match
362671;7;11;2020;14:46;5174;AV TRISTAO GONCALVES;RUA GUILHERME ROCHA;;;;Atropelamento;Luz do Dia;Bom;Seca;Cruz;SemÃ¡foro;Comercial;0;1;1;1;0;0;0;0;0;0;0;0;"-3,72545200000";"-38,53270700000";inter_match
362672;7;11;2020;16:20;0;AV MON TABOSA;;;697;;Atropelamento;Luz do Dia;Bom;Seca;Meio de Quadra;NÃ£o HÃ¡ Controle;Comercial;1;1;0;0;0;0;0;0;0;1;0;0;"-3,72397500000";"-38,51309600000";mq_qgis
362824;7;11;2020;18:30;6533;RUA 309 CJ CEARA;AV C CJ CEARA;;;;Queda;Anoitecer;Bom;Seca;T;Pare;Residencial;0;1;0;0;0;0;0;0;0;1;0;0;"-3,77485500000";"-38,61596400000";inter_match
364301;7;11;2020;00:33;0;RUA AIRES DA CUNHA;;;872;;Queda;;;;Meio de Quadra;;;0;1;0;0;0;0;0;0;0;1;0;0;"-3,77929000000";"-38,60483000000";mq_gpsv
364302;7;11;2020;00:44;0;RUA INSTITUTO DO CEARA;;;308;;Queda;;;;Meio de Quadra;;;0;1;0;0;0;1;0;0;0;0;0;0;"-3,73794994000";"-38,53710370000";mq_qgis
364303;7;11;2020;08:11;0;AV PRS JUSCELINO KUBITSCHEK (PASSARÃ‰);;;3600;;Acidente Pessoal;Luz do Dia;;;Meio de Quadra;;;0;1;0;0;0;0;0;0;0;1;0;0;"-3,81377200000";"-38,52979100000";mq_match
364304;7;11;2020;09:47;0;RUA MARIA GOMES DE SA;;;506;;Queda;Luz do Dia;;;Meio de Quadra;;;0;1;0;0;0;0;0;0;0;1;0;0;"-3,82795000000";"-38,57689000000";mq_gpsv
364305;7;11;2020;10:35;0;AV JOR THOMAZ COELHO;;;;;ColisÃ£o;Luz do Dia;;;Meio de Quadra;;;0;1;0;0;0;0;0;0;0;1;0;0;;;
364306;7;11;2020;10:49;0;RUA SGT JOAO PINHEIRO;;;1740;;ColisÃ£o;Luz do Dia;;;Meio de Quadra;;;0;1;0;1;0;1;0;0;0;0;0;0;"-3,78728930000";"-38,62406980000";mq_match
364307;7;11;2020;10:54;0;RUA RAIMUNDO ARISTIDES;;;859;;ColisÃ£o;Luz do Dia;;;Meio de Quadra;;;0;1;0;1;0;0;0;0;0;1;0;0;"-3,81726672000";"-38,59261610000";mq_qgis
364308;7;11;2020;12:45;0;AV BEZERRA DE MENEZES;;;1070;;Queda;Luz do Dia;;;Meio de Quadra;;;0;1;0;0;0;1;0;0;0;0;0;0;"-3,73356202700";"-38,55428538000";mq_match
364309;7;11;2020;13:06;0;AV PERIMETRAL;;;3929;;ColisÃ£o;Luz do Dia;;;Meio de Quadra;;;0;1;0;1;0;0;0;0;0;1;0;0;;;
364310;7;11;2020;14:28;0;RUA MIRTES CORDEIRO;;;1130;;ColisÃ£o;Luz do Dia;;;Meio de Quadra;;;0;1;0;1;0;0;0;0;0;1;0;0;"-3,78820000000";"-38,60163000000";mq_match
364311;7;11;2020;14:38;0;AV CEL CARVALHO;;;3098;;Queda;Luz do Dia;;;Meio de Quadra;;;0;1;0;0;0;1;0;0;0;0;0;0;"-3,73061847100";"-38,58469662000";mq_match
364312;7;11;2020;15:26;10695;RUA MON HIPOLITO BRASIL;RUA PRO HERIBALDO COSTA;;;;ColisÃ£o;Luz do Dia;;;Cruz;SemÃ¡foro;Residencial;0;1;0;1;0;0;0;0;0;1;0;0;"-3,75706900000";"-38,58227500000";inter_match
364356;7;11;2020;20:33;0;RUA ARAPONGA;;;393;;ColisÃ£o;;;;Meio de Quadra;;;0;1;0;1;0;0;0;0;0;1;0;0;"-3,78477700000";"-38,57727000000";mq_qgis
364318;7;11;2020;15:33;15277;AV ANTONIO JUSTA;AV SEN VIRGILIO TAVORA;;;;ColisÃ£o;Luz do Dia;;;Cruz;Gesto;Comercial;0;1;0;1;0;0;0;0;0;1;0;0;"-3,72887500000";"-38,49069200000";inter_match
364319;7;11;2020;16:08;0;RUA STA CATARINA (BELA VISTA / PAN AMERICANO);;;390;;ColisÃ£o;Luz do Dia;;;Meio de Quadra;;;0;1;0;1;0;0;0;0;0;0;0;0;"-3,75384899000";"-38,56537040000";mq_qgis
364320;7;11;2020;16:23;0;RUA EMILIO DE MENESES;;;;;ColisÃ£o;Luz do Dia;;;Meio de Quadra;;;0;2;0;1;0;0;0;0;0;1;0;0;;;
364321;7;11;2020;18:10;0;AV DIOGUINHO;;;;;Atropelamento;Anoitecer;;;Meio de Quadra;;;0;2;0;0;0;0;0;0;0;1;0;0;;;
364322;7;11;2020;18:10;0;AV SGT HERMINIO SAMPAIO;;;4829;;ColisÃ£o;Anoitecer;;;Meio de Quadra;;;0;1;0;1;0;0;0;0;0;1;0;0;"-3,73289800000";"-38,58270500000";mq_match
364323;7;11;2020;20:05;0;RUA CARNAUBAL;;;750;;ColisÃ£o;;;;Meio de Quadra;;;0;1;0;1;0;0;0;0;0;1;0;0;"-3,72237000000";"-38,58471000000";mq_gpsv
364491;7;11;2020;07:10;0;RD CE-040;;;;KM-07;ColisÃ£o;Luz do Dia;;;Meio de Quadra;;;0;1;1;1;0;0;0;0;0;1;0;0;"-3,81715944500";"-38,48303286000";rod_match
364358;7;11;2020;21:46;0;AV B;;;111;;ColisÃ£o;;;;Meio de Quadra;;;0;1;0;0;0;0;0;0;0;1;0;0;"-3,82782000000";"-38,55243000000";mq_gpsv
364359;7;11;2020;22:21;0;AV DOS EXPEDICIONARIOS;;;4773;;ColisÃ£o;;;;Meio de Quadra;;;0;1;0;1;0;0;0;0;0;1;0;0;"-3,76083800000";"-38,53994600000";mq_match
364360;7;11;2020;22:48;0;RUA ISMAEL PORDEUS;;;455;;ColisÃ£o;;;;Meio de Quadra;;;0;1;0;1;0;1;0;0;0;0;0;0;"-3,72188000000";"-38,46699000000";mq_gpsv
364362;7;11;2020;23:52;0;RUA TAVARES COUTINHO;;;1313;;Queda;;;;Meio de Quadra;;;0;1;0;0;0;0;0;0;0;1;0;0;;;
364363;7;11;2020;23:55;0;RUA BOA VISTA;;;2558;;Queda;;;;Meio de Quadra;;;0;1;0;0;0;0;0;0;0;1;0;0;"-3,80599000000";"-38,63454000000";mq_gpsv
363987;7;11;2020;14:06;0;AV TRISTAO GONCALVES;;;388;;Atropelamento;Luz do Dia;;;Meio de Quadra;;;1;1;0;0;0;0;0;0;0;1;0;0;"-3,72535809000";"-38,53267860000";mq_qgis
363994;7;11;2020;12:10;17899;AV SGT HERMINIO SAMPAIO;RUA EVANDRO LUZ;;;;ColisÃ£o Transversal;Luz do Dia;;;T;NÃ£o HÃ¡ Controle;Comercial;1;1;0;0;0;0;0;0;0;1;0;0;"-3,73084100000";"-38,57754900000";inter_match
364700;7;11;2020;09:59;3905;RUA PDE CICERO;RUA CARLOS CAMARA;;;;ColisÃ£o;Luz do Dia;;;Cruz;Pare;Residencial;0;0;2;0;0;0;0;0;0;0;0;0;"-3,74647300000";"-38,54259900000";inter_match
364364;8;11;2020;01:03;0;AV F CJ CEARA;;;257;;Queda;;;;Meio de Quadra;;;0;1;0;0;0;0;0;0;0;1;0;0;"-3,76356303000";"-38,60743840000";mq_qgis
364369;8;11;2020;06:19;0;AV DOMINGOS OLIMPIO;;;515;;Atropelamento;Luz do Dia;;;Meio de Quadra;;;0;1;0;1;0;0;0;0;0;0;0;0;"-3,73748550000";"-38,52830150000";mq_qgis
364370;8;11;2020;06:30;0;RUA CARLOS VASCONCELOS;;;137;;ColisÃ£o;Luz do Dia;;;Meio de Quadra;;;0;1;0;1;0;1;0;0;0;0;0;0;"-3,72314900000";"-38,50761200000";mq_qgis
364371;8;11;2020;06:39;0;AV CEL CARVALHO;;;1140;;ColisÃ£o;Luz do Dia;;;Meio de Quadra;;;0;1;0;1;0;0;0;0;0;1;0;0;"-3,71200300000";"-38,58929600000";mq_qgis
364372;8;11;2020;07:21;0;RUA DR RODRIGO C SANDOVAL;;;525;;ColisÃ£o;Luz do Dia;;;Meio de Quadra;;;0;1;0;1;0;0;0;0;0;1;0;0;"-3,80635000000";"-38,56785000000";mq_gpsv
364375;8;11;2020;07:22;0;RUA MARTINS CARVALHO;;;226;;Queda;Luz do Dia;;;Meio de Quadra;;;0;1;0;0;0;0;0;0;0;1;0;0;"-3,79745775000";"-38,59742090000";mq_qgis
364376;8;11;2020;10:20;0;RUA DAS PEDRINHAS;;;524;;ColisÃ£o;Luz do Dia;;;Meio de Quadra;;;0;3;0;0;0;0;0;0;0;0;0;0;"-3,76269768000";"-38,60027600000";mq_qgis
364377;8;11;2020;10:22;0;RUA DIONISIO ALENCAR FILHO;;;50;;ColisÃ£o;Luz do Dia;;;Meio de Quadra;;;0;1;0;0;0;0;0;0;0;0;0;0;"-3,82877000000";"-38,48656000000";mq_gpsv
364385;8;11;2020;16:05;0;RUA RICARDO A BRAGA;;;298;;ColisÃ£o;Luz do Dia;;;Meio de Quadra;;;0;1;0;1;0;0;0;0;0;1;0;0;"-3,78702903000";"-38,50212450000";mq_qgis
364386;8;11;2020;16:51;0;RUA DULCINEIA GONDIM;;;608;;ColisÃ£o;Luz do Dia;;;Meio de Quadra;;;0;1;0;1;0;0;0;0;0;1;0;0;"-3,75765992000";"-38,54698950000";mq_qgis
364387;8;11;2020;18:06;0;RUA CATOLE;;;2270;;ColisÃ£o;Anoitecer;;;Meio de Quadra;;;0;1;0;0;0;0;0;0;0;1;0;0;"-3,84989100000";"-38,52115100000";mq_match
364389;8;11;2020;19:13;0;AV SGT HERMINIO SAMPAIO;;;1575;;ColisÃ£o;;;;Meio de Quadra;;;0;1;0;0;0;0;0;0;0;1;0;0;"-3,72532700000";"-38,55466500000";mq_match
364390;8;11;2020;19:15;0;AV GAL OSORIO DE PAIVA;;;4801;;ColisÃ£o;;;;Meio de Quadra;;;0;1;0;1;0;0;0;0;0;1;0;0;"-3,80090900000";"-38,59836762000";mq_match
364391;8;11;2020;19:21;0;RUA BALDUINO FREIRE;;;1762;;Queda;;;;Meio de Quadra;;;0;1;0;0;0;0;0;0;0;1;0;0;"-3,73570000000";"-38,58733000000";mq_gpsv
364392;8;11;2020;19:53;0;RUA PLANALTINA (BONSUCESSO);;;108;;ColisÃ£o;;;;Meio de Quadra;;;0;1;0;0;0;0;0;0;0;1;0;0;"-3,78618798000";"-38,58486640000";mq_qgis
364393;8;11;2020;20:53;0;AV EDILSON B SOARES;;;;;ColisÃ£o;;;;Meio de Quadra;;;0;1;0;1;0;0;0;0;0;1;0;0;;;
364394;8;11;2020;21:20;0;RUA DR JOAQUIM BENTO;;;281;;Queda;;;;Meio de Quadra;;;0;1;0;0;0;0;0;0;0;1;0;0;"-3,82878532000";"-38,48889840000";mq_qgis
364395;8;11;2020;22:12;0;AV GOV RAUL BARBOSA;;;7502;VIADUTO BR-116;Queda;;;;Meio de Quadra;;;0;1;0;0;0;0;0;0;0;1;0;0;"-3,77778550000";"-38,51365550000";mq_match
364396;8;11;2020;23:32;0;AV CEL CARVALHO;;;;;ColisÃ£o;;;;Meio de Quadra;;;0;1;0;1;0;0;0;0;0;1;0;0;;;
364366;8;11;2020;03:13;0;RUA JOAO FERREIRA;;;837;;Queda;;;;Meio de Quadra;;;0;1;0;0;0;0;0;0;0;1;0;0;"-3,81533779000";"-38,50849760000";mq_qgis
364367;8;11;2020;03:49;0;AV MON AMARILIO RODRIGUES;;;145;;ColisÃ£o;;;;Meio de Quadra;;;0;1;0;0;0;0;0;0;0;0;0;0;"-3,83549091000";"-38,52463100000";mq_qgis
364381;8;11;2020;15:31;0;RUA ANTONIO BANDEIRA D41;;;120;;ColisÃ£o;Luz do Dia;;;Meio de Quadra;;;0;1;0;1;0;0;0;0;0;1;0;0;"-3,78359500000";"-38,56483400000";mq_match
364383;8;11;2020;16:01;0;RUA EMILIO DE MENESES;;;654;;ColisÃ£o;Luz do Dia;;;Meio de Quadra;;;0;1;0;1;0;0;0;0;0;1;0;0;"-3,78176476000";"-38,58735740000";mq_qgis
364495;8;11;2020;18:25;0;RD CE-040;;;;KM-06;Atropelamento;Anoitecer;;;Meio de Quadra;;;0;1;1;1;0;0;0;0;0;0;0;0;"-3,80959680400";"-38,47873348000";rod_match
362825;8;11;2020;08:30;0;AV CEL CARVALHO;;;1140;;ColisÃ£o Traseira;Luz do Dia;Bom;Seca;Meio de Quadra;NÃ£o HÃ¡ Controle;Comercial;0;1;1;0;0;0;0;0;0;1;0;0;"-3,71200300000";"-38,58929600000";mq_qgis
362673;8;11;2020;08:37;15343;RUA NUNES VALENTE;RUA PEREIRA FILGUEIRAS;;;;ColisÃ£o;Luz do Dia;Bom;Seca;Cruz;SemÃ¡foro;Comercial;0;2;1;1;0;0;0;0;0;1;0;0;"-3,73178600000";"-38,50231000000";inter_match
362676;8;11;2020;07:31;0;AV ENG SANTANA JUNIOR;;;2690;;Choque c/ ObstÃ¡culo Fixo;Luz do Dia;Bom;Seca;Meio de Quadra;NÃ£o HÃ¡ Controle;Comercial;0;0;1;1;0;0;0;0;0;0;0;0;"-3,74477000000";"-38,48886300000";mq_match
362836;8;11;2020;13:05;0;AV LUCIANO CARNEIRO;;;1991;;ColisÃ£o Lateral;Luz do Dia;Bom;Seca;Meio de Quadra;SemÃ¡foro;Residencial;0;0;3;1;0;0;0;0;0;0;0;0;"-3,76546720000";"-38,53695300000";mq_match
362834;8;11;2020;19:32;15287;AV ANTONIO JUSTA;RUA PRO DIAS DA ROCHA;;;;Choque c/ ObstÃ¡culo Fixo;Via Iluminada;Bom;Seca;T;NÃ£o HÃ¡ Controle;Residencial;0;0;2;1;0;0;0;0;0;0;0;0;"-3,72920900000";"-38,48966500000";inter_match
362831;8;11;2020;13:00;5177;RUA SEN POMPEU;RUA SAO PAULO;;;;ColisÃ£o Transversal;Luz do Dia;Bom;Seca;Cruz;SemÃ¡foro;Comercial;0;2;2;1;0;0;0;0;0;0;0;0;"-3,72548600000";"-38,52919600000";inter_match
362843;9;11;2020;11:40;1590;RUA PDE VALDEVINO;RUA JOAQUIM NABUCO;;;;Outros;Luz do Dia;Bom;Seca;Cruz;SemÃ¡foro;Comercial;0;0;2;0;0;0;0;0;0;1;0;0;"-3,74323000000";"-38,50378000000";inter_match
362845;9;11;2020;21:00;0;RUA OSCAR FRANCA;;;591;;ColisÃ£o Transversal;Via Iluminada;Bom;Seca;Meio de Quadra;NÃ£o HÃ¡ Controle;Residencial;0;1;1;1;0;0;0;0;0;1;0;0;"-3,79248426000";"-38,59787620000";mq_qgis
362677;9;11;2020;08:26;0;AV DUQ CAXIAS;;;403;;ColisÃ£o Lateral;Luz do Dia;Bom;Seca;Meio de Quadra;NÃ£o HÃ¡ Controle;Comercial;0;0;3;1;0;0;0;0;0;0;0;0;"-3,73240500000";"-38,52795200000";mq_match
362678;9;11;2020;11:40;0;RUA CEL JOAO OLIVEIRA;;;1440;;ColisÃ£o Lateral;Luz do Dia;Bom;Seca;Meio de Quadra;NÃ£o HÃ¡ Controle;Residencial;0;1;1;1;0;0;0;0;0;1;0;0;"-3,82362200000";"-38,48174700000";mq_qgis
362679;9;11;2020;15:30;5247;AV IMPERADOR;RUA PEDRO PEREIRA;;;;Atropelamento;Luz do Dia;Bom;Seca;Cruz;SemÃ¡foro;Comercial;0;2;0;0;0;0;0;0;0;1;0;0;"-3,72771400000";"-38,53460900000";inter_match
362680;9;11;2020;16:35;14432;RUA CONRADO CABRAL;RUA ANIBAL MASCARENHAS;;;;ColisÃ£o Lateral;Luz do Dia;Bom;Seca;Cruz;Pare;Residencial;0;1;1;1;0;0;0;0;0;1;0;0;"-3,72527000000";"-38,54894000000";inter_gpsv
362674;9;11;2020;05:07;5328;AV DUQ CAXIAS;AV TRISTAO GONCALVES;;;;ColisÃ£o Transversal;Via Iluminada;Bom;Seca;Cruz;SemÃ¡foro;Comercial;0;2;2;1;0;0;0;0;0;0;0;0;"-3,73040000000";"-38,53419600000";inter_match
362675;9;11;2020;08:06;0;RUA OSCAR ROMERO;RUA PARAISO;;0;;NÃ£o Informado;Luz do Dia;Nublado;Molhada;Cruz;NÃ£o HÃ¡ Controle;Residencial;0;1;2;1;1;0;0;0;0;0;0;0;"-3,83277300000";"-38,57043300000";inter_match
364500;9;11;2020;08:00;0;RD CE-040;;;;KM-03;ColisÃ£o;Luz do Dia;;;Meio de Quadra;;;0;0;2;1;0;0;0;0;0;0;0;0;"-3,78261432500";"-38,48108390000";rod_match
364504;9;11;2020;12:30;0;RD CE-040;;;;KM-10;ColisÃ£o;Luz do Dia;;;Meio de Quadra;;;0;0;3;1;0;0;0;0;0;1;0;0;"-3,84257666000";"-38,48088284000";rod_match
364508;9;11;2020;18:50;0;RD CE-060;;;;KM-02;ColisÃ£o;;;;Meio de Quadra;;;0;0;2;1;0;0;0;0;0;0;0;0;"-3,83406400000";"-38,58211100000";rod_match
363988;9;11;2020;17:50;0;AV GAL OSORIO DE PAIVA;;;;;ColisÃ£o;Anoitecer;;;Meio de Quadra;;;0;1;1;1;0;0;0;0;0;1;0;0;;;
363989;9;11;2020;18:16;0;RUA C (MONDUBIM);;;232;;ColisÃ£o;Anoitecer;;;Meio de Quadra;;;1;1;0;0;0;1;0;0;0;1;0;0;"-3,82281000000";"-38,56151000000";mq_gpsv
363982;9;11;2020;16:41;0;RUA OSVALDO ARAUJO;;;363;;ColisÃ£o;Luz do Dia;;;Meio de Quadra;;;0;1;1;0;0;0;0;0;0;1;0;0;"-3,74034000000";"-38,45441000000";mq_gpsv
363983;9;11;2020;16:44;0;RUA CONRADO CABRAL;;;55;;ColisÃ£o;Luz do Dia;;;Meio de Quadra;;;0;1;1;1;0;0;0;0;0;1;0;0;"-3,72501971000";"-38,54889420000";mq_qgis
363984;9;11;2020;17:24;0;RUA 16 CJ JOSE WALTER;;;;;Queda;Anoitecer;;;Meio de Quadra;;;0;1;0;0;0;0;0;0;0;1;0;0;;;
363985;9;11;2020;17:28;0;AV PRS JUSCELINO KUBITSCHEK (PASSARÃ‰);;;3290;;Atropelamento;Anoitecer;;;Meio de Quadra;;;0;1;1;0;0;0;0;0;0;1;0;0;"-3,80929200000";"-38,52660400000";mq_match
363986;9;11;2020;17:32;0;RUA CANDIDO MAIA;;;;;Queda;Anoitecer;;;Meio de Quadra;;;0;1;0;0;0;0;0;0;0;1;0;0;;;
363962;9;11;2020;12:50;0;AV MR HULL;;;3650;;ColisÃ£o;Luz do Dia;;;Meio de Quadra;;;0;1;1;1;0;0;0;0;0;1;0;0;"-3,73765750000";"-38,57708850000";mq_match
363963;9;11;2020;13:13;0;AV DR SILAS MUNGUBA;;;3666;;ColisÃ£o;Luz do Dia;;;Meio de Quadra;;;0;1;1;0;0;0;0;0;0;1;0;0;"-3,79016330000";"-38,54106000000";mq_match
363946;9;11;2020;11:08;0;RUA PASSEIO DOS CAJUEIROS;;;;;Queda;Luz do Dia;;;Meio de Quadra;;;0;1;0;0;0;0;0;0;0;1;0;0;;;
363952;9;11;2020;11:16;5096;RUA COS ESTELITA;RUA GUILHERME ROCHA;;;;ColisÃ£o;Luz do Dia;;;Cruz;Pare;Residencial;0;1;1;1;0;0;0;0;0;1;0;0;"-3,72334700000";"-38,53917700000";inter_match
363953;9;11;2020;11:43;0;RUA ANDRE REBOUCAS;;;100;;ColisÃ£o;Luz do Dia;;;Meio de Quadra;;;0;1;1;1;0;0;0;0;0;1;0;0;"-3,77454757000";"-38,58934980000";mq_qgis
363975;9;11;2020;16:28;0;AV GAL OSORIO DE PAIVA;;;3432;;ColisÃ£o;Luz do Dia;;;Meio de Quadra;;;0;1;1;0;0;0;0;0;0;1;0;0;"-3,79123100000";"-38,58894900000";mq_match
363973;9;11;2020;15:24;0;AV FRANCISCO SA;;;4296;;ColisÃ£o;Luz do Dia;;;Meio de Quadra;;;0;1;1;1;0;0;0;0;0;1;0;0;"-3,71549900000";"-38,56303400000";mq_match
363970;9;11;2020;14:39;0;AV WASHINGTON SOARES;;;10555;;Queda;Luz do Dia;;;Meio de Quadra;;;0;1;0;0;0;0;0;0;0;1;0;0;"-3,84220558000";"-38,48078809000";mq_match
363913;9;11;2020;08:33;0;AV RUI BARBOSA;;;1346;;ColisÃ£o;Luz do Dia;;;Meio de Quadra;;;0;1;1;1;0;1;0;0;0;0;0;0;"-3,73494700000";"-38,50907600000";mq_qgis
363915;9;11;2020;10:03;0;RUA PDE FRANCISCO PINTO;;;1164;;ColisÃ£o;Luz do Dia;;;Meio de Quadra;;;0;1;1;1;0;0;0;0;0;1;0;0;;;
363944;9;11;2020;11:03;0;AV WASHINGTON SOARES;;;10531;;ColisÃ£o;Luz do Dia;;;Meio de Quadra;;;0;1;1;1;0;0;0;0;0;1;0;0;"-3,84207000000";"-38,48083900000";mq_qgis
363921;9;11;2020;10:34;0;AV FRE CIRILO;;;;;Atropelamento;Luz do Dia;;;Meio de Quadra;;;0;1;1;1;0;0;0;0;0;0;0;0;;;
363919;9;11;2020;10:30;25729;AV TRISTAO GONCALVES;RUA ANTONIO POMPEU;;;;ColisÃ£o;Luz do Dia;;;Cruz;SemÃ¡foro;Comercial;0;1;1;1;0;0;0;0;0;1;0;0;"-3,73338800000";"-38,53508800000";inter_match
363896;9;11;2020;06:53;0;RD BR 116;;;13000;KM-13;ColisÃ£o;Luz do Dia;;;;;;0;1;1;0;0;0;0;0;0;0;0;0;"-3,86467000000";"-38,49772700000";rod_match
363893;9;11;2020;06:16;16790;RUA PARAISO;RUA OSCAR ROMERO;;;;NÃ£o Informado;Luz do Dia;;;Cruz;NÃ£o HÃ¡ Controle;Residencial;0;1;0;0;0;0;0;0;0;0;0;0;"-3,83277300000";"-38,57043300000";inter_match
363894;9;11;2020;06:28;0;AV PERIMETRAL;;;;;ColisÃ£o;Luz do Dia;;;Meio de Quadra;;;0;1;0;0;0;0;0;0;0;0;0;0;;;
363905;9;11;2020;07:10;0;RUA JOAO RAMALHO;;;85;;ColisÃ£o;Luz do Dia;;;Meio de Quadra;;;0;1;1;1;0;0;0;0;0;1;0;0;"-3,79944000000";"-38,58769000000";mq_gpsv
363908;9;11;2020;07:30;0;RUA SALGADO FILHO;;;780;;ColisÃ£o;Luz do Dia;;;Meio de Quadra;;;0;1;1;0;0;0;0;0;0;1;0;0;"-3,74465835000";"-38,59470430000";mq_qgis
364129;9;11;2020;19:42;0;AV GAL OSORIO DE PAIVA;;;4362;;Atropelamento;;;;Meio de Quadra;;;0;1;1;0;0;0;0;0;0;1;0;0;"-3,79577125000";"-38,59339430000";mq_qgis
364130;9;11;2020;20:07;0;RUA BERNARDO MANUEL;;;7536;;ColisÃ£o;;;;Meio de Quadra;;;0;1;0;0;0;0;0;0;0;0;0;0;"-3,78407300000";"-38,54692700000";mq_match
364131;9;11;2020;20:17;9449;AV MAJ ASSIS;RUA RAIMUNDO BIZARRIA;;;;ColisÃ£o;;;;Cruz;Pare;Residencial;0;1;0;0;0;0;0;0;0;0;0;0;"-3,72441900000";"-38,57926100000";inter_match
364132;9;11;2020;21:25;0;AV WASHINGTON SOARES;;;;;Atropelamento;;;;Meio de Quadra;;;0;1;1;1;0;0;0;0;0;0;0;0;;;
364133;9;11;2020;21:44;0;TR CREUZA ROQUE;;;143;;ColisÃ£o;;;;Meio de Quadra;;;0;1;1;0;0;0;0;0;0;1;0;0;"-3,80126000000";"-38,57648000000";mq_gpsv
363991;9;11;2020;18:29;0;RUA CEL MATOS DOURADO;;;588;;ColisÃ£o;Anoitecer;;;Meio de Quadra;;;0;1;1;1;0;0;0;0;0;1;0;0;"-3,74395990000";"-38,58496220000";mq_qgis
363992;9;11;2020;18:34;0;AV GAL MURILO BORGES;;;;;ColisÃ£o;;;;Meio de Quadra;;;0;1;1;1;0;0;0;0;0;1;0;0;;;
363993;9;11;2020;18:36;0;AV WASHINGTON SOARES;;;;;ColisÃ£o;;;;Meio de Quadra;;;0;1;1;1;0;0;0;0;0;1;0;0;;;
364712;9;11;2020;23:35;0;AV G CJ JOSE WALTER;;;310;;ColisÃ£o;;;;Meio de Quadra;;;0;0;2;0;0;0;0;0;0;0;0;0;"-3,83826423100";"-38,55749354000";mq_match
364713;10;11;2020;13:10;0;RUA HIPOLITO PAMPLONA;;;;;ColisÃ£o;Luz do Dia;;;Meio de Quadra;;;0;0;2;0;0;0;0;0;0;0;0;0;;;
364134;10;11;2020;06:12;0;RUA LEONARDO MOTA;;;2210;;Queda;Luz do Dia;;;Meio de Quadra;;;0;1;0;0;0;0;0;0;0;1;0;0;"-3,74473900000";"-38,49893100000";mq_qgis
364135;10;11;2020;07:55;0;AV CEL CARVALHO;;;;;ColisÃ£o;Luz do Dia;;;Meio de Quadra;;;0;1;1;0;0;0;0;0;0;1;0;0;;;
364136;10;11;2020;08:36;0;RUA EUZEBIO DE QUEIROS;;;464;;ColisÃ£o;Luz do Dia;;;Meio de Quadra;;;0;1;1;1;0;0;0;0;0;1;0;0;;;
364137;10;11;2020;15:36;0;AV FRANCISCO SA;;;88;;Queda;Luz do Dia;;;Meio de Quadra;;;0;1;0;0;0;0;0;0;0;1;0;0;"-3,72268000000";"-38,54113000000";mq_gpsv
364139;10;11;2020;17:10;0;AV BEZERRA DE MENEZES;;;970;;Atropelamento;Anoitecer;;;Meio de Quadra;;;0;1;1;1;0;0;0;0;0;0;0;0;"-3,73342400000";"-38,55361600000";mq_match
364140;10;11;2020;17:23;0;AV BEZERRA DE MENEZES;;;;;ColisÃ£o;Anoitecer;;;Meio de Quadra;;;0;1;1;1;0;0;0;0;0;1;0;0;;;
364141;10;11;2020;17:38;0;RUA PDE SA LEITAO;;;167;;Atropelamento;Anoitecer;;;Meio de Quadra;;;0;1;1;1;0;0;0;0;0;0;0;0;"-3,75758355000";"-38,57911030000";mq_qgis
364142;10;11;2020;17:46;0;RUA MATOS VASCONCELOS;;;1602;;ColisÃ£o;Anoitecer;;;Meio de Quadra;;;0;0;1;0;0;0;0;0;0;0;0;0;"-3,75655165000";"-38,55529910000";mq_qgis
364143;10;11;2020;18:01;0;RUA ROTARY;;;330;;ColisÃ£o;Anoitecer;;;Meio de Quadra;;;0;1;1;1;0;0;0;0;0;1;0;0;"-3,74213126000";"-38,55678630000";mq_qgis
364144;10;11;2020;18:27;0;RUA STA LIDUINA D42;;;350;;ColisÃ£o;Anoitecer;;;Meio de Quadra;;;0;1;1;0;0;0;0;0;0;1;0;0;"-3,80096792000";"-38,58493760000";mq_qgis
364145;10;11;2020;19:39;0;RUA 125 CJ CEARA;;;;;Queda;;;;Meio de Quadra;;;0;1;0;0;0;1;0;0;0;0;0;0;;;
364146;10;11;2020;19:41;0;AV LINEU MACHADO;;;;;Atropelamento;;;;Meio de Quadra;;;0;1;1;0;0;0;0;0;0;1;0;0;;;
364147;10;11;2020;20:01;0;AV DOLOR BARREIRA;;;920;;ColisÃ£o;;;;Meio de Quadra;;;0;1;1;1;0;0;0;0;0;1;0;0;"-3,73377000000";"-38,47049000000";mq_gpsv
364148;10;11;2020;21:50;0;RUA GERARDO FREITAS;;;44;;Queda;;;;Meio de Quadra;;;0;1;0;0;0;0;0;0;0;1;0;0;;;