COD_ACIDENTE;DIA;MES;ANO;HORA;INTERSECAO;LOG1;LOG2;LOG3;NUMERO;REFERENCIA;NATUREZA;ILUMINACAO;TEMPO;SUPERFICIEPISTA;TIPOCRUZAMENTO;CONTROLETRAFEGO;USOSOLO;MORTOS;FERIDOS;ILESOS;AUTOMOVEL;ONIBUS;BICICLETA;CAMINHAO;MICROONIBUS;CICLOMOTOR;MOTOCICLETA;TRACAOANIMAL;TREM;LATITUDE;LONGITUDE;METODO
364463;13;11;2020;20:24;0;RUA AVILA GOULART;;;572;;ColisÃ£o;;;;Meio de Quadra;;;0;1;1;1;0;0;0;0;0;1;0;0;"-3,73627000000";"-38,47763000000";mq_gpsv
364464;13;11;2020;21:27;0;AV 20 DE JANEIRO;;;1629;;Queda;;;;Meio de Quadra;;;0;1;0;0;0;0;0;0;0;1;0;0;"-3,70576500000";"-38,58097100000";mq_match
364465;13;11;2020;21:56;0;RUA CON DE CASTRO;;;2618;;ColisÃ£o;;;;Meio de Quadra;;;0;1;0;0;0;0;0;0;0;0;0;0;"-3,79252200000";"-38,58038000000";mq_match
364720;13;11;2020;21:42;0;RUA EDUARDO PERDIGAO;;;;;ColisÃ£o;;;;Meio de Quadra;;;0;0;2;0;0;0;0;0;0;0;0;0;;;
364533;14;11;2020;09:30;17068;RUA ANA BRITO;TR SAO JOAO BATISTA;;;;ColisÃ£o;Luz do Dia;;;Cruz;Pare;Residencial;0;1;1;0;0;0;0;0;0;1;0;0;"-3,82767000000";"-38,58910000000";inter_gpsv
364534;14;11;2020;12:17;0;RUA VILEBALDO AGUIAR;;;565;;ColisÃ£o;Luz do Dia;;;Meio de Quadra;;;0;1;1;1;0;0;0;0;0;1;0;0;"-3,74214000000";"-38,48271000000";mq_gpsv
364530;14;11;2020;09:05;0;RUA ISAIE BORIS;;;578;;Atropelamento;Luz do Dia;;;Meio de Quadra;;;0;1;0;0;0;0;0;0;0;0;0;0;"-3,76813000000";"-38,55059000000";mq_gpsv
364531;14;11;2020;09:15;0;RUA JOAO BATISTA RIOS;;;640;;ColisÃ£o;Luz do Dia;;;Meio de Quadra;;;0;1;1;0;0;0;0;0;0;1;0;0;;;
364547;14;11;2020;15:16;25901;RUA RAIMUNDO NERY;RUA ECA DE QUEIROZ;;;;ColisÃ£o;Luz do Dia;;;Cruz;Pare;Comercial;0;1;1;0;0;0;1;0;0;1;0;0;"-3,78519000000";"-38,57987000000";inter_gpsv
364548;14;11;2020;15:24;2959;RUA MON SABINO FEIJAO;RUA TRES MARIAS D50;;;;ColisÃ£o;Luz do Dia;;;;;;0;1;1;0;0;0;0;0;0;1;0;0;"-3,79903000000";"-38,59877000000";inter_gpsv
364549;14;11;2020;15:54;0;AV MOZART PINHEIRO DE LUCENA;;;1200;;ColisÃ£o;Luz do Dia;;;Meio de Quadra;;;0;1;1;0;0;0;1;0;0;1;0;0;"-3,71322650000";"-38,59423800000";mq_match
364550;14;11;2020;15:57;0;RUA PORTO VELHO;;;436;;ColisÃ£o;Luz do Dia;;;Meio de Quadra;;;0;1;1;0;0;0;0;0;0;1;0;0;"-3,76727696600";"-38,58458636100";mq_match
364551;14;11;2020;16:24;0;RUA HERCULANO PENA;;;;;ColisÃ£o;Luz do Dia;;;Meio de Quadra;;;0;1;1;1;0;0;0;0;0;1;0;0;;;
364552;14;11;2020;17:37;0;AV DEP PAULINO ROCHA;;;;;ColisÃ£o;Anoitecer;;;Meio de Quadra;;;0;1;1;1;0;0;0;0;0;0;0;0;;;
364553;14;11;2020;17:59;0;AV GAL OSORIO DE PAIVA;;;6128;;Atropelamento de Animal;Anoitecer;;;Meio de Quadra;;;0;1;0;0;0;0;0;0;0;1;0;0;"-3,80998900000";"-38,60713200000";mq_match
364554;14;11;2020;19:59;0;AV GODOFREDO MACIEL;;;514;;ColisÃ£o;;;;Meio de Quadra;;;0;1;1;1;0;0;0;0;0;1;0;0;"-3,78059836000";"-38,56503650000";mq_qgis
364555;14;11;2020;20:33;0;AV CEL CARVALHO;;;958;;ColisÃ£o;;;;Meio de Quadra;;;0;1;0;0;0;0;0;0;0;0;0;0;"-3,71084000000";"-38,58971000000";mq_gpsv
364556;14;11;2020;21:05;0;RUA CEL FABRICIANO;;;1700;;Atropelamento;;;;Meio de Quadra;;;0;2;0;0;0;0;0;0;0;1;0;0;"-3,78302654000";"-38,60691760000";mq_qgis
364557;14;11;2020;21:18;0;AV PRS COSTA E SILVA;;;;;Atropelamento;;;;Meio de Quadra;;;0;1;1;1;0;0;0;0;0;0;0;0;;;
364558;14;11;2020;21:48;0;AV AUGUSTO DOS ANJOS;;;1450;;ColisÃ£o;;;;Meio de Quadra;;;0;1;1;1;0;0;0;0;0;1;0;0;"-3,77947300000";"-38,57855000000";mq_match
364541;14;11;2020;14:09;2353;AV PRS CASTELO BRANCO;RUA SEIS COMPANHEIROS;;;;Atropelamento;Luz do Dia;;;;NÃ£o HÃ¡ Controle;Comercial;0;1;1;0;1;0;0;0;0;0;0;0;"-3,70495000000";"-38,57704000000";inter_gpsv
364542;14;11;2020;14:56;0;AV ALANIS MARIA LAURINDO DE OLIVEIRA;;;27;;Atropelamento;Luz do Dia;;;Meio de Quadra;;;0;1;1;1;0;0;0;0;0;0;0;0;;;
364543;14;11;2020;15:12;0;RUA TRES MARIAS;;;185;;ColisÃ£o;Luz do Dia;;;Meio de Quadra;;;0;1;1;0;0;0;0;0;0;1;0;0;"-3,79931000000";"-38,59824000000";mq_gpsv
364538;14;11;2020;13:58;0;AV BEZERRA DE MENEZES;;;;;Atropelamento;Luz do Dia;;;Meio de Quadra;;;0;1;1;0;1;0;0;0;0;0;0;0;;;
364570;14;11;2020;22:01;0;RUA ADOLFO CAMINHA;;;;;ColisÃ£o;;;;Meio de Quadra;;;0;1;0;0;0;0;0;0;0;0;0;0;;;
364571;14;11;2020;22:02;0;AV ALBERTO NEPOMUCENO;;;23;;ColisÃ£o;;;;Meio de Quadra;;;0;1;0;0;0;0;0;0;0;0;0;0;"-3,72140682000";"-38,52329380000";mq_qgis
364572;14;11;2020;22:56;0;RUA ANDRADE FURTADO;;;;;ColisÃ£o;;;;Meio de Quadra;;;0;1;1;1;0;0;0;0;0;0;0;0;;;
364490;14;11;2020;07:50;0;AV GAL OSORIO DE PAIVA;;;6132;;ColisÃ£o;Luz do Dia;;;Meio de Quadra;;;0;1;1;0;0;0;0;0;0;1;0;0;"-3,80998900000";"-38,60713200000";mq_qgis
364492;14;11;2020;07:53;0;AV FRE CIRILO;;;4186;;ColisÃ£o;Luz do Dia;;;Meio de Quadra;;;0;1;1;1;0;0;0;0;0;1;0;0;"-3,82063408300";"-38,49596966700";mq_match
364497;14;11;2020;08:39;7755;RUA JOSE VILAR;RUA DOM EXPEDITO LOPES;;;;ColisÃ£o;Luz do Dia;;;Cruz;SemÃ¡foro;Residencial;0;1;1;0;0;0;0;0;0;1;0;0;"-3,74317800000";"-38,50706000000";inter_match
364486;14;11;2020;06:56;0;RUA RIO ARAGUAIA;;;986;;ColisÃ£o;Luz do Dia;;;Meio de Quadra;;;0;1;1;1;0;0;0;0;0;1;0;0;"-3,72574100000";"-38,58211900000";mq_qgis
364488;14;11;2020;07:05;0;RUA TIANGUA;;;1604;;Queda;Luz do Dia;;;Meio de Quadra;;;0;1;0;0;0;1;0;0;0;0;0;0;"-3,77127000000";"-38,54228000000";mq_gpsv
364481;14;11;2020;04:00;0;AV JOAO PESSOA;;;455;;ColisÃ£o;;;;Meio de Quadra;;;0;1;1;1;0;0;0;0;0;1;0;0;;;
364482;14;11;2020;05:22;0;AV DES GONZAGA;;;200;;ColisÃ£o;Amanhecer;;;Meio de Quadra;;;0;1;1;1;0;0;0;0;0;1;0;0;"-3,78881100000";"-38,50374000000";mq_match
364483;14;11;2020;06:00;0;AV AUGUSTO DOS ANJOS;;;502;;Queda;Luz do Dia;;;Meio de Quadra;;;0;1;0;0;0;0;0;0;0;1;0;0;"-3,77319200000";"-38,57293300000";mq_match
364484;14;11;2020;06:53;0;AV DIOGUINHO;;;6415;;Queda;Luz do Dia;;;Meio de Quadra;;;0;1;0;0;0;0;0;0;0;1;0;0;"-3,76985960000";"-38,43913700000";mq_match
364494;14;11;2020;08:20;0;AV DO VAQUEIRO;;;1377;;Atropelamento;Luz do Dia;;;Meio de Quadra;;;0;1;1;1;0;0;0;0;0;0;0;0;"-3,85957100000";"-38,50470400000";mq_match
364511;14;11;2020;08:55;0;AV GODOFREDO MACIEL;;;2915;;ColisÃ£o;Luz do Dia;;;Meio de Quadra;;;0;1;1;1;0;0;0;0;0;1;0;0;"-3,80096400000";"-38,57132700000";mq_match
364512;14;11;2020;08:57;0;RUA JOSE VILAR;;;2119;;ColisÃ£o;Luz do Dia;;;Meio de Quadra;;;0;1;1;0;0;0;0;0;0;1;0;0;"-3,74317800000";"-38,50706000000";mq_qgis
363971;14;11;2020;12:21;6029;RUA 208 CJ CEARA;AV C CJ CEARA;;;;ColisÃ£o Transversal;Luz do Dia;;;;;;1;0;1;0;0;0;1;0;0;1;0;0;"-3,76500900000";"-38,61047800000";inter_match
362707;14;11;2020;14:10;6739;RUA VILEBALDO AGUIAR;RUA JOSE C DA SILVEIRA;;0;;ColisÃ£o Lateral;Luz do Dia;Bom;Seca;T;NÃ£o HÃ¡ Controle;Residencial;0;1;1;1;0;0;0;0;0;1;0;0;"-3,74213000000";"-38,48288000000";inter_gpsv
362708;14;11;2020;11:58;7358;RUA COS ARAUJO LIMA;RUA TARCISIO PEIXOTO;;;;ColisÃ£o Transversal;Luz do Dia;Bom;Seca;T;NÃ£o HÃ¡ Controle;Residencial;0;1;1;1;0;0;0;0;0;1;0;0;"-3,75143700000";"-38,58745100000";inter_match
362709;14;11;2020;19:00;0;RUA PEDRO LAZAR;;;1307;;ColisÃ£o Frontal;Via Iluminada;Bom;Seca;Meio de Quadra;NÃ£o HÃ¡ Controle;Residencial;0;1;1;1;0;0;0;0;0;1;0;0;;;
362704;14;11;2020;08:01;12648;RUA RIO ARAGUAIA;RUA MARIA CLARA;;0;;ColisÃ£o Transversal;Luz do Dia;Bom;Molhada;Cruz;Pare;Residencial;0;0;0;1;0;0;0;0;0;0;0;0;"-3,72574100000";"-38,58211900000";inter_match
362705;14;11;2020;10:16;0;AV GODOFREDO MACIEL;;;2915;;NÃ£o Informado;Luz do Dia;Bom;Seca;Meio de Quadra;SemÃ¡foro;Comercial;0;1;1;1;0;0;0;0;0;1;0;0;"-3,80096400000";"-38,57132700000";mq_match
362720;14;11;2020;18:00;0;AV DEP PAULINO ROCHA;;;2385;;NÃ£o Informado;Via Iluminada;Bom;Seca;Meio de Quadra;SemÃ¡foro;Residencial;0;1;5;1;0;0;0;0;0;0;0;0;"-3,81062000000";"-38,51783000000";mq_gpsv
362917;14;11;2020;04:20;8025;AV JOAO PESSOA;RUA PRO COSTA MENDES;;;;ColisÃ£o Transversal;Via Iluminada;Bom;Seca;Cruz;SemÃ¡foro;Comercial;0;2;0;0;0;0;0;0;0;1;0;0;"-3,75239300000";"-38,54944100000";inter_match
363011;14;11;2020;19:55;2431;RUA ESTEVAO DE CAMPOS;RUA JERONIMO ALBUQUERQUE;;;;ColisÃ£o Transversal;Via Iluminada;Bom;Seca;Cruz;Pare;Residencial;1;1;1;1;0;0;0;0;0;1;0;0;"-3,70671300000";"-38,57629200000";inter_match
363012;15;11;2020;17:00;4530;RUA TEN TITO BARROS;AV DEP PAULINO ROCHA;;;;ColisÃ£o Transversal;Anoitecer;Bom;Seca;Cruz;NÃ£o HÃ¡ Controle;Residencial;0;1;1;0;1;0;0;0;0;1;0;0;"-3,80103200000";"-38,50731100000";inter_match
363008;15;11;2020;20:40;0;AV PRS COSTA E SILVA;;;4677;;ColisÃ£o Traseira;;Bom;Seca;Meio de Quadra;Outros;Outros;0;1;1;0;0;1;0;0;0;1;0;0;"-3,82596982000";"-38,53859010000";mq_qgis
362945;15;11;2020;15:00;0;AV ROGACIANO LEITE;;;1200;;Engavetamento;Luz do Dia;Bom;Seca;Meio de Quadra;SemÃ¡foro;Escola;0;0;4;1;0;0;0;0;0;1;0;0;"-3,76819050000";"-38,49714700000";mq_qgis
362710;15;11;2020;00:11;10046;RUA EMILIO DE MENESES;RUA BRAGANCA;;;;ColisÃ£o Lateral;Via Iluminada;Bom;Seca;Cruz;SemÃ¡foro;Comercial;0;1;0;1;0;0;0;0;0;0;0;0;"-3,77927700000";"-38,59616600000";inter_match
362711;15;11;2020;01:30;17350;RUA BAR SOBRAL;RUA JOAO FIRMINO;;0;;ColisÃ£o Transversal;Via Iluminada;Bom;Seca;Cruz;Pare;Residencial;0;1;1;1;0;0;0;0;0;1;0;0;"-3,76571400000";"-38,55653100000";inter_match
362712;15;11;2020;01:27;19436;AV AUGUSTO DOS ANJOS;RUA SEIXAS CORREIA;;1450;;ColisÃ£o Transversal;Via Iluminada;Bom;Seca;Cruz;SemÃ¡foro;Comercial;0;1;1;1;0;0;0;0;0;1;0;0;"-3,77941200000";"-38,57849600000";inter_match
362713;15;11;2020;03:32;16057;AV GODOFREDO MACIEL;AV WENEFRIDO MELO;;;;ColisÃ£o Transversal;Via Iluminada;Bom;Seca;Cruz;SemÃ¡foro;Comercial;0;0;2;1;0;0;0;0;1;0;0;0;"-3,81174300000";"-38,57473900000";inter_match
362714;15;11;2020;10:40;0;AV JULIO VENTURA;RUA DR JOSE LOURENCO;;0;;ColisÃ£o Transversal;Luz do Dia;Bom;Seca;Cruz;SemÃ¡foro;Comercial;0;2;1;1;0;0;0;0;0;1;0;0;"-3,73853950000";"-38,50898700000";inter_match
362715;15;11;2020;15:41;0;AV JOSE SABOIA;;;497;;ColisÃ£o Transversal;Luz do Dia;Bom;Seca;Meio de Quadra;NÃ£o HÃ¡ Controle;Comercial;0;1;1;0;1;0;0;0;0;1;0;0;"-3,71708890000";"-38,46749480000";mq_qgis
362716;15;11;2020;20:59;5037;RUA PESSOA ANTA;RUA GUILHERME BLHUM;;0;;NÃ£o Informado;Via Iluminada;Bom;Seca;Outros;Pare;Residencial;0;1;1;1;0;0;0;0;0;0;0;0;"-3,72111300000";"-38,52201700000";inter_match
362722;15;11;2020;10:02;0;AV SEN VIRGILIO TAVORA;;;2174;;ColisÃ£o Traseira;Luz do Dia;Bom;Seca;Meio de Quadra;SemÃ¡foro;Comercial;0;0;2;1;0;0;0;0;0;0;0;0;"-3,74533714300";"-38,49588314000";mq_match
364573;15;11;2020;00:03;0;RUA EMILIO DE MENESES;;;1659;;ColisÃ£o;;;;Meio de Quadra;;;0;1;1;1;0;1;0;0;0;0;0;0;"-3,77927700000";"-38,59616600000";mq_qgis
364574;15;11;2020;01:32;0;RUA DR HUGO ROCHA;;;266;;ColisÃ£o;;;;Meio de Quadra;;;0;1;0;0;0;0;0;0;0;0;0;0;"-3,71538700000";"-38,57087400000";mq_match
364575;15;11;2020;02:04;0;RUA BERNARDO MANUEL;;;362;;ColisÃ£o;;;;Meio de Quadra;;;0;1;0;0;0;0;0;0;0;0;0;0;;;
364576;15;11;2020;02:39;0;AV PERIMETRAL;;;;;ColisÃ£o;;;;Meio de Quadra;;;0;1;1;1;0;0;0;0;0;1;0;0;;;
364577;15;11;2020;04:05;0;RUA N S DA  CONCEICAO (MONDUBIM);;;;;Atropelamento;;;;Meio de Quadra;;;0;1;1;1;0;0;0;0;0;0;0;0;;;
364578;15;11;2020;05:31;0;RUA ALM RUBIM;;;1778;;ColisÃ£o;Amanhecer;;;Meio de Quadra;;;0;1;0;0;0;0;0;0;0;0;0;0;"-3,77294405000";"-38,55736080000";mq_qgis
364579;15;11;2020;10:30;606;AV FRANCISCO SA;RUA FRANCISCO SALGADO;;;;ColisÃ£o;Luz do Dia;;;T;Pare;Comercial;0;1;1;1;0;0;0;0;0;1;0;0;"-3,71464000000";"-38,56554000000";inter_match
364580;15;11;2020;10:36;0;RUA DR JOSE LOURENCO;;;;;ColisÃ£o;Luz do Dia;;;;;;0;1;1;1;0;0;0;0;0;1;0;0;;;
364581;15;11;2020;11:07;0;AV MAJ ASSIS;;;683;;ColisÃ£o;Luz do Dia;;;Meio de Quadra;;;0;1;0;0;0;0;0;0;0;0;0;0;"-3,72385736000";"-38,58547970000";mq_qgis
364582;15;11;2020;11:26;0;AV JOSE SABOIA;;;497;;ColisÃ£o;Luz do Dia;;;Meio de Quadra;;;0;1;1;0;0;0;1;0;0;1;0;0;"-3,71708890000";"-38,46749480000";mq_qgis
364583;15;11;2020;13:20;0;AV C CJ JOSE WALTER;;;830;;ColisÃ£o;Luz do Dia;;;Meio de Quadra;;;0;1;0;0;0;0;0;0;0;0;0;0;"-3,82780100000";"-38,55873900000";mq_qgis
364584;15;11;2020;13:31;0;RUA MONTE LIBANO;;;143;;ColisÃ£o;Luz do Dia;;;Meio de Quadra;;;0;1;1;1;0;0;0;0;0;1;0;0;"-3,82195000000";"-38,55968000000";mq_gpsv
364585;15;11;2020;13:36;0;RUA BERNARDO MANUEL;;;278;;ColisÃ£o;Luz do Dia;;;Meio de Quadra;;;0;1;1;1;0;0;0;0;0;1;0;0;;;
364586;15;11;2020;14:57;0;RUA MARIA JULIA;;;1306;;ColisÃ£o;Luz do Dia;;;Meio de Quadra;;;0;1;1;0;0;0;0;0;0;1;0;0;"-3,79633300000";"-38,60094900000";mq_qgis
364587;15;11;2020;15:01;0;AV PRS CASTELO BRANCO;;;;;Atropelamento;Luz do Dia;;;Meio de Quadra;;;0;1;1;0;0;0;0;0;0;0;0;0;;;
364588;15;11;2020;15:36;0;RUA PDE PEDRO DE ALENCAR;;;1850;;ColisÃ£o;Luz do Dia;;;Meio de Quadra;;;0;1;1;1;0;0;0;0;0;0;0;0;"-3,84388700000";"-38,49438700000";mq_match
364589;15;11;2020;16:08;0;AV PERIMETRAL;;;1255;;ColisÃ£o;Luz do Dia;;;Meio de Quadra;;;0;1;0;0;0;0;0;0;0;0;0;0;;;
364590;15;11;2020;16:42;0;RUA CON DE CASTRO;;;3693;;ColisÃ£o;Luz do Dia;;;Meio de Quadra;;;0;1;1;1;0;0;0;0;0;1;0;0;"-3,79948741000";"-38,58685460000";mq_qgis
364591;15;11;2020;16:44;0;RUA STA INES D20;;;;;ColisÃ£o;Luz do Dia;;;Meio de Quadra;;;0;1;1;1;0;0;0;0;0;1;0;0;;;
364592;15;11;2020;16:50;0;RUA OLIMPIO NORONHA;;;148;;ColisÃ£o;Luz do Dia;;;Meio de Quadra;;;0;1;1;0;0;0;0;0;0;1;0;0;"-3,81431000000";"-38,55781000000";mq_gpsv
364593;15;11;2020;17:07;0;AV PERIMETRAL;;;;;ColisÃ£o;Anoitecer;;;Meio de Quadra;;;0;1;1;1;0;0;0;0;0;1;0;0;;;
364594;15;11;2020;17:18;0;RD BR 116;;;;;Queda;Anoitecer;;;Meio de Quadra;;;0;1;0;0;0;0;0;0;0;1;0;0;;;
364595;15;11;2020;18:09;0;RD BR 116;;;10000;KM-10;ColisÃ£o;Anoitecer;;;Meio de Quadra;;;0;1;0;0;0;0;0;0;0;0;0;0;"-3,83443500000";"-38,50337300000";rod_match
364596;15;11;2020;18:27;0;RUA CON DE CASTRO;;;3834;;ColisÃ£o;Anoitecer;;;Meio de Quadra;;;0;1;1;1;0;1;0;0;0;0;0;0;"-3,80019600000";"-38,58753300000";mq_match
364597;15;11;2020;18:46;0;AV MAE MANOEL MAVIGNIER;;;;;Queda;;;;Meio de Quadra;;;0;1;0;0;0;0;0;0;0;1;0;0;;;
364598;15;11;2020;19:32;0;RUA MON CARNEIRO DA CUNHA;;;310;;Queda;;;;Meio de Quadra;;;0;1;0;0;0;0;0;0;0;1;0;0;"-3,77507767000";"-38,49356160000";mq_qgis
364599;15;11;2020;19:54;0;AV CONTORNO OESTE D71;;;;;ColisÃ£o;;;;Meio de Quadra;;;0;1;0;0;0;0;0;0;0;0;0;0;;;
364600;15;11;2020;20:00;0;AV PERIMETRAL;;;;;ColisÃ£o;;;;Meio de Quadra;;;0;1;0;0;0;0;0;0;0;0;0;0;;;
364601;15;11;2020;20:02;0;RUA MIGUEL GUSTAVO;;;348;;Queda;;;;Meio de Quadra;;;0;1;0;0;0;1;0;0;0;0;0;0;"-3,86439000000";"-38,49029000000";mq_gpsv
364602;15;11;2020;20:02;0;RUA VINTE E QUATRO DE MAIO;;;53;;ColisÃ£o;;;;Meio de Quadra;;;0;1;1;1;0;0;0;0;0;1;0;0;"-3,72215000000";"-38,53041000000";mq_gpsv
364603;15;11;2020;20:05;0;AV PRS CASTELO BRANCO;;;;;Atropelamento;;;;Meio de Quadra;;;0;1;1;1;0;0;0;0;0;0;0;0;;;
364604;15;11;2020;21:40;0;AV GAL OSORIO DE PAIVA;;;1653;;ColisÃ£o;;;;Meio de Quadra;;;0;1;1;0;0;0;0;0;0;1;0;0;"-3,78213492300";"-38,57673938000";mq_match
364605;15;11;2020;21:53;0;RUA SAO JOAO D20;;;40;;Queda;;;;Meio de Quadra;;;0;1;0;0;0;0;0;0;0;1;0;0;;;
364606;15;11;2020;22:07;0;AV SEN FERNANDES TAVORA;;;2331;;ColisÃ£o;;;;Meio de Quadra;;;0;1;1;0;0;0;0;0;0;1;0;0;"-3,75654100000";"-38,59274500000";mq_qgis
364607;15;11;2020;22:23;0;AV PRS CASTELO BRANCO;;;;;Queda;;;;Meio de Quadra;;;0;1;0;0;0;1;0;0;0;0;0;0;;;
364608;15;11;2020;23:04;0;AV DES GONZAGA;;;1436;;Queda;;;;Meio de Quadra;;;0;1;0;0;0;0;0;0;0;1;0;0;"-3,79929962000";"-38,49885120000";mq_qgis
364721;15;11;2020;16:30;26131;RUA CEL MANUEL ANTONIO LEITE;RUA SAO JOAO D34 (BONSUCESSO);;;;ColisÃ£o;Luz do Dia;;;Duplo T;Pare;Residencial;0;0;2;1;0;0;0;0;0;0;0;0;"-3,77403800000";"-38,59265000000";inter_match
364705;16;11;2020;18:19;0;RUA FRANCISCANO;;;656;;Queda;Anoitecer;;;Meio de Quadra;;;0;1;0;0;0;0;0;0;0;1;0;0;"-3,80062000000";"-38,60369000000";mq_gpsv
364706;16;11;2020;18:02;0;AV MAE MANOEL MAVIGNIER;;;521;;ColisÃ£o;Anoitecer;;;Meio de Quadra;;;0;1;1;1;0;0;0;0;0;1;0;0;;;
364708;16;11;2020;17:39;0;AV JOSE TAVARES;;;871;;ColisÃ£o;Anoitecer;;;Meio de Quadra;;;0;1;1;1;0;1;0;0;0;0;0;0;;;
364709;16;11;2020;17:11;22940;RUA BERNARDO MANUEL;RUA JAPI;;;;ColisÃ£o;Anoitecer;;;Cruz;Pare;Comercial;0;1;1;1;0;0;0;0;0;1;0;0;"-3,78407300000";"-38,54692700000";inter_match
364710;16;11;2020;16:44;0;AV D CJ JOSE WALTER;;;131;;ColisÃ£o;Luz do Dia;;;Meio de Quadra;;;0;1;1;1;0;0;0;0;0;1;0;0;"-3,83201400000";"-38,55445900000";mq_qgis
364711;16;11;2020;16:10;0;RUA JOAO CORDEIRO;;;149;;Queda;Luz do Dia;;;Meio de Quadra;;;0;1;0;0;0;1;0;0;0;0;0;0;"-3,72141420000";"-38,51181640000";mq_qgis
364609;16;11;2020;00:28;0;RUA MAJ WEYNE;;;207;;Queda;;;;Meio de Quadra;;;0;1;0;0;0;0;0;0;0;1;0;0;"-3,75269500000";"-38,53936900000";mq_qgis
364610;16;11;2020;01:09;0;AV BENJAMIM BRASIL;;;1688;;ColisÃ£o;;;;Meio de Quadra;;;0;1;0;0;0;0;0;0;0;0;0;0;"-3,80662976000";"-38,56185600000";mq_qgis
364611;16;11;2020;06:40;0;RUA RIO BRANCO;;;;;ColisÃ£o;Luz do Dia;;;Meio de Quadra;;;0;1;0;0;0;0;0;0;0;0;0;0;;;
364612;16;11;2020;08:11;0;AV GODOFREDO MACIEL;;;5618;;Queda;Luz do Dia;;;Meio de Quadra;;;0;1;0;0;0;0;0;0;0;1;0;0;"-3,82392550000";"-38,57865000000";mq_match
364613;16;11;2020;08:57;0;RUA JOSE DANTAS PEREIRA;;;;;ColisÃ£o;Luz do Dia;;;Meio de Quadra;;;0;1;1;1;0;1;0;0;0;0;0;0;;;
364614;16;11;2020;09:30;1580;RUA NUNES VALENTE;RUA PDE VALDEVINO;;;;Atropelamento;Luz do Dia;;;Cruz;Pare;Comercial;0;1;1;0;0;0;0;0;0;1;0;0;"-3,74260800000";"-38,50578200000";inter_match
364539;16;11;2020;14:30;0;RD CE-040;;;;KM-06;ColisÃ£o;Luz do Dia;;;Meio de Quadra;;;0;0;2;0;0;0;0;0;0;0;0;0;"-3,80959680400";"-38,47873348000";rod_match
364540;16;11;2020;17:40;0;RD CE-025;;;;KM-06;ColisÃ£o;Anoitecer;;;Meio de Quadra;;;0;0;2;1;0;0;0;0;0;1;0;0;"-3,81098308400";"-38,42708101000";rod_match
364537;16;11;2020;10:00;0;RD CE-040;;;;KM-12;Atropelamento;Luz do Dia;;;Meio de Quadra;;;1;0;1;0;0;0;1;0;0;0;0;0;"-3,85769094900";"-38,47204254000";rod_match
364701;16;11;2020;22:35;0;AV ENG HUMBERTO MONTE;;;2545;;ColisÃ£o;;;;Meio de Quadra;;;0;0;2;0;0;0;0;0;0;1;0;0;"-3,74013200000";"-38,56799400000";mq_match
364702;16;11;2020;20:50;0;AV AUGUSTO DOS ANJOS;;;444;;ColisÃ£o;;;;Meio de Quadra;;;0;1;1;1;0;0;0;0;0;1;0;0;"-3,77204000000";"-38,57191000000";mq_gpsv
364676;16;11;2020;09:53;0;RUA BAR AQUIRAZ;;;2763;;Atropelamento;Luz do Dia;;;Meio de Quadra;;;0;1;1;0;0;0;1;0;0;0;0;0;;;
364677;16;11;2020;11:13;0;AV D CJ JOSE WALTER;;;440;;Atropelamento;Luz do Dia;;;Meio de Quadra;;;0;1;0;0;0;0;0;0;0;0;0;0;"-3,83123740000";"-38,55686770000";mq_match
364678;16;11;2020;11:15;0;AV CAP WALDEMAR PAULA LIMA;;;700;;Queda;Luz do Dia;;;Meio de Quadra;;;0;1;0;0;0;0;0;0;0;1;0;0;"-3,82011400000";"-38,50829100000";mq_match
364679;16;11;2020;11:23;0;RUA RIO GRANDE DO SUL;;;1235;;ColisÃ£o;Luz do Dia;;;Meio de Quadra;;;0;1;1;1;0;0;0;0;0;1;0;0;"-3,75933300000";"-38,56801800000";mq_qgis
364680;16;11;2020;11:42;0;AV 13 DE MAIO;;;1363;;Queda;Luz do Dia;;;Meio de Quadra;;;0;1;0;0;0;0;0;0;0;1;0;0;"-3,74800000000";"-38,53089800000";mq_gpsv
364681;16;11;2020;12:22;0;RUA DOIS;;;140;;Capotamento;Luz do Dia;;;Meio de Quadra;;;0;1;0;0;0;0;0;0;0;0;0;0;"-3,82191000000";"-38,53201000000";mq_gpsv
364682;16;11;2020;12:29;1280;RUA PINTO MADEIRA;RUA ILDEFONSO ALBANO;;;;ColisÃ£o;Luz do Dia;;;Cruz;SemÃ¡foro;Comercial;0;1;1;0;0;0;0;0;0;1;0;0;"-3,73361000000";"-38,51331700000";inter_match
364683;16;11;2020;13:46;9228;RUA JAIME BENEVOLO;TR ANA CARTAXO;;;;ColisÃ£o;Luz do Dia;;;T;Pare;Residencial;0;1;1;1;0;0;0;0;0;1;0;0;"-3,74866400000";"-38,53117300000";inter_match
364686;16;11;2020;15:25;0;RUA SEN POMPEU;;;1481;;ColisÃ£o;Luz do Dia;;;Meio de Quadra;;;0;1;1;1;0;0;0;0;0;1;0;0;"-3,73159866700";"-38,53104533000";mq_match
364687;16;11;2020;15:54;5246;RUA PEREIRA FILGUEIRAS;RUA GONCALVES LEDO;;;;ColisÃ£o;Luz do Dia;;;Cruz;Pare;Residencial;0;1;1;1;0;0;0;0;0;1;0;0;"-3,72766700000";"-38,51500400000";inter_match