COD_ACIDENTE;DIA;MES;ANO;HORA;INTERSECAO;LOG1;LOG2;LOG3;NUMERO;REFERENCIA;NATUREZA;ILUMINACAO;TEMPO;SUPERFICIEPISTA;TIPOCRUZAMENTO;CONTROLETRAFEGO;USOSOLO;MORTOS;FERIDOS;ILESOS;AUTOMOVEL;ONIBUS;BICICLETA;CAMINHAO;MICROONIBUS;CICLOMOTOR;MOTOCICLETA;TRACAOANIMAL;TREM;LATITUDE;LONGITUDE;METODO
364648;20;11;2020;01:27;0;AV PONTES VIEIRA;;;;;ColisÃ£o;;;;Meio de Quadra;;;0;1;0;1;0;0;0;0;0;1;0;0;;;
364649;20;11;2020;04:20;0;AV DR SILAS MUNGUBA;;;1524;;ColisÃ£o;;;;Meio de Quadra;;;0;1;0;0;0;0;0;0;0;0;0;0;"-3,78392860000";"-38,55420700000";mq_match
364650;20;11;2020;06:04;0;AV PRS COSTA E SILVA;;;4443;;ColisÃ£o;Luz do Dia;;;Meio de Quadra;;;0;1;0;1;0;0;0;0;0;1;0;0;"-3,82549328000";"-38,54017322000";mq_match
364561;20;11;2020;20:20;0;RD CE-040;;;;KM-08;ColisÃ£o;;;;Meio de Quadra;;;0;0;2;0;0;0;0;0;0;1;0;0;"-3,82551582200";"-38,48153832000";rod_match
364562;20;11;2020;22:30;0;RD CE-040;;;;KM-06;ColisÃ£o;;;;Meio de Quadra;;;0;0;2;1;0;0;0;0;0;0;0;0;"-3,80959680400";"-38,47873348000";rod_match
364910;20;11;2020;23:13;0;RUA BOA ESPERANCA D43;;;531;;ColisÃ£o;;;;Meio de Quadra;;;0;1;1;0;0;0;0;0;0;1;0;0;"-3,75599400000";"-38,60487500000";mq_gpsv
364911;20;11;2020;22:42;0;RD BR 116;;;7000;KM-07;ColisÃ£o;;;;Meio de Quadra;;;0;1;1;1;1;0;0;0;0;0;0;0;"-3,78627635900";"-38,51156140000";rod_match
364913;20;11;2020;21:01;0;AV AREIA BRANCA;;;709;;ColisÃ£o;;;;Meio de Quadra;;;0;1;1;0;0;0;0;0;0;0;0;0;"-3,72685600000";"-38,47691300000";mq_match
364914;20;11;2020;19:49;0;ET DO JATOBA;;;2361;;ColisÃ£o;;;;Meio de Quadra;;;0;1;1;0;0;0;0;0;0;0;0;0;"-3,79326200000";"-38,62638700000";mq_qgis
364915;20;11;2020;19:17;0;AV SEN FERNANDES TAVORA;;;1375;;ColisÃ£o;;;;Meio de Quadra;;;0;1;1;1;0;0;0;0;0;1;0;0;"-3,76059100000";"-38,58515600000";mq_match
364917;20;11;2020;19:08;0;AV GAL OSORIO DE PAIVA;;;3452;;Atropelamento;;;;Meio de Quadra;;;0;1;1;1;0;0;0;0;0;0;0;0;"-3,79141962000";"-38,58912790000";mq_qgis
364918;20;11;2020;17:41;0;AV DR SILAS MUNGUBA;;;5700;;Atropelamento;Anoitecer;;;Meio de Quadra;;;0;1;1;0;0;0;0;0;0;1;0;0;"-3,80426800000";"-38,52749350000";mq_match
364919;20;11;2020;17:48;0;AV ALM HENRIQUE SABOIA;;;1102;VIADUTO;Atropelamento;Anoitecer;;;Meio de Quadra;;;0;1;1;1;0;0;0;0;0;0;0;0;"-3,74655590000";"-38,49162600000";mq_match
364920;20;11;2020;17:31;0;AV ENG HUMBERTO MONTE;;;3164;;Atropelamento;Anoitecer;;;Meio de Quadra;;;0;2;0;0;0;0;0;0;0;1;0;0;;;
364943;20;11;2020;15:11;22194;AV SGT HERMINIO SAMPAIO;RUA ERETIDES MARTINS;;;;ColisÃ£o;Luz do Dia;;;;;;0;1;1;1;0;0;0;0;0;1;0;0;"-3,72637100000";"-38,56048900000";inter_match
364944;20;11;2020;14:38;0;RUA RIBEIRO LEITAO;;;193;;ColisÃ£o;Luz do Dia;;;Meio de Quadra;;;0;1;1;1;0;0;0;0;0;1;0;0;"-3,76057577000";"-38,57622870000";mq_qgis
364945;20;11;2020;14:36;0;RUA SAO JOAO D20;;;326;;ColisÃ£o;Luz do Dia;;;Meio de Quadra;;;0;1;1;1;0;0;0;0;0;1;0;0;"-3,77237500000";"-38,59481300000";mq_gpsv
364946;20;11;2020;11:52;0;AV GAL OSORIO DE PAIVA;;;;;Atropelamento;Luz do Dia;;;Meio de Quadra;;;0;1;1;0;0;0;0;0;0;0;0;0;;;
364939;20;11;2020;16:11;0;RD BR 116;;;8000;KM-08;ColisÃ£o;Luz do Dia;;;Meio de Quadra;;;0;1;1;1;0;0;0;0;0;1;0;0;"-3,82201800000";"-38,50326900000";rod_match
364940;20;11;2020;16:13;5295;AV IMPERADOR;RUA PEDRO I;;;;ColisÃ£o;Luz do Dia;;;Cruz;SemÃ¡foro;Comercial;0;1;1;1;0;0;0;0;0;1;0;0;"-3,72916100000";"-38,53503500000";inter_match
363043;20;11;2020;21:50;15342;RUA OSVALDO CRUZ (ALDEOTA);RUA PEREIRA VALENTE;;;;ColisÃ£o Traseira;Via Iluminada;Bom;Seca;Cruz;Pare;Residencial;0;1;2;1;0;0;0;0;0;1;0;0;"-3,73162100000";"-38,49903200000";inter_match
363044;20;11;2020;13:35;17338;RUA BAR SOBRAL;RUA ZACARIAS GONDIM;;;;Outros;Luz do Dia;Bom;Seca;Cruz;Pare;Comercial;0;0;3;1;0;0;0;0;0;1;0;0;"-3,76528000000";"-38,55730700000";inter_match
363045;20;11;2020;15:27;3012;RUA DONZELA;RUA SAO JOAO D34 (BONSUCESSO);;;;ColisÃ£o Traseira;Luz do Dia;Bom;Seca;Cruz;NÃ£o HÃ¡ Controle;Residencial;0;0;2;1;0;0;0;0;0;0;0;0;"-3,72451000000";"-38,60362000000";inter_gpsv
362756;20;11;2020;21:06;0;AV ANTONIO SALES;;;2460;;NÃ£o Informado;Via Iluminada;Bom;Seca;Meio de Quadra;NÃ£o HÃ¡ Controle;Comercial;0;0;2;1;0;0;0;0;0;0;0;0;"-3,74562400000";"-38,50179470000";mq_qgis
362757;20;11;2020;21:33;23410;RUA FRE VIDAL;RUA CAP TIBURCIO DA FROTA;;;;ColisÃ£o Transversal;Via Iluminada;Bom;Seca;Cruz;Pare;Residencial;0;1;1;1;0;0;0;0;0;1;0;0;"-3,75538800000";"-38,51782600000";inter_match
362761;20;11;2020;09:21;0;AV DOM MANUEL;;;561;;ColisÃ£o Traseira;Luz do Dia;Bom;Seca;Meio de Quadra;SemÃ¡foro;Comercial;0;0;2;1;0;0;0;0;0;1;0;0;"-3,72884942000";"-38,52127440000";mq_qgis
362750;20;11;2020;06:38;5121;RUA GUILHERME ROCHA;RUA PDE MORORO;;0;;NÃ£o Informado;Luz do Dia;Bom;Seca;Cruz;SemÃ¡foro;Comercial;0;1;1;1;1;0;0;0;0;0;0;0;"-3,72394900000";"-38,53724000000";inter_match
362751;20;11;2020;12:02;25153;RUA ANTONIO COSTA MENDES;RUA RAIMUNDO NERY;;;;ColisÃ£o Transversal;Luz do Dia;Bom;Seca;Cruz;SemÃ¡foro;Comercial;0;1;1;1;0;0;0;0;0;1;0;0;"-3,79324650000";"-38,58678860000";inter_match
362752;20;11;2020;13:55;0;AV SEN FERNANDES TAVORA;;;3264;;ColisÃ£o Transversal;Luz do Dia;Bom;Seca;Meio de Quadra;NÃ£o HÃ¡ Controle;Comercial;0;0;3;1;0;0;1;0;0;0;0;0;"-3,75460986700";"-38,60107893300";mq_match
362753;20;11;2020;13:52;17531;RUA DR JOSE FROTA;RUA MES JERONIMO D48;;0;;ColisÃ£o Transversal;Luz do Dia;Bom;Seca;Cruz;Pare;Residencial;0;1;1;1;0;0;0;0;0;0;0;0;"-3,72777000000";"-38,48297000000";inter_gpsv
362754;20;11;2020;15:47;0;AV SANTOS DUMONT;;;0;;ColisÃ£o Transversal;Luz do Dia;Nublado;Seca;Cruz;Pare;Comercial;0;0;2;1;0;0;0;0;0;0;0;0;"-3,73161820000";"-38,51247800000";mq_match
362762;21;11;2020;21:24;0;AV GAL OSORIO DE PAIVA;;;5872;;Atropelamento;Via Iluminada;Bom;Seca;Meio de Quadra;NÃ£o HÃ¡ Controle;Comercial;0;1;1;1;0;0;0;0;0;0;0;0;"-3,80790400000";"-38,60514800000";mq_qgis
362758;21;11;2020;07:20;0;AV DEP PAULINO ROCHA;;;2025;;NÃ£o Informado;Luz do Dia;Bom;Seca;Meio de Quadra;NÃ£o HÃ¡ Controle;Comercial;0;0;3;1;0;0;0;0;0;0;0;0;"-3,81092800000";"-38,51622600000";mq_match
362759;21;11;2020;10:21;0;AV BEZERRA DE MENEZES;;;2323;;NÃ£o Informado;Luz do Dia;Bom;Seca;Meio de Quadra;NÃ£o HÃ¡ Controle;Comercial;0;0;1;1;0;0;0;0;0;0;0;0;"-3,73607090000";"-38,56542600000";mq_match
362760;21;11;2020;08:21;9170;AV EDUARDO GIRAO;RUA GAL SILVA JUNIOR;;;;ColisÃ£o Transversal;Luz do Dia;Bom;Seca;Cruz;SemÃ¡foro;Comercial;0;1;2;0;0;0;0;0;0;1;0;0;"-3,75430900000";"-38,53078500000";inter_match
363046;21;11;2020;19:50;0;RUA NOGUEIRA ACIOLI;;;805;;ColisÃ£o Lateral;Via Iluminada;Bom;Seca;Meio de Quadra;NÃ£o HÃ¡ Controle;Comercial;0;0;2;1;0;0;0;0;0;0;0;0;"-3,73026874000";"-38,51694540000";mq_qgis
363047;21;11;2020;18:08;0;RUA CEL MATOS DOURADO;;;509;;ColisÃ£o Transversal;Anoitecer;Bom;Seca;Meio de Quadra;Outros;Residencial;0;2;1;0;0;0;0;0;0;1;0;0;"-3,74314800000";"-38,58504600000";mq_qgis
363048;21;11;2020;13:40;3199;RUA VITAL BRASIL;RUA VERBENA;;;;ColisÃ£o Transversal;Luz do Dia;Bom;Seca;Cruz;SemÃ¡foro;Residencial;0;2;0;0;0;0;0;0;0;1;0;0;"-3,78066600000";"-38,58865000000";inter_match
363049;21;11;2020;19:05;0;RUA JOSE NAPOLEAO;;;355;;ColisÃ£o Traseira;Via Iluminada;Bom;Seca;Meio de Quadra;Pare;Residencial;0;0;2;1;0;0;0;0;0;0;0;0;"-3,72806471000";"-38,49001370000";mq_qgis
363050;21;11;2020;10:00;0;RUA BAR RIO BRANCO;;;1915;;ColisÃ£o Traseira;Luz do Dia;Bom;Seca;Meio de Quadra;SemÃ¡foro;Comercial;0;0;3;1;0;0;0;0;0;0;0;0;"-3,73488875000";"-38,53094950000";mq_qgis
364904;21;11;2020;07:40;0;RUA PRC ISABEL;;;805;;Queda;Luz do Dia;;;Meio de Quadra;;;0;1;0;0;0;0;0;0;0;1;0;0;"-3,72820947000";"-38,53596320000";mq_qgis
364905;21;11;2020;04:05;0;RUA SEN POMPEU;;;777;;ColisÃ£o;;;;Meio de Quadra;;;0;1;2;1;0;0;0;0;0;0;0;0;"-3,72548600000";"-38,52919600000";mq_qgis
364906;21;11;2020;03:48;0;RUA 26 CJ HAB ST S JOAO;;;34;;ColisÃ£o;;;;Meio de Quadra;;;0;1;1;0;0;0;0;0;0;0;0;0;"-3,85160839000";"-38,51559630000";mq_qgis
364907;21;11;2020;03:14;0;TR REJANE;;;144;;Queda;;;;Meio de Quadra;;;0;1;0;0;0;0;0;0;0;1;0;0;"-3,80531285000";"-38,58480440000";mq_qgis
364908;21;11;2020;01:04;0;AV PRS CASTELO BRANCO;;;;;Queda;;;;Meio de Quadra;;;0;1;0;0;0;0;0;0;0;1;0;0;;;
364909;21;11;2020;00:57;0;AV WASHINGTON SOARES;;;4543;;ColisÃ£o;;;;Meio de Quadra;;;0;1;1;1;0;0;0;0;0;0;0;0;"-3,79865500000";"-38,47971400000";mq_match
364894;21;11;2020;12:43;0;AV WASHINGTON SOARES;;;750;;ColisÃ£o;Luz do Dia;;;Meio de Quadra;;;0;1;1;1;0;0;0;0;0;1;0;0;"-3,75873450000";"-38,48449200000";mq_qgis
364895;21;11;2020;11:37;0;AV PRS COSTA E SILVA;;;;;Queda;Luz do Dia;;;Meio de Quadra;;;0;1;0;0;0;0;0;0;0;1;0;0;;;
364896;21;11;2020;10:11;0;AV VIS RIO BRANCO;;;2766;;ColisÃ£o;Luz do Dia;;;Meio de Quadra;;;0;1;1;1;0;0;0;0;0;1;0;0;"-3,74528561600";"-38,52217753800";mq_match
364899;21;11;2020;09:10;0;RUA L CJ VILA VELHA;;;;;Capotamento;Luz do Dia;;;Meio de Quadra;;;0;1;0;1;0;0;0;0;0;0;0;0;;;
364900;21;11;2020;08:50;2578;RUA CANARIO;RUA SAO BERNARDO;;;;Queda;Luz do Dia;;;;;;0;1;0;0;0;1;0;0;0;0;0;0;"-3,71180700000";"-38,57972700000";inter_match
364901;21;11;2020;08:44;0;AV SGT HERMINIO SAMPAIO;;;3568;;ColisÃ£o;Luz do Dia;;;Meio de Quadra;;;0;1;1;0;0;0;0;0;0;1;0;0;"-3,72880057900";"-38,57239732000";mq_match
364887;21;11;2020;15:54;0;RUA VALPARAISO;;;1362;;Queda;Luz do Dia;;;Meio de Quadra;;;0;1;0;0;0;0;0;0;0;1;0;0;"-3,84034711300";"-38,53048612000";mq_match
364888;21;11;2020;15:27;0;RUA HUMAITA D73;;;98;;ColisÃ£o;Luz do Dia;;;Meio de Quadra;;;0;1;1;1;0;0;0;0;0;1;0;0;;;
364889;21;11;2020;15:00;22076;RUA FRE MARCELINO;RUA ANTONIO MARTINS;;;;ColisÃ£o;Luz do Dia;;;Cruz;Pare;Residencial;0;1;1;1;0;0;0;0;0;1;0;0;"-3,75002800000";"-38,55811400000";inter_match
364874;21;11;2020;23:28;0;LOGRADOURO SEM NOME;;;;;Queda;;;;Meio de Quadra;;;0;1;0;0;0;1;0;0;0;0;0;0;;;
364875;21;11;2020;22:18;1277;RUA TIBURCIO CAVALCANTE;RUA COSTA BARROS;;;;ColisÃ£o;;;;T;NÃ£o HÃ¡ Controle;Misto;0;1;1;1;0;0;0;0;0;1;0;0;"-3,73354900000";"-38,50179400000";inter_match
364877;21;11;2020;17:48;0;RD BR 116;;;11000;KM-11;Queda;Anoitecer;;;Meio de Quadra;;;0;1;0;0;0;0;0;0;0;1;0;0;"-3,84716000000";"-38,49717600000";rod_match
364878;21;11;2020;17:29;0;AV PENETRACAO NORTE 71;;;205;;ColisÃ£o;Anoitecer;;;Meio de Quadra;;;0;1;1;1;0;0;0;0;0;1;0;0;"-3,81596950000";"-38,58539050000";mq_match
364879;21;11;2020;17:22;0;AV PRS COSTA E SILVA;;;591;;ColisÃ£o;Anoitecer;;;Meio de Quadra;;;0;1;1;0;0;0;0;0;0;0;0;0;"-3,83235070000";"-38,50099000000";mq_match
364880;21;11;2020;17:03;3820;AV CARAPINIMA;AV 13 DE MAIO;;;;ColisÃ£o;Anoitecer;;;Cruz;SemÃ¡foro;Comercial;0;1;1;0;0;0;0;0;0;1;0;0;"-3,74000100000";"-38,54023900000";inter_match
364881;21;11;2020;16:46;0;RUA CEL MATOS DOURADO;;;;;ColisÃ£o;Luz do Dia;;;Meio de Quadra;;;0;1;1;1;0;0;0;0;0;1;0;0;;;
364883;21;11;2020;16:24;0;RUA ROSA CRUZ;;;541;;ColisÃ£o;Luz do Dia;;;Meio de Quadra;;;0;1;1;1;0;0;0;0;0;1;0;0;"-3,79813000000";"-38,56949000000";mq_gpsv
364884;21;11;2020;16:19;0;RUA SUICA;;;840;;ColisÃ£o;Luz do Dia;;;Meio de Quadra;;;0;1;1;1;0;0;0;0;0;1;0;0;"-3,79385295000";"-38,57706290000";mq_qgis
364885;21;11;2020;16:00;0;AV PERIMETRAL;;;1124;;ColisÃ£o;Luz do Dia;;;Meio de Quadra;;;0;1;1;1;0;0;0;0;0;1;0;0;"-3,78597073000";"-38,59012300000";mq_qgis
364559;21;11;2020;16:00;0;RD CE-040;;;;KM-03;ColisÃ£o;Luz do Dia;;;Meio de Quadra;;;0;0;2;1;0;0;0;0;0;0;0;0;"-3,78261432500";"-38,48108390000";rod_match
364565;21;11;2020;03:45;0;RD CE-025;;;;KM-03;ColisÃ£o;;;;Meio de Quadra;;;0;0;1;1;0;0;0;0;0;0;0;0;"-3,80588917900";"-38,45224656000";rod_match
364566;22;11;2020;05:20;0;RD CE-025;;;1240;KM-02;ColisÃ£o;Amanhecer;;;Meio de Quadra;;;0;2;1;1;0;0;0;0;0;1;0;0;"-3,80763450500";"-38,46108452000";rod_match
364567;22;11;2020;20:20;0;RD CE-060;;;5638;KM-01;Atropelamento;;;;Meio de Quadra;;;0;1;1;1;0;0;0;0;0;0;0;0;"-3,82613600000";"-38,57950000000";rod_match
364569;22;11;2020;19:35;0;RD CE-040;;;5641;KM-06;ColisÃ£o;;;;Meio de Quadra;;;0;1;1;1;0;1;0;0;0;0;0;0;"-3,80959680400";"-38,47873348000";rod_match
364759;22;11;2020;00:45;0;RUA BERNARDO MANUEL;;;10605;;ColisÃ£o;;;;Meio de Quadra;;;0;0;2;1;0;0;0;0;0;0;0;0;"-3,81186202000";"-38,55540260000";mq_qgis
364855;22;11;2020;15:47;0;AV DR THEBERGE;;;1640;;ColisÃ£o;Luz do Dia;;;Meio de Quadra;;;0;1;1;1;0;0;0;0;0;1;0;0;"-3,71561296700";"-38,56526813000";mq_match
364848;22;11;2020;18:43;0;AV MR HULL;;;;;Queda;;;;Meio de Quadra;;;0;1;0;0;0;1;0;0;0;0;0;0;;;
364849;22;11;2020;18:02;0;LOGRADOURO SEM NOME;;;;;ColisÃ£o;Anoitecer;;;Meio de Quadra;;;0;1;1;1;0;0;0;0;0;1;0;0;;;
364850;22;11;2020;17:36;0;RUA RUI MONTE;;;1220;;ColisÃ£o;Anoitecer;;;Meio de Quadra;;;0;2;1;1;0;0;0;0;0;1;0;0;"-3,74878000000";"-38,58491000000";mq_match
364851;22;11;2020;16:48;0;AV MR HULL;;;4800;;Queda;Luz do Dia;;;Meio de Quadra;;;0;1;0;0;0;1;0;0;0;0;0;0;"-3,73907950000";"-38,58770250000";mq_qgis
364865;22;11;2020;05:30;0;AV A CJ CEARA;;;;;Choque c/ ObstÃ¡culo Fixo;Amanhecer;;;Meio de Quadra;;;0;2;0;1;0;0;0;0;0;0;0;0;;;
364866;22;11;2020;03:16;0;RUA VITAL BRASIL;;;2109;;Queda;;;;Meio de Quadra;;;0;1;0;0;0;0;0;0;0;1;0;0;"-3,77758000000";"-38,59962000000";mq_gpsv
364867;22;11;2020;03:08;0;AV GAL OSORIO DE PAIVA;;;;;ColisÃ£o;;;;Meio de Quadra;;;0;1;1;0;0;0;0;0;0;0;0;0;;;
364868;22;11;2020;02:28;0;AV BENJAMIM BRASIL;;;2080;;ColisÃ£o;;;;Meio de Quadra;;;0;2;0;0;0;0;0;0;0;0;0;0;"-3,80809870900";"-38,55843986900";mq_match
364869;22;11;2020;00:46;0;RUA DIOGO CORREIA;;;486;;Queda;;;;Meio de Quadra;;;0;1;0;0;0;0;0;0;0;1;0;0;"-3,76982900000";"-38,59065600000";mq_match
364870;22;11;2020;00:37;0;AV GODOFREDO MACIEL;;;2385;;ColisÃ£o;;;;Meio de Quadra;;;0;1;1;1;0;0;0;0;0;1;0;0;"-3,79604400000";"-38,56977600000";mq_match
364871;22;11;2020;00:26;0;RUA BERNARDO MANUEL;;;7525;;ColisÃ£o;;;;Meio de Quadra;;;0;1;1;1;0;0;0;0;0;1;0;0;"-3,78407300000";"-38,54692700000";mq_match
364831;22;11;2020;22:47;0;RUA LUIZ FCO XAVIER;;;1168;;Queda;;;;Meio de Quadra;;;0;1;0;0;0;0;0;0;0;1;0;0;"-3,84988000000";"-38,48777000000";mq_gpsv
364832;22;11;2020;21:34;0;RUA 860 CJ CEARA;;;;;Atropelamento;;;;Meio de Quadra;;;0;1;1;1;0;0;0;0;0;0;0;0;;;
364833;22;11;2020;21:26;0;RUA DAURA;;;933;;Queda;;;;Meio de Quadra;;;0;1;0;0;0;0;0;0;0;1;0;0;"-3,82240950000";"-38,51170400000";mq_qgis
364834;22;11;2020;20:59;0;RUA MARGINAL VERDE OESTE;;;245;;Queda;;;;Meio de Quadra;;;0;1;0;0;0;0;0;0;0;1;0;0;"-3,77723000000";"-38,58983000000";mq_gpsv
364835;22;11;2020;21:09;0;AV SEN FERNANDES TAVORA;;;976;;Atropelamento;;;;Meio de Quadra;;;0;1;1;1;0;0;0;0;0;0;0;0;"-3,76236625000";"-38,58183400000";mq_qgis
364857;22;11;2020;12:09;0;AV CASTELO DE CASTRO;;;;;ColisÃ£o;Luz do Dia;;;Meio de Quadra;;;0;1;1;0;0;0;0;0;0;0;0;0;;;
364861;22;11;2020;11:35;0;RUA SUECIA;;;1179;;ColisÃ£o;Luz do Dia;;;Meio de Quadra;;;0;1;1;1;0;0;0;0;0;1;0;0;"-3,78609000000";"-38,55508000000";mq_gpsv
364863;22;11;2020;06:44;0;RUA URUCUTUBA;;;140;;Queda;Luz do Dia;;;Meio de Quadra;;;0;1;0;0;0;0;0;0;0;1;0;0;"-3,79831769000";"-38,59714990000";mq_qgis
364096;22;11;2020;17:40;0;RUA CEL MATOS DOURADO;;;1129;;ColisÃ£o;Anoitecer;;;Meio de Quadra;;;1;1;1;1;0;0;0;0;0;1;0;0;"-3,74913700000";"-38,58467100000";mq_qgis
363051;22;11;2020;14:00;0;RUA JOAO CORDEIRO;;;1524;;ColisÃ£o Traseira;Luz do Dia;Bom;Seca;Meio de Quadra;NÃ£o HÃ¡ Controle;Residencial;0;0;2;1;0;0;0;0;0;0;0;0;"-3,73390981000";"-38,51572540000";mq_qgis
362763;22;11;2020;06:05;17383;RUA BAR SOBRAL;RUA EUZEBIO DE QUEIROS;;;;ColisÃ£o Lateral;Luz do Dia;Nublado;Seca;Cruz;Pare;Residencial;0;1;1;1;0;0;0;0;0;1;0;0;"-3,76705100000";"-38,55412100000";inter_match
362764;22;11;2020;05:30;5096;RUA GUILHERME ROCHA;RUA COS ESTELITA;;;;Choque c/ ObstÃ¡culo Fixo;Amanhecer;Bom;Seca;Cruz;Pare;Residencial;0;2;0;1;0;0;0;0;0;0;0;0;"-3,72334700000";"-38,53917700000";inter_match
362765;22;11;2020;10:40;24993;AV DOM MANUEL;RUA ROCHA LIMA;;;;ColisÃ£o Transversal;Luz do Dia;Nublado;Seca;Cruz;SemÃ¡foro;Comercial;0;2;2;1;0;0;0;0;0;0;0;0;"-3,73595900000";"-38,52358700000";inter_match
362766;22;11;2020;16:53;3975;RUA ALBERTO MAGNO;RUA PRO COSTA MENDES;;239;;NÃ£o Informado;Luz do Dia;Bom;Seca;Cruz;SemÃ¡foro;Residencial;0;0;2;1;0;0;0;0;0;0;0;0;"-3,75752800000";"-38,54354800000";inter_match
362767;22;11;2020;20:22;0;RUA DOM MAURICIO;;;450;;ColisÃ£o Lateral;Via Iluminada;Bom;Seca;Meio de Quadra;NÃ£o HÃ¡ Controle;Residencial;0;2;1;1;0;0;0;0;0;1;0;0;"-3,73256000000";"-38,57613000000";mq_gpsv
362787;22;11;2020;10:57;0;RUA SGT BARBOSA;RUA 23 DE JULHO;;0;;ColisÃ£o;Luz do Dia;Bom;Seca;Meio de Quadra;Pare;Residencial;0;1;1;1;0;0;0;0;0;1;0;0;"-3,77905000000";"-38,61856000000";inter_gpsv
362768;23;11;2020;08:53;0;AV FRE CIRILO;;;4141;;NÃ£o Informado;Luz do Dia;Nublado;Seca;Meio de Quadra;SemÃ¡foro;Comercial;0;0;2;1;1;0;0;0;0;0;0;0;"-3,82052000000";"-38,49590000000";mq_gpsv
362769;23;11;2020;08:46;0;AV LAURO VIEIRA CHAVES;;;1538;;ColisÃ£o Traseira;Luz do Dia;Bom;Seca;Meio de Quadra;NÃ£o HÃ¡ Controle;Residencial;0;1;1;1;0;1;0;0;0;0;0;0;"-3,77173394000";"-38,54122360000";mq_qgis
362770;23;11;2020;08:32;25003;AV SGT HERMINIO SAMPAIO;AV DR THEBERGE;;;;ColisÃ£o Lateral;Luz do Dia;Bom;Seca;Cruz;SemÃ¡foro;Comercial;0;1;1;0;0;0;1;0;0;1;0;0;"-3,72791600000";"-38,56927600000";inter_match
362771;23;11;2020;09:58;0;RUA MARIA GOMES DE SA;;;1330;;ColisÃ£o Lateral;Luz do Dia;Bom;Seca;T;NÃ£o HÃ¡ Controle;Comercial;0;0;2;0;0;0;0;0;0;1;0;0;"-3,82476000000";"-38,58285850000";mq_qgis
362772;23;11;2020;08:12;1383;RUA MON CATAO;RUA MARCOS MACEDO;;0;;NÃ£o Informado;Luz do Dia;Bom;Seca;Cruz;Pare;Comercial;0;0;2;1;0;0;0;0;0;0;0;0;"-3,73684980000";"-38,48993000000";inter_match
362773;23;11;2020;10:09;25182;AV DOMINGOS OLIMPIO;RUA DOM GERONIMO;;;;ColisÃ£o Lateral;Luz do Dia;Nublado;Molhada;Cruz;Pare;Residencial;0;0;2;0;0;0;0;0;0;1;0;0;"-3,73321000000";"-38,54346000000";inter_gpsv
362774;23;11;2020;10:38;0;AV ENG ALBERTO SA;RUA JOSE CARLOS GURGEL NOGUEIRA;;620;;ColisÃ£o Transversal;Luz do Dia;Bom;Seca;Meio de Quadra;SemÃ¡foro;Comercial;0;1;1;1;0;0;0;0;0;1;0;0;"-3,73480000000";"-38,47501200000";inter_match
362775;23;11;2020;11:15;0;RUA ALUISIO AZEVEDO;;;460;;ColisÃ£o Lateral;Luz do Dia;Bom;Seca;Meio de Quadra;NÃ£o HÃ¡ Controle;Residencial;0;1;1;1;0;0;0;0;0;1;0;0;"-3,77122714000";"-38,57724310000";mq_qgis
362776;23;11;2020;13:35;10721;RUA CURITIBA;RUA PRO MIRAMAR DA PONTE;;;;ColisÃ£o Transversal;Luz do Dia;Bom;Seca;Cruz;Pare;Residencial;0;1;1;1;0;0;0;0;0;1;0;0;"-3,75958600000";"-38,58462800000";inter_match
362777;23;11;2020;14:44;22167;AV JOSE BASTOS;RUA TAVARES IRACEMA;;0;;ColisÃ£o Transversal;Luz do Dia;Bom;Seca;T;NÃ£o HÃ¡ Controle;Comercial;0;1;2;1;0;0;0;0;0;1;0;0;"-3,75231300000";"-38,55277000000";inter_match
362778;23;11;2020;20:50;14367;RUA NAT FEIJO;RUA GERSON FARIAS;;;;ColisÃ£o Transversal;Via Iluminada;Bom;Seca;Duplo T;NÃ£o HÃ¡ Controle;Residencial;0;1;1;1;0;0;0;0;0;1;0;0;"-3,72238600000";"-38,55239900000";inter_match
364823;23;11;2020;08:39;0;RUA AMADEU FURTADO;;;726;;ColisÃ£o;Luz do Dia;;;Meio de Quadra;;;0;1;1;1;0;0;0;0;0;1;0;0;"-3,74171181000";"-38,56278730000";mq_qgis
364824;23;11;2020;09:35;0;RUA DOM JERONIMO D06;;;382;;ColisÃ£o;Luz do Dia;;;Meio de Quadra;;;0;1;1;1;0;0;0;0;0;1;0;0;"-3,73474596000";"-38,54314560000";mq_qgis
364825;23;11;2020;09:33;22069;AV ENG HUMBERTO MONTE;RUA PAPI JUNIOR;;;;Queda;Luz do Dia;;;Cruz;Pare;Comercial;0;1;0;0;0;0;0;0;0;1;0;0;"-3,75255200000";"-38,55769700000";inter_match
364826;23;11;2020;09:08;0;AV ANTONIO SALES;;;3410;;Queda;Luz do Dia;;;Meio de Quadra;;;0;1;0;0;0;0;0;0;0;1;0;0;"-3,74791600000";"-38,49449400000";mq_match