COD_ACIDENTE;DIA;MES;ANO;HORA;INTERSECAO;LOG1;LOG2;LOG3;NUMERO;REFERENCIA;NATUREZA;ILUMINACAO;TEMPO;SUPERFICIEPISTA;TIPOCRUZAMENTO;CONTROLETRAFEGO;USOSOLO;MORTOS;FERIDOS;ILESOS;AUTOMOVEL;ONIBUS;BICICLETA;CAMINHAO;MICROONIBUS;CICLOMOTOR;MOTOCICLETA;TRACAOANIMAL;TREM;LATITUDE;LONGITUDE;METODO
364827;23;11;2020;09:06;0;RUA PRO HERIBALDO COSTA;;;768;;ColisÃ£o;Luz do Dia;;;Meio de Quadra;;;0;1;1;1;0;0;0;0;0;1;0;0;"-3,75950400000";"-38,58359400000";mq_qgis
364828;23;11;2020;07:07;15172;AV BEIRA MAR;RUA JULIO IBIAPINA;;;;Atropelamento;Luz do Dia;;;;NÃ£o HÃ¡ Controle;Comercial;0;1;1;0;0;1;0;0;0;0;0;0;"-3,72563700000";"-38,49150300000";inter_match
364829;23;11;2020;06:48;0;AV GAL OSORIO DE PAIVA;;;1470;;ColisÃ£o;Luz do Dia;;;Meio de Quadra;;;0;1;1;1;0;0;0;0;0;1;0;0;"-3,78093009100";"-38,57487539000";mq_match
364830;23;11;2020;00:26;0;RUA BERNARDO MANUEL;;;10970;;Queda;;;;Meio de Quadra;;;0;1;0;0;0;0;0;0;0;1;0;0;"-3,81532600000";"-38,55647190000";mq_qgis
364821;23;11;2020;10:24;645;RUA FRE TEOBALDO;RUA COS GOUVEIA;;;;ColisÃ£o;Luz do Dia;;;Cruz;Pare;Residencial;0;1;1;1;0;0;0;0;0;1;0;0;"-3,71661100000";"-38,56213000000";inter_match
364819;23;11;2020;10:26;0;AV JOAO DE ARAUJO LIMA;;;2161;;ColisÃ£o;Luz do Dia;;;Meio de Quadra;;;0;1;1;1;0;0;0;0;0;1;0;0;"-3,84106000000";"-38,56234700000";mq_match
364814;23;11;2020;13:57;8125;RUA MANUEL DE QUEIROZ;RUA BENTO ALBUQUERQUE;;;;ColisÃ£o;Luz do Dia;;;Cruz;Pare;Comercial;0;1;1;1;0;0;0;0;0;1;0;0;"-3,74883700000";"-38,46739300000";inter_match
364804;23;11;2020;18:54;0;RUA RAIMUNDO MATIAS;;;754;;ColisÃ£o;;;;Meio de Quadra;;;0;1;1;1;0;0;0;0;0;1;0;0;"-3,88896000000";"-38,50806000000";mq_gpsv
364805;23;11;2020;18:39;25636;RUA PORTO VELHO;RUA SAO LUIS D30;;;;ColisÃ£o;;;;Cruz;Outros;Residencial;0;1;1;1;0;0;0;0;0;1;0;0;"-3,76219000000";"-38,59403000000";inter_gpsv
364806;23;11;2020;17:42;0;LOGRADOURO SEM NOME;;;;;Queda;Anoitecer;;;Meio de Quadra;;;0;1;0;0;0;0;0;0;0;1;0;0;;;
364807;23;11;2020;16:53;0;AV PRS COSTA E SILVA;;;;;Atropelamento;Luz do Dia;;;Meio de Quadra;;;0;1;1;0;1;0;0;0;0;0;0;0;;;
364808;23;11;2020;16:52;0;AV GENIBAU;;;615;;Queda;Luz do Dia;;;Meio de Quadra;;;0;1;0;0;0;0;0;0;0;1;0;0;"-3,76070756000";"-38,60029580000";mq_qgis
364810;23;11;2020;16:15;0;RUA CEL MATOS DOURADO;;;228;;ColisÃ£o;Luz do Dia;;;Meio de Quadra;;;0;1;1;1;0;0;0;0;0;1;0;0;"-3,74087800000";"-38,58521350000";mq_match
364811;23;11;2020;15:25;0;RUA JULIO SILVA;;;440;;Queda;Luz do Dia;;;Meio de Quadra;;;0;1;0;0;0;0;0;0;0;1;0;0;"-3,74537000000";"-38,45462000000";mq_match
364812;23;11;2020;14:43;0;RUA PLANALTINA (PL AYRTON SENNA);;;1690;;ColisÃ£o;Luz do Dia;;;Meio de Quadra;;;0;1;1;0;0;0;0;0;0;1;0;0;"-3,83661000000";"-38,57117000000";mq_gpsv
364800;23;11;2020;19:32;0;AV MR HULL;;;;;ColisÃ£o;;;;Meio de Quadra;;;0;1;1;1;0;0;0;0;0;0;0;0;;;
364802;23;11;2020;18:59;0;AV ODILON GUIMARAES;;;;;ColisÃ£o;;;;Meio de Quadra;;;0;2;0;0;0;0;0;0;0;1;0;0;;;
364791;23;11;2020;23:33;0;RUA VIS CAIRU;;;468;;Queda;;;;Meio de Quadra;;;0;1;0;0;0;0;0;0;0;1;0;0;"-3,72676000000";"-38,46467000000";mq_gpsv
364757;23;11;2020;21:22;0;RUA MINAS GERAIS;;;900;;ColisÃ£o;;;;;;;0;2;1;1;0;0;0;0;0;0;0;0;"-3,75523706000";"-38,56455830000";mq_qgis
364692;23;11;2020;13:45;0;RD CE-025;;;;KM-04;ColisÃ£o;Luz do Dia;;;;;;0;1;1;0;0;0;1;0;0;1;0;0;"-3,80511167900";"-38,44333873000";rod_match
364693;23;11;2020;06:40;0;RD CE-040;;;;KM-09;ColisÃ£o;Luz do Dia;;;Meio de Quadra;;;0;0;2;1;0;0;0;0;0;1;0;0;"-3,83445089700";"-38,48246582000";rod_match
364694;23;11;2020;15:40;0;RD CE-040;;;;KM-06;ColisÃ£o;Luz do Dia;;;Meio de Quadra;;;0;0;2;1;1;0;0;0;0;0;0;0;"-3,80959680400";"-38,47873348000";rod_match
364748;24;11;2020;08:50;26083;AV JOSE JATAHY;AV BEZERRA DE MENEZES;;;;ColisÃ£o;Luz do Dia;;;Cruz;SemÃ¡foro;Comercial;0;1;1;0;0;0;1;0;0;1;0;0;"-3,73151830000";"-38,54502060000";inter_match
364749;24;11;2020;07:00;0;AV 13 DE MAIO;;;360;VIADUTO AGUANAMBI;ColisÃ£o;Luz do Dia;;;Meio de Quadra;;;0;0;2;1;0;0;0;0;0;0;0;0;"-3,75324200000";"-38,52475000000";mq_match
364751;24;11;2020;01:00;0;AV H UI 508;;;2959;;ColisÃ£o;;;;Meio de Quadra;;;0;0;2;1;0;0;0;0;0;0;0;0;"-3,77492000000";"-38,60472000000";mq_gpsv
364846;24;11;2020;18:38;0;RUA ERNESTO PEDRO SANTOS;;;650;;ColisÃ£o;;;;Meio de Quadra;;;0;1;1;1;0;0;0;0;0;1;0;0;"-3,76541633000";"-38,57776210000";mq_qgis
364847;24;11;2020;20:12;0;AV CEL CARVALHO;;;1700;;Queda;;;;Meio de Quadra;;;0;1;0;0;0;0;0;0;0;1;0;0;"-3,71751200000";"-38,58793800000";mq_match
364689;24;11;2020;11:50;0;RD CE-025;;;;KM-03;Engavetamento;Luz do Dia;;;Meio de Quadra;;;0;0;3;1;0;0;0;0;0;0;0;0;"-3,80588917900";"-38,45224656000";rod_match
364690;24;11;2020;10:30;0;AV SEN CARLOS JEREISSATI (AEROPORTO);;;;KM 03;ColisÃ£o;Luz do Dia;;;Meio de Quadra;;;0;0;2;1;0;0;0;0;0;0;0;0;"-3,77964100000";"-38,54403800000";rod_match
364691;24;11;2020;13:15;0;AV SEN CARLOS JEREISSATI (AEROPORTO);;;3000;KM 03;ColisÃ£o;Luz do Dia;;;Meio de Quadra;;;0;0;2;1;0;0;0;0;0;0;0;0;"-3,77964100000";"-38,54403800000";mq_match
363990;24;11;2020;08:00;8057;AV JOAO PESSOA;RUA ANTONIO MARTINS;;;;ColisÃ£o Transversal;Luz do Dia;;;T;Gesto;Comercial;1;2;0;0;0;0;0;0;0;1;0;0;"-3,75544300000";"-38,55215300000";inter_match
364324;24;11;2020;17:01;0;RUA VINTE E QUATRO DE MAIO;;;411;;ColisÃ£o;Anoitecer;;;Meio de Quadra;;;0;1;0;1;0;0;0;0;0;1;0;0;"-3,72525997000";"-38,53145830000";mq_qgis
364325;24;11;2020;17:36;455;RUA BELEM;RUA PORTO ALEGRE;;;;ColisÃ£o;Anoitecer;;;Cruz;Pare;Residencial;0;1;0;1;0;0;0;0;0;1;0;0;"-3,75889300000";"-38,59314600000";inter_match
364326;24;11;2020;18:13;12172;RD BR 116;RUA STA EFIGENIA;;;;ColisÃ£o;Anoitecer;;;;;;0;1;0;0;0;0;0;0;0;1;0;0;"-3,83876800000";"-38,50137500000";inter_gpsv
364327;24;11;2020;10:19;0;RUA DESCARTES BRAGA;;;171;;ColisÃ£o;Luz do Dia;;;Meio de Quadra;;;0;1;0;1;0;0;0;0;0;1;0;0;"-3,79536000000";"-38,61019000000";mq_gpsv
364328;24;11;2020;19:46;0;RD BR 116;;;;;ColisÃ£o;;;;Meio de Quadra;;;0;2;0;1;0;0;0;0;0;1;0;0;;;
364330;24;11;2020;20:17;0;RUA SGT JOAO PINHEIRO;;;;;ColisÃ£o;;;;Meio de Quadra;;;0;1;0;1;0;0;0;0;0;1;0;0;;;
364331;24;11;2020;20:40;0;AV FRANCISCO SA;;;4521;;ColisÃ£o;;;;Meio de Quadra;;;0;1;0;0;0;0;0;0;0;0;0;0;"-3,71482200000";"-38,56501600000";mq_qgis
364332;24;11;2020;22:05;0;RUA JORGE FIGUEIREDO (ANCURI);;;2733;;ColisÃ£o;;;;Meio de Quadra;;;0;2;0;0;0;0;0;0;0;1;0;0;"-3,88705000000";"-38,52247000000";mq_gpsv
364266;24;11;2020;15:00;10682;AV ROGACIANO LEITE;AV WASHINGTON SOARES;;;;ColisÃ£o;Luz do Dia;;;;;;0;1;2;1;0;0;0;0;0;1;0;0;"-3,75648200000";"-38,49147700000";inter_match
364267;24;11;2020;16:41;7791;AV PONTES VIEIRA;RUA VIS MAUA;;;;ColisÃ£o;Luz do Dia;;;Cruz;SemÃ¡foro;Residencial;0;1;0;1;0;0;0;0;0;1;0;0;"-3,75165300000";"-38,50440100000";inter_match
364261;24;11;2020;13:24;0;AV CARAPINIMA;;;;;Queda;Luz do Dia;;;Meio de Quadra;;;0;1;0;0;0;0;0;0;0;1;0;0;;;
364262;24;11;2020;13:39;0;AV IMPERADOR;;;1738;;ColisÃ£o;Luz do Dia;;;Meio de Quadra;;;0;1;0;1;0;0;0;0;0;1;0;0;"-3,73645655000";"-38,53719000000";mq_qgis
364255;24;11;2020;00:17;0;RUA MON HIPOLITO BRASIL;;;1200;;ColisÃ£o;;;;Meio de Quadra;;;0;1;0;0;0;0;0;0;0;0;0;0;"-3,75748500000";"-38,58146900000";mq_qgis
364256;24;11;2020;01:26;0;AV FRE CIRILO;;;3481;;Queda;;;;Meio de Quadra;;;0;1;0;0;0;0;0;0;0;1;0;0;"-3,81504200000";"-38,49841000000";mq_match
364257;24;11;2020;07:36;0;AV AGUANAMBI;;;;;ColisÃ£o;Luz do Dia;;;Meio de Quadra;;;0;1;0;1;0;0;0;0;0;0;0;0;;;
364258;24;11;2020;11:58;0;RUA COS LAFAYETE;;;586;;ColisÃ£o;Luz do Dia;;;Meio de Quadra;;;0;1;0;0;0;0;0;0;0;0;0;0;"-3,71791941000";"-38,58343780000";mq_qgis
364259;24;11;2020;12:41;0;AV DOS EXPEDICIONARIOS;;;3489;;Queda;Luz do Dia;;;Meio de Quadra;;;0;1;0;0;0;0;0;0;0;1;0;0;"-3,75071200000";"-38,53684900000";mq_match
362779;24;11;2020;08:30;0;AV JOSE BASTOS;;;3512;;ColisÃ£o Lateral;Luz do Dia;Chuva;Seca;Meio de Quadra;NÃ£o HÃ¡ Controle;Comercial;0;1;1;0;0;0;0;0;0;1;0;0;"-3,74988700000";"-38,55034800000";mq_qgis
362780;24;11;2020;16:00;0;AV DUQ CAXIAS;;;144;;Atropelamento;Luz do Dia;Bom;Seca;Meio de Quadra;NÃ£o HÃ¡ Controle;Comercial;0;1;1;0;0;0;0;0;0;1;0;0;"-3,73302000000";"-38,52582000000";mq_gpsv
362781;24;11;2020;15:00;0;RUA VICENTE LEITE;;;1154;;Choque c/ ObstÃ¡culo Fixo;Luz do Dia;Bom;Seca;Meio de Quadra;NÃ£o HÃ¡ Controle;Comercial;0;0;1;1;0;0;0;0;0;1;0;0;"-3,73691211000";"-38,49533270000";mq_qgis
362782;24;11;2020;16:56;0;AV CARAPINIMA;;;1783;;ColisÃ£o Transversal;Luz do Dia;Bom;Seca;Outros;NÃ£o HÃ¡ Controle;Residencial;0;1;1;0;0;0;0;0;0;1;0;0;"-3,73727700000";"-38,53742300000";mq_qgis
362783;24;11;2020;16:29;24451;AV LAURO VIEIRA CHAVES;RUA JOSE FELICIO;;;;ColisÃ£o Lateral;Luz do Dia;Bom;Seca;T;Pare;Comercial;0;0;2;1;0;0;0;0;0;0;0;0;"-3,77206400000";"-38,53933400000";inter_match
362785;24;11;2020;20:43;0;AV ROGACIANO LEITE;;;2001;;ColisÃ£o Lateral;Via Iluminada;Bom;Seca;Meio de Quadra;NÃ£o HÃ¡ Controle;Residencial;0;1;1;1;0;0;0;0;0;1;0;0;"-3,77206500000";"-38,49855100000";mq_match
362786;24;11;2020;21:01;0;RUA ERNESTO PEDRO SANTOS;;;715;;ColisÃ£o Lateral;Via Iluminada;Bom;Seca;;;;0;0;2;0;1;0;0;0;0;1;0;0;"-3,76488884000";"-38,57748110000";mq_qgis
362788;25;11;2020;01:35;0;RUA CICERO ALVES SOUZA;;;101;;ColisÃ£o Traseira;Via Iluminada;Nublado;Molhada;Meio de Quadra;NÃ£o HÃ¡ Controle;Residencial;0;0;0;1;0;0;0;0;0;0;0;0;"-3,79302459000";"-38,49917030000";mq_qgis
362789;25;11;2020;08:45;0;AV IMPERADOR;;;1367;;ColisÃ£o Traseira;Luz do Dia;Chuva;Molhada;Meio de Quadra;NÃ£o HÃ¡ Controle;Comercial;0;0;3;1;0;0;0;0;0;0;0;0;"-3,73304500000";"-38,53617900000";mq_match
362790;25;11;2020;14:36;23725;RUA DOM HENRIQUE;RUA MON AGOSTINHO;;;;ColisÃ£o Lateral;Luz do Dia;Bom;Seca;Cruz;Pare;Comercial;0;2;0;0;0;0;0;0;0;1;0;0;"-3,78738400000";"-38,58168300000";inter_match
364333;25;11;2020;06:12;0;AV SEN CARLOS JEREISSATI (AEROPORTO);;;;;ColisÃ£o;Luz do Dia;;;Meio de Quadra;;;0;1;1;0;0;0;0;0;0;1;0;0;;;
364334;25;11;2020;06:42;0;AV HIS RAIMUNDO GIRAO;;;129;;Queda;Luz do Dia;;;Meio de Quadra;;;0;1;0;0;0;0;0;0;0;1;0;0;"-3,72035000000";"-38,51420000000";mq_gpsv
364335;25;11;2020;07:04;0;RUA GUANABARA;;;841;;ColisÃ£o;Luz do Dia;;;Meio de Quadra;;;0;1;0;1;0;1;0;0;0;0;0;0;"-3,75830643000";"-38,56989220000";mq_qgis
364336;25;11;2020;07:32;0;AV ALM HENRIQUE SABOIA;;;;;Queda;Luz do Dia;;;Meio de Quadra;;;0;1;0;0;0;0;0;0;0;1;0;0;;;
364337;25;11;2020;07:47;0;AV GAL OSORIO DE PAIVA;;;;;Queda;Luz do Dia;;;Meio de Quadra;;;0;1;0;0;0;0;0;0;0;1;0;0;;;
364338;25;11;2020;07:50;0;AV DR SILAS MUNGUBA;;;5050;;Queda;Luz do Dia;;;Meio de Quadra;;;0;1;0;0;0;0;0;0;0;1;0;0;"-3,79748878800";"-38,53148158000";mq_match
364339;25;11;2020;08:02;10703;RUA PRO HERIBALDO COSTA;RUA PRO PAULO LOPES;;;;ColisÃ£o;Luz do Dia;;;T;Pare;Residencial;0;1;1;1;0;0;0;0;0;1;0;0;"-3,75802000000";"-38,58280000000";inter_match
364340;25;11;2020;08:05;0;RUA BETEL;;;2385;;ColisÃ£o;Luz do Dia;;;Meio de Quadra;;;0;1;0;1;0;0;0;0;0;1;0;0;;;
364341;25;11;2020;08:06;0;AV SGT HERMINIO SAMPAIO;;;853;;Queda;Luz do Dia;;;Meio de Quadra;;;0;1;0;0;0;0;0;0;0;1;0;0;"-3,72453700000";"-38,54832810000";mq_qgis
364342;25;11;2020;08:21;0;RUA ALUISIO AZEVEDO;;;;;ColisÃ£o;Luz do Dia;;;Meio de Quadra;;;0;1;0;1;0;0;0;0;0;1;0;0;;;
364344;25;11;2020;08:48;0;RUA VALPARAISO;;;1910;;ColisÃ£o;Luz do Dia;;;Meio de Quadra;;;0;1;0;1;0;0;0;0;0;1;0;0;"-3,84645200000";"-38,51851000000";mq_match
364345;25;11;2020;08:49;7426;RUA NATAL;AV SEN FERNANDES TAVORA;;;;ColisÃ£o;Luz do Dia;;;Cruz;NÃ£o HÃ¡ Controle;Comercial;0;1;0;0;0;0;0;0;0;1;0;0;"-3,75791500000";"-38,59017200000";inter_match
364346;25;11;2020;08:57;0;AV IMPERADOR;;;1397;;ColisÃ£o;Luz do Dia;;;Meio de Quadra;;;0;1;0;0;0;0;0;0;0;1;0;0;"-3,73339000000";"-38,53627700000";mq_match
364347;25;11;2020;09:35;0;RUA DES GOMES PARENTE;;;1478;;ColisÃ£o;Luz do Dia;;;;;;0;1;0;1;0;0;0;0;0;1;0;0;;;
364348;25;11;2020;09:45;0;RUA JOSE CARLOS GURGEL NOGUEIRA;;;125;;ColisÃ£o;Luz do Dia;;;Meio de Quadra;;;0;1;0;0;0;0;0;0;0;1;0;0;"-3,73297300000";"-38,47386000000";mq_match
364349;25;11;2020;09:50;7395;RUA PRO EDGAR DE ARRUDA;RUA ARACAJU;;;;ColisÃ£o;Luz do Dia;;;Cruz;Pare;Residencial;0;1;0;1;0;0;0;0;0;1;0;0;"-3,75741600000";"-38,58632400000";inter_match
364350;25;11;2020;10:15;0;AV IMPERADOR;;;373;;Queda;Luz do Dia;;;Meio de Quadra;;;0;1;0;0;0;0;0;0;0;1;0;0;"-3,72410332000";"-38,53353810000";mq_qgis
364351;25;11;2020;12:10;0;AV MR HULL;;;5286;;ColisÃ£o;Luz do Dia;;;Meio de Quadra;;;0;1;0;0;0;0;0;0;0;1;0;0;"-3,73967700000";"-38,59163900000";mq_qgis
364352;25;11;2020;14:05;0;AV ALM HENRIQUE SABOIA;;;;;ColisÃ£o;Luz do Dia;;;Meio de Quadra;;;0;1;0;0;0;0;0;0;0;1;0;0;;;
364353;25;11;2020;14:05;0;AV ALM HENRIQUE SABOIA;;;;;Queda;Luz do Dia;;;Meio de Quadra;;;0;1;0;0;0;0;0;0;0;1;0;0;;;
364354;25;11;2020;14:31;0;AV CONTORNO NORTE D71;;;;;Queda;Luz do Dia;;;Meio de Quadra;;;0;1;0;0;0;0;0;0;0;1;0;0;;;
364442;25;11;2020;18:30;0;RUA LUCIANO DE QUEIROS;;;1751;;ColisÃ£o;Anoitecer;;;Meio de Quadra;;;0;1;0;1;0;0;0;0;0;1;0;0;"-3,77364623000";"-38,58610970000";mq_qgis
364443;25;11;2020;18:37;0;AV LINEU MACHADO;;;246;;ColisÃ£o;;;;Meio de Quadra;;;0;1;0;1;0;0;0;0;0;1;0;0;"-3,76270650000";"-38,57521850000";mq_match
364444;25;11;2020;19:39;0;RUA MELO DE OLIVEIRA;;;1392;;ColisÃ£o;;;;Meio de Quadra;;;0;1;0;0;0;0;0;0;0;0;0;0;"-3,77710650000";"-38,58054250000";mq_qgis
364445;25;11;2020;21:07;0;AV GOV RAUL BARBOSA;;;;;Queda;;;;Meio de Quadra;;;0;1;0;0;0;0;0;0;0;1;0;0;;;
364448;25;11;2020;21:51;0;RUA EDMILSON BARROS DE OLIVEIRA;;;125;;Queda;;;;Meio de Quadra;;;0;1;0;0;0;1;0;0;0;0;0;0;;;
364436;25;11;2020;;0;RUA BERNARDO MANUEL;;;10935;;ColisÃ£o;Luz do Dia;;;Meio de Quadra;;;0;1;0;0;0;0;0;0;0;0;0;0;"-3,81459128000";"-38,55624963000";mq_match
364437;25;11;2020;16:21;0;RUA JOSE HIPOLITO;;;1251;;;Luz do Dia;;;Meio de Quadra;;;0;1;0;0;0;0;0;0;0;1;0;0;"-3,83617200000";"-38,48518300000";mq_match
364438;25;11;2020;17:04;0;RUA ESTEVAO DE CAMPOS;;;549;;ColisÃ£o;Anoitecer;;;Meio de Quadra;;;0;2;0;0;0;0;0;0;0;1;0;0;"-3,70482400000";"-38,58020200000";mq_qgis
364439;25;11;2020;18:12;0;RUA VIS CAUIPE;;;165;;ColisÃ£o;Anoitecer;;;Meio de Quadra;;;0;2;0;1;0;0;0;0;0;1;0;0;"-3,77501505900";"-38,57991818000";mq_match
364440;25;11;2020;18:23;0;AV SEN FERNANDES TAVORA;;;;;Atropelamento;Anoitecer;;;Meio de Quadra;;;0;1;0;0;0;0;0;0;0;1;0;0;;;
364674;25;11;2020;15:00;0;RD CE-040;;;;KM-10;ColisÃ£o;Luz do Dia;;;Meio de Quadra;;;0;0;2;1;0;0;0;0;0;1;0;0;"-3,84257666000";"-38,48088284000";rod_match
364872;25;11;2020;16:20;0;RUA CANDIDO CASTELO BRANCO;;;830;;ColisÃ£o;Luz do Dia;;;Meio de Quadra;;;0;0;2;1;0;0;0;0;0;0;0;0;;;
364747;25;11;2020;11:00;7862;AV ANTONIO SALES;RUA PRO DIAS DA ROCHA;;;;ColisÃ£o;Luz do Dia;;;Cruz;Pare;Comercial;0;0;2;1;0;0;0;0;0;0;0;0;"-3,74758600000";"-38,49553500000";inter_match
364893;26;11;2020;08:00;0;AV GAL OSORIO DE PAIVA;;;1127;;Queda;Luz do Dia;;;Meio de Quadra;;;0;1;0;0;0;0;0;0;0;1;0;0;"-3,77914552500";"-38,57207319000";mq_match
364890;26;11;2020;07:45;0;RD BR 116;;;;KM-13;ColisÃ£o;Luz do Dia;;;Meio de Quadra;;;0;1;1;1;0;0;0;0;0;1;0;0;"-3,86467000000";"-38,49772700000";rod_match
364891;26;11;2020;07:58;0;AV H CJ CEARA;;;1150;;ColisÃ£o;Luz do Dia;;;Meio de Quadra;;;0;1;0;0;0;0;0;0;0;0;0;0;"-3,77551400000";"-38,60804200000";mq_match
364902;26;11;2020;10:22;0;RUA LUIS GUIMARAES;;;713;;ColisÃ£o;Luz do Dia;;;Meio de Quadra;;;0;1;1;1;0;0;0;0;0;1;0;0;;;
364903;26;11;2020;10:51;1716;AV GOV RAUL BARBOSA;AV GAL MURILO BORGES;;;;ColisÃ£o;Luz do Dia;;;;;;0;1;1;1;0;0;0;0;0;1;0;0;"-3,76397700000";"-38,50880200000";inter_match
364898;26;11;2020;10:09;0;RUA PDE PEDRO DE ALENCAR;;;1971;;ColisÃ£o;Luz do Dia;;;Meio de Quadra;;;0;2;0;0;0;0;0;0;0;0;0;0;"-3,84542750000";"-38,49451000000";mq_match
364886;26;11;2020;07:37;0;RUA PDE MIGUELINHO;;;1369;;ColisÃ£o;Luz do Dia;;;Meio de Quadra;;;0;1;1;1;0;0;0;0;0;1;0;0;"-3,74252000000";"-38,53407000000";mq_gpsv
364882;26;11;2020;06:57;0;RUA POMPILIO GOMES;;;410;;ColisÃ£o;Luz do Dia;;;Meio de Quadra;;;0;1;1;1;0;0;0;0;0;1;0;0;;;
364916;26;11;2020;13:01;0;AV WASHINGTON SOARES;;;;;ColisÃ£o;Luz do Dia;;;Meio de Quadra;;;0;1;1;0;0;0;0;0;0;1;0;0;;;
364921;26;11;2020;13:44;24528;RUA TEN ELIEZER COSTA;RUA ANTONIO ARRUDA;;;;ColisÃ£o;Luz do Dia;;;Cruz;Pare;Comercial;0;1;1;0;0;0;0;0;0;1;0;0;"-3,71019740000";"-38,59105000000";inter_match
364922;26;11;2020;14:05;15290;RUA JOAQUIM NABUCO;RUA CANUTO DE AGUIAR;;;;ColisÃ£o;Luz do Dia;;;Cruz;Pare;Residencial;0;1;1;1;0;0;0;0;0;1;0;0;"-3,72936000000";"-38,49939000000";inter_match
364923;26;11;2020;14:12;0;RUA ERICO MOTA;;;488;;ColisÃ£o;Luz do Dia;;;Meio de Quadra;;;0;3;1;0;0;0;0;0;0;0;0;0;"-3,74051725000";"-38,56193850000";mq_qgis
364924;26;11;2020;14:12;7760;AV ANTONIO SALES;RUA SILVA PAULET;;;;Atropelamento;Luz do Dia;;;Cruz;SemÃ¡foro;Comercial;0;1;0;1;0;0;0;0;0;0;0;0;"-3,74359500000";"-38,50838300000";inter_match
364925;26;11;2020;15:42;0;AV OLIVEIRA PAIVA;;;1691;;ColisÃ£o;Luz do Dia;;;Meio de Quadra;;;0;1;1;1;0;0;0;0;0;1;0;0;"-3,79584000000";"-38,49136000000";mq_gpsv
364947;26;11;2020;23:25;0;AV DR SILAS MUNGUBA;;;3530;;ColisÃ£o;;;;Meio de Quadra;;;0;1;1;0;0;0;0;0;0;0;0;0;"-3,78980271400";"-38,54200800000";mq_match
364948;26;11;2020;22:30;0;AV ROGACIANO LEITE;;;2440;;Atropelamento;;;;Meio de Quadra;;;0;1;1;1;0;0;0;0;0;0;0;0;"-3,77668620000";"-38,50061800000";mq_match
364949;26;11;2020;22:16;0;RUA PRO ALVARO COSTA;;;356;;ColisÃ£o;;;;Meio de Quadra;;;0;1;1;1;0;0;0;0;0;1;0;0;"-3,72358000000";"-38,46578000000";mq_gpsv
364927;26;11;2020;15:57;22194;AV SGT HERMINIO SAMPAIO;RUA ERETIDES MARTINS;;;;ColisÃ£o;Luz do Dia;;;;;;0;1;1;0;0;0;0;0;0;1;0;0;"-3,72637100000";"-38,56048900000";inter_match
364928;26;11;2020;16:37;0;RUA BAR ARATANHA;;;225;;ColisÃ£o;Luz do Dia;;;Meio de Quadra;;;0;1;1;1;0;0;0;0;0;1;0;0;"-3,73490694000";"-38,52704770000";mq_qgis
364929;26;11;2020;17:27;0;RD BR 116;;;;KM-08;ColisÃ£o;Anoitecer;;;Meio de Quadra;;;0;1;1;1;0;0;0;0;0;1;0;0;"-3,82201800000";"-38,50326900000";rod_match
364934;26;11;2020;17:37;0;AV ALM MAXIMIANO DA FONSECA;;;1193;;ColisÃ£o;Anoitecer;;;Meio de Quadra;;;0;1;1;1;0;0;0;0;0;1;0;0;"-3,77125800000";"-38,48500200000";mq_match
364936;26;11;2020;18:14;0;AV SEN FERNANDES TAVORA;;;;;ColisÃ£o;Anoitecer;;;Meio de Quadra;;;0;2;0;0;0;0;0;0;0;1;0;0;;;
364937;26;11;2020;18:40;0;AV MOZART PINHEIRO DE LUCENA;;;131;;ColisÃ£o;;;;Meio de Quadra;;;0;1;1;1;0;0;0;0;0;1;0;0;"-3,70653000000";"-38,59220000000";mq_gpsv
364951;26;11;2020;22:12;0;RUA ALBERTO MAGNO;;;548;;ColisÃ£o;;;;Meio de Quadra;;;0;1;2;1;0;0;0;0;0;1;0;0;"-3,76057883000";"-38,54622860000";mq_qgis
364953;26;11;2020;21:05;0;RUA DALVA DE OLIVEIRA;;;1295;;ColisÃ£o;;;;Meio de Quadra;;;0;1;1;0;0;0;0;0;0;0;0;0;"-3,84337000000";"-38,53069000000";mq_gpsv
364955;26;11;2020;19:41;0;RUA PERGENTINO MAIA;;;620;;ColisÃ£o;;;;Meio de Quadra;;;0;1;1;1;0;0;0;0;0;0;0;0;"-3,83138000000";"-38,48905800000";mq_match
364957;26;11;2020;19:35;0;AV ALM HENRIQUE SABOIA;;;;;ColisÃ£o;;;;Meio de Quadra;;;0;2;1;1;0;0;0;0;0;1;0;0;;;
364959;26;11;2020;18:43;0;RUA CON DE CASTRO;;;;;ColisÃ£o;;;;Meio de Quadra;;;0;1;1;1;0;0;0;0;0;1;0;0;;;
364960;26;11;2020;18:40;0;RUA COM GARCIA;;;967;;ColisÃ£o;;;;Meio de Quadra;;;0;1;1;1;0;0;0;0;0;1;0;0;"-3,79271674000";"-38,58281020000";mq_qgis
364746;26;11;2020;20:40;0;AV SANTOS DUMONT;;;;;ColisÃ£o;;;;Meio de Quadra;;;0;0;2;0;0;0;0;0;0;0;0;0;;;
364675;26;11;2020;00:30;0;AV SEN CARLOS JEREISSATI (AEROPORTO);;;;KM 03;Capotamento;;;;Meio de Quadra;;;0;0;1;1;0;0;0;0;0;0;0;0;"-3,77964100000";"-38,54403800000";rod_match