COD_ACIDENTE;DIA;MES;ANO;HORA;INTERSECAO;LOG1;LOG2;LOG3;NUMERO;REFERENCIA;NATUREZA;ILUMINACAO;TEMPO;SUPERFICIEPISTA;TIPOCRUZAMENTO;CONTROLETRAFEGO;USOSOLO;MORTOS;FERIDOS;ILESOS;AUTOMOVEL;ONIBUS;BICICLETA;CAMINHAO;MICROONIBUS;CICLOMOTOR;MOTOCICLETA;TRACAOANIMAL;TREM;LATITUDE;LONGITUDE;METODO
364074;12;12;2020;13:30;0;RUA DOM HENRIQUE;;;495;;ColisÃ£o Frontal;Luz do Dia;Bom;Seca;Meio de Quadra;NÃ£o HÃ¡ Controle;Residencial;0;1;1;1;0;0;0;0;0;1;0;0;"-3,78710100000";"-38,58197700000";mq_match
364075;12;12;2020;16:14;0;AV BERNARDO MANUEL;;;7217;;ColisÃ£o Lateral;Luz do Dia;Bom;Seca;Meio de Quadra;Gesto;Comercial;0;1;3;1;0;0;0;0;0;1;0;0;"-3,82887000000";"-38,56023000000";mq_gpsv
364076;12;12;2020;16:07;18510;RUA TEN MARQUES;RUA MEXICO;;;;ColisÃ£o;Luz do Dia;Bom;Seca;Cruz;Pare;Residencial;0;2;0;1;0;0;0;0;0;0;0;0;"-3,73479200000";"-38,57325700000";inter_match
364077;12;12;2020;15:40;10863;RUA PRO HERIBALDO COSTA;RUA PORTO VELHO;;;;ColisÃ£o Lateral;Luz do Dia;Bom;Seca;Cruz;SemÃ¡foro;Residencial;0;2;1;1;0;0;0;0;0;1;0;0;"-3,76597400000";"-38,58701400000";inter_match
364078;12;12;2020;19:30;0;AV PINTO BANDEIRA D56;;;1111;;Choque c/ ObstÃ¡culo Fixo;Via Iluminada;Bom;Seca;Meio de Quadra;Pare;Residencial;0;1;0;0;0;0;0;0;0;0;0;0;"-3,77544450000";"-38,48737590000";mq_match
364621;12;12;2020;08:20;0;RD CE-040;;;7187;KM-07;ColisÃ£o;Luz do Dia;;;Meio de Quadra;;;0;1;1;1;0;0;0;0;0;1;0;0;"-3,81715944500";"-38,48303286000";rod_match
364933;12;12;2020;20:15;0;AV GODOFREDO MACIEL;;;;;ColisÃ£o;;;;Meio de Quadra;;;0;0;2;1;0;0;0;0;1;0;0;0;;;
365146;12;12;2020;08:05;0;RD BR 116;;;8000;KM-08;Atropelamento;Luz do Dia;;;Meio de Quadra;;;0;2;0;0;0;0;0;0;1;0;0;0;"-3,82201800000";"-38,50326900000";rod_match
365324;12;12;2020;01:51;0;RUA POMPILIO GOMES;;;835;;Queda;;;;Meio de Quadra;;;0;1;0;0;0;0;0;0;0;1;0;0;"-3,81967110000";"-38,52083030000";mq_match
365325;12;12;2020;02:17;0;AV SGT HERMINIO SAMPAIO;;;;;Queda;;;;Meio de Quadra;;;0;1;0;0;0;0;0;0;0;1;0;0;;;
365326;12;12;2020;04:06;0;RUA VINTE E QUATRO DE MAIO;;;1230;;ColisÃ£o;;;;Meio de Quadra;;;0;1;1;1;0;0;0;0;0;1;0;0;"-3,73262600000";"-38,53384800000";mq_qgis
365327;12;12;2020;04:49;0;AV CONTORNO NORTE D71;;;1249;;Queda;;;;Meio de Quadra;;;0;1;0;0;0;0;0;0;0;1;0;0;"-3,81322400000";"-38,58834700000";mq_qgis
365328;12;12;2020;06:09;0;RUA CEL ERNESTO MATOS;;;507;;ColisÃ£o;Luz do Dia;;;Meio de Quadra;;;0;1;1;1;0;0;0;0;0;0;0;0;"-3,83126400000";"-38,48987100000";mq_qgis
365329;12;12;2020;06:12;0;AV PERIMETRAL;;;914;;Queda;Luz do Dia;;;Meio de Quadra;;;0;1;0;0;0;0;0;0;0;1;0;0;;;
365330;12;12;2020;08:26;0;RUA JOSE MENDONCA;;;265;;Queda;Luz do Dia;;;Meio de Quadra;;;0;1;0;0;0;0;0;0;0;1;0;0;"-3,75904300000";"-38,60254500000";mq_qgis
365331;12;12;2020;09:36;0;AV HERACLITO GRACA;;;;;ColisÃ£o;Luz do Dia;;;Meio de Quadra;;;0;1;1;1;0;0;0;0;0;0;0;0;;;
365332;12;12;2020;09:58;0;AV JOR THOMAZ COELHO;;;;;Atropelamento;Luz do Dia;;;Meio de Quadra;;;0;1;1;0;0;0;0;0;0;1;0;0;;;
365333;12;12;2020;12:00;0;AV PRS CASTELO BRANCO;;;4728;;ColisÃ£o;Luz do Dia;;;Meio de Quadra;;;0;1;1;0;0;0;0;0;0;1;0;0;"-3,70632900000";"-38,57406800000";mq_match
365334;12;12;2020;12:16;0;AV JOAO PESSOA;;;7015;;ColisÃ£o;Luz do Dia;;;Meio de Quadra;;;0;1;0;0;0;0;0;0;0;0;0;0;"-3,77119800000";"-38,56143900000";mq_match
365335;12;12;2020;12:54;0;RUA MIN ALBUQUERQUE LIMA;;;31;;ColisÃ£o;Luz do Dia;;;Meio de Quadra;;;0;1;1;1;0;0;0;0;0;1;0;0;"-3,76445000000";"-38,61339000000";mq_gpsv
365336;12;12;2020;13:23;0;RUA PEDRO DE SOUZA;;;500;;Queda;Luz do Dia;;;Meio de Quadra;;;0;1;0;0;0;0;0;0;0;1;0;0;"-3,85229170000";"-38,50014220000";mq_qgis
365337;12;12;2020;13:33;0;AV MAE LISBOA;;;2730;;ColisÃ£o;Luz do Dia;;;Meio de Quadra;;;0;1;0;0;0;0;0;0;0;0;0;0;"-3,80625600000";"-38,45477800000";mq_match
365338;12;12;2020;14:34;0;AV N CJ JOSE WALTER;;;571;;Queda;Luz do Dia;;;Meio de Quadra;;;0;1;0;0;0;0;0;0;0;1;0;0;;;
365339;12;12;2020;15:16;0;RUA BERNARDO MANUEL;;;7221;;ColisÃ£o;Luz do Dia;;;Meio de Quadra;;;0;1;1;1;0;0;0;0;0;1;0;0;"-3,78200420000";"-38,54630000000";mq_qgis
365340;12;12;2020;15:24;0;RUA CON DE CASTRO;;;;;ColisÃ£o;Luz do Dia;;;Meio de Quadra;;;0;1;1;1;0;0;0;0;0;1;0;0;;;
365341;12;12;2020;16:00;0;RUA PERI;;;180;;Atropelamento;Luz do Dia;;;Meio de Quadra;;;0;1;1;1;0;0;0;0;0;0;0;0;"-3,69923000000";"-38,58472000000";mq_gpsv
365342;12;12;2020;16:36;0;AV ALBERTO CRAVEIRO;;;;;Queda;Luz do Dia;;;Meio de Quadra;;;0;1;0;0;0;0;0;0;0;1;0;0;;;
365343;12;12;2020;16:40;9055;AV VIS RIO BRANCO;RUA CEL ALVES TEIXEIRA;;;;ColisÃ£o;Luz do Dia;;;Cruz;Pare;Residencial;0;1;1;1;0;0;0;0;0;1;0;0;"-3,74534900000";"-38,52216400000";inter_match
365345;12;12;2020;17:05;10379;RUA ALVES BATISTA;RUA NOSSA SRA APARECIDA;;;;ColisÃ£o;Anoitecer;;;Cruz;NÃ£o HÃ¡ Controle;Residencial;0;1;1;1;0;0;0;0;0;1;0;0;"-3,75820000000";"-38,60088000000";inter_gpsv
365346;12;12;2020;18:19;0;RUA CON DE CASTRO;;;4222;;Queda;Anoitecer;;;Meio de Quadra;;;0;1;0;0;0;1;0;0;0;0;0;0;"-3,80273224500";"-38,58992491700";mq_match
365347;12;12;2020;20:02;0;AV JOR THOMAZ COELHO;;;;;Queda;;;;Meio de Quadra;;;0;1;0;0;0;1;0;0;0;0;0;0;;;
365348;12;12;2020;20:10;0;RUA 58 CJ JOSE WALTER;;;331;;ColisÃ£o;;;;Meio de Quadra;;;0;1;1;0;0;0;0;0;0;1;0;0;"-3,83378596000";"-38,55613210000";mq_qgis
365349;12;12;2020;21:03;0;RUA SGT JOAO PINHEIRO;;;;;Atropelamento;;;;Meio de Quadra;;;0;1;1;0;0;0;0;0;0;1;0;0;;;
365350;12;12;2020;21:08;0;RUA CEL FABRICIANO;;;2552;;Queda;;;;Meio de Quadra;;;0;1;0;0;0;0;0;0;0;1;0;0;"-3,78165000000";"-38,61172000000";mq_gpsv
365351;12;12;2020;21:31;0;RUA PORTO ALEGRE;;;119;;ColisÃ£o;;;;Meio de Quadra;;;0;1;1;1;0;0;0;0;0;1;0;0;"-3,76566000000";"-38,58045000000";mq_gpsv
365352;12;12;2020;21:46;1450;RUA JOSE VILAR;RUA JOAO CARVALHO;;;;ColisÃ£o;;;;Cruz;SemÃ¡foro;Residencial;0;1;1;1;0;0;0;0;0;1;0;0;"-3,73831800000";"-38,50547700000";inter_match
365353;12;12;2020;21:49;0;AV 13 DE MAIO;;;1846;;ColisÃ£o;;;;Meio de Quadra;;;0;1;1;1;0;0;0;0;0;1;0;0;"-3,74515958000";"-38,53421830000";mq_qgis
365354;12;12;2020;23:40;0;RUA ANIBAL F BONAVIDES;;;;;Atropelamento;;;;Meio de Quadra;;;0;1;1;0;0;0;0;0;0;0;0;0;;;
365355;12;12;2020;23:47;0;RUA ASP MENDES;;;41;;ColisÃ£o;;;;Meio de Quadra;;;0;1;1;0;0;0;0;0;0;1;0;0;"-3,76350000000";"-38,51512000000";mq_gpsv
365356;13;12;2020;02:28;0;AV FRANCISCO SA;;;7700;;Queda;;;;Meio de Quadra;;;0;1;0;0;0;0;0;0;0;1;0;0;"-3,70595400000";"-38,58674650000";mq_match
365357;13;12;2020;03:16;0;RUA SUICA;;;1016;;ColisÃ£o;;;;Meio de Quadra;;;0;1;0;0;0;0;0;0;0;0;0;0;"-3,79378730000";"-38,57860900000";mq_qgis
365358;13;12;2020;03:23;9183;RUA CARLOS RIBEIRO;AV FELINO BARROSO;;;;ColisÃ£o;;;;Cruz;Pare;Residencial;0;1;1;1;0;0;0;0;0;1;0;0;"-3,74673130000";"-38,52814500000";inter_match
365359;13;12;2020;05:49;0;RD BR 116;;;;;Atropelamento;Amanhecer;;;Meio de Quadra;;;0;1;1;0;0;0;0;0;0;1;0;0;;;
365360;13;12;2020;07:48;0;AV PAROARAS;;;1170;;Queda;Luz do Dia;;;Meio de Quadra;;;0;1;0;0;0;0;0;0;0;1;0;0;"-3,80860000000";"-38,54439000000";mq_match
365361;13;12;2020;08:19;0;RUA TEN MATIAS PEIXOTO;;;120;;ColisÃ£o;Luz do Dia;;;Meio de Quadra;;;0;1;1;1;0;0;0;0;0;1;0;0;"-3,83653300000";"-38,56185360000";mq_qgis
365362;13;12;2020;09:06;0;AV BEIRA MAR;;;2020;;Queda;Luz do Dia;;;Meio de Quadra;;;0;1;0;0;0;1;0;0;0;0;0;0;"-3,72406150000";"-38,50304800000";mq_match
365363;13;12;2020;09:51;0;RUA PRO JOAQUIM ANTONIO;;;80;;ColisÃ£o;Luz do Dia;;;Meio de Quadra;;;0;1;1;1;0;0;0;0;0;0;0;0;"-3,72133557000";"-38,56567370000";mq_qgis
365386;13;12;2020;09:51;0;TR ANTONIO JOAQUIM;;;80;;ColisÃ£o;Luz do Dia;;;Meio de Quadra;;;0;1;1;1;0;0;0;0;0;0;0;0;"-3,71741000000";"-38,57039000000";mq_gpsv
365387;13;12;2020;10:49;0;RUA MON HIPOLITO BRASIL;;;;;ColisÃ£o;Luz do Dia;;;Meio de Quadra;;;0;2;1;1;0;0;0;0;0;1;0;0;;;
365388;13;12;2020;11:48;0;AV MR HULL;;;3836;;ColisÃ£o;Luz do Dia;;;Meio de Quadra;;;0;1;1;1;0;0;0;0;0;1;0;0;"-3,73784200000";"-38,57872500000";mq_match
365389;13;12;2020;12:41;0;AV SEN FERNANDES TAVORA;;;;;Queda;Luz do Dia;;;Meio de Quadra;;;0;1;0;0;0;0;0;0;0;1;0;0;;;
365390;13;12;2020;13:09;3771;AV DA UNIVERSIDADE;AV DOMINGOS OLIMPIO;;;;ColisÃ£o;Luz do Dia;;;Cruz;SemÃ¡foro Intermitente;Comercial;0;1;1;0;0;0;0;0;0;1;0;0;"-3,73559400000";"-38,53421600000";inter_match
365391;13;12;2020;13:12;0;AV DR ALDY MENTOR;;;7801;;Queda;Luz do Dia;;;Meio de Quadra;;;0;2;0;0;0;0;0;0;0;1;0;0;;;
365393;13;12;2020;14:58;0;AV PRS JUSCELINO KUBITSCHEK (PASSARÃ‰);;;3371;;Queda;Luz do Dia;;;Meio de Quadra;;;0;2;0;0;0;0;0;0;0;1;0;0;;;
365394;13;12;2020;15:50;0;AV GAL MURILO BORGES;;;;;Queda;Luz do Dia;;;Meio de Quadra;;;0;1;0;0;0;1;0;0;0;0;0;0;;;
365395;13;12;2020;16:47;2283;RUA DOMINGOS DA VEIGA;RUA SEN ROBERT KENNEDY;;;;ColisÃ£o;Luz do Dia;;;Cruz;Pare;Comercial;0;1;1;1;0;0;0;0;0;0;0;0;"-3,70309500000";"-38,57855300000";inter_match
365396;13;12;2020;16:57;0;RUA PDE FRANCISCO PINTO;;;301;;Queda;Luz do Dia;;;Meio de Quadra;;;0;1;0;0;0;1;0;0;0;0;0;0;"-3,74380582000";"-38,53967300000";mq_qgis
365397;13;12;2020;17:06;0;AV PRS CASTELO BRANCO;;;;;Atropelamento;Anoitecer;;;Meio de Quadra;;;0;1;1;0;0;0;0;0;0;1;0;0;;;
365398;13;12;2020;17:14;0;RUA RAIMUNDO RIBEIRO;;;180;;ColisÃ£o;Anoitecer;;;Meio de Quadra;;;0;1;1;0;0;0;0;0;0;1;0;0;"-3,75202000000";"-38,59468000000";mq_gpsv
365400;13;12;2020;19:15;0;AV PERIMETRAL;;;;;Queda;;;;Meio de Quadra;;;0;1;0;0;0;0;0;0;0;1;0;0;;;
365401;13;12;2020;19:45;0;RUA CON DE CASTRO;;;1800;;ColisÃ£o;;;;Meio de Quadra;;;0;1;1;0;0;0;0;0;0;1;0;0;"-3,78650471000";"-38,57481200000";mq_qgis
365402;13;12;2020;20:29;0;RUA FRE MANSUETO;;;1225;;ColisÃ£o;;;;Meio de Quadra;;;0;1;1;1;0;0;0;0;0;1;0;0;"-3,73499533000";"-38,48866530000";mq_qgis
365403;13;12;2020;21:38;0;RUA CHUI;;;910;;Queda;;;;Meio de Quadra;;;0;1;0;0;0;0;0;0;0;1;0;0;;;
365404;13;12;2020;22:07;0;AV ALANIS MARIA LAURINDO DE OLIVEIRA;;;1038;;ColisÃ£o;;;;Meio de Quadra;;;0;1;0;0;0;0;0;0;0;0;0;0;;;
365405;13;12;2020;22:33;1423;RUA OSVALDO CRUZ (ALDEOTA);RUA TORRES CAMARA;;;;ColisÃ£o;;;;Cruz;SemÃ¡foro;Residencial;0;1;1;1;0;0;0;0;0;1;0;0;"-3,73757400000";"-38,50095300000";inter_match
365406;13;12;2020;23:16;0;RUA MIN ALBUQUERQUE LIMA;;;;;ColisÃ£o;;;;Meio de Quadra;;;0;1;1;0;0;0;0;0;0;1;0;0;;;
365407;13;12;2020;23:16;0;RUA PRO ALVARO COSTA;;;398;;Queda;;;;Meio de Quadra;;;0;1;0;0;0;1;0;0;0;0;0;0;"-3,72375000000";"-38,46610000000";mq_gpsv
365408;13;12;2020;23:57;0;AV DES MOREIRA;;;246;;ColisÃ£o;;;;Meio de Quadra;;;0;1;1;1;0;0;0;0;0;1;0;0;"-3,72933100000";"-38,49611300000";mq_qgis
365147;13;12;2020;22:30;0;RD BR 222;;;;KM-02;ColisÃ£o Lateral;;;;Meio de Quadra;;;0;0;2;1;0;0;0;0;0;0;0;0;"-3,74036240000";"-38,59699610000";rod_match
364938;13;12;2020;16:15;0;AV JOAO DE ARAUJO LIMA;;;370;;ColisÃ£o;Luz do Dia;;;Meio de Quadra;;;0;0;2;1;0;0;0;0;0;1;0;0;"-3,82444800000";"-38,55882200000";mq_match
364080;13;12;2020;06:41;25025;AV AUGUSTO DOS ANJOS;RUA EMILIO DE MENESES;;0;;ColisÃ£o Transversal;Luz do Dia;Bom;Seca;T;SemÃ¡foro;Comercial;0;0;2;1;0;0;0;0;0;0;0;0;"-3,78331300000";"-38,58189600000";inter_match
364081;13;12;2020;01:26;7909;AV DES MOREIRA;RUA FRANCISCO HOLANDA;;;;ColisÃ£o Transversal;Via Iluminada;Bom;Seca;Cruz;SemÃ¡foro;Comercial;0;1;1;1;0;1;0;0;0;0;0;0;"-3,74935500000";"-38,50254000000";inter_match
364082;13;12;2020;13:30;12455;AV SEN FERNANDES TAVORA;RUA RIO GRANDE DO SUL;;;;ColisÃ£o Traseira;Luz do Dia;Nublado;Seca;T;SemÃ¡foro;Comercial;0;2;1;1;0;0;0;0;0;1;0;0;"-3,76808300000";"-38,57215900000";inter_match
364083;13;12;2020;17:30;0;RUA PERGENTINO MAIA;;;1540;;ColisÃ£o Frontal;Mal Iluminada;Bom;Seca;Meio de Quadra;NÃ£o HÃ¡ Controle;Comercial;0;1;1;1;0;0;0;0;0;0;0;0;"-3,83260700000";"-38,48047450000";mq_qgis
364084;13;12;2020;18:00;10516;RUA PERGENTINO MAIA;RUA ANTONIO CANDEIA;;0;;ColisÃ£o Transversal;Mal Iluminada;Bom;Seca;T;Pare;Comercial;0;0;2;1;0;0;0;0;0;1;0;0;"-3,83256200000";"-38,48079100000";inter_match
364121;13;12;2020;22:20;0;RUA TORRES CAMARA;;;;;ColisÃ£o;;;;Meio de Quadra;;;1;0;0;0;0;0;0;0;0;1;0;0;"-3,73758100000";"-38,50095400000";fat_match
364122;13;12;2020;23:30;2699;RUA OSCAR ARARIPE;RUA CEL VIRGILIO NOGUEIRA (BOM JARDIM);;;;ColisÃ£o Transversal;;;;Cruz;SemÃ¡foro;Comercial;1;1;0;1;0;0;0;0;0;0;0;0;"-3,78825270000";"-38,60863450000";inter_match
363743;13;12;2020;18:55;0;RUA CEL MATOS DOURADO;;;1339;;Queda;Anoitecer;Bom;Seca;Meio de Quadra;NÃ£o HÃ¡ Controle;Comercial;1;1;0;0;0;0;0;0;0;1;0;0;"-3,75258091000";"-38,58290740000";mq_qgis
363740;13;12;2020;13:15;25024;RUA COSTA BARROS;RUA VINTE E CINCO DE MARCO;;;;ColisÃ£o Transversal;Luz do Dia;Bom;Seca;Cruz;SemÃ¡foro;Residencial;0;2;0;1;0;0;0;0;0;0;0;0;"-3,72705600000";"-38,52178700000";inter_match
363741;13;12;2020;17:30;5434;AV DOM MANUEL;AV HERACLITO GRACA;;;;ColisÃ£o Lateral;Anoitecer;Bom;Seca;Cruz;SemÃ¡foro;Comercial;0;0;2;1;0;0;0;0;0;0;0;0;"-3,73401300000";"-38,52295200000";inter_match
363754;14;12;2020;15:30;14343;AV PRS CASTELO BRANCO;RUA PDE MORORO;;;;ColisÃ£o Lateral;Luz do Dia;Bom;Seca;T;SemÃ¡foro;Comercial;0;0;2;0;0;0;1;0;0;1;0;0;"-3,71817900000";"-38,53527700000";inter_match
364123;14;12;2020;17:00;23003;RUA MONTEVIDEU;RUA EST JUCA D45;;;;ColisÃ£o Transversal;Anoitecer;;;;;;1;0;0;0;0;0;0;0;0;1;0;0;"-3,78761700000";"-38,54338500000";inter_match
364085;14;12;2020;07:20;0;AV DOM MANUEL;;;829;;Choque c/ ObstÃ¡culo Fixo;Luz do Dia;Bom;Seca;Meio de Quadra;NÃ£o HÃ¡ Controle;Comercial;0;1;0;1;0;0;0;0;0;0;0;0;"-3,73122560000";"-38,52204200000";mq_qgis
364086;14;12;2020;09:51;0;RUA CEARA;;;623;;ColisÃ£o Transversal;Luz do Dia;Bom;Seca;;;;0;1;1;1;0;0;0;0;0;1;0;0;"-3,76051120000";"-38,56334640000";mq_qgis
364087;14;12;2020;17:28;7884;AV ANTONIO SALES;RUA VICENTE LEITE;;0;;ColisÃ£o Transversal;Luz do Dia;Bom;Seca;Cruz;Pare;Comercial;0;1;1;1;0;0;0;0;0;1;0;0;"-3,74665600000";"-38,49846800000";inter_match
364088;14;12;2020;19:30;15152;AV BAR STUDART;AV ABOLICAO;;;;ColisÃ£o Transversal;Via Iluminada;Bom;Seca;Cruz;SemÃ¡foro;Residencial;0;1;1;1;0;0;0;0;0;1;0;0;"-3,72476200000";"-38,50344500000";inter_match
364622;14;12;2020;11:00;0;ROD CE 010;;;1000;;Tombamento;Luz do Dia;;;Meio de Quadra;;;0;0;1;0;0;0;1;0;0;0;0;0;"-3,78623000000";"-38,44083000000";mq_gpsv
364623;14;12;2020;18:44;0;RD CE-040;;;;KM-04;ColisÃ£o;;;;Meio de Quadra;;;0;0;2;1;0;0;0;0;0;0;0;0;"-3,79161315600";"-38,48033084000";rod_match
364625;14;12;2020;19:30;0;RD CE-040;;;;KM-07;ColisÃ£o;;;;Meio de Quadra;;;0;0;3;1;0;0;0;0;0;1;0;0;"-3,81715944500";"-38,48303286000";rod_match
365409;14;12;2020;00:32;0;AV DR SILAS MUNGUBA;;;;;Queda;;;;Meio de Quadra;;;0;1;0;0;0;0;0;0;0;1;0;0;;;
365410;14;12;2020;00:33;0;AV GODOFREDO MACIEL;;;5618;;Queda;;;;Meio de Quadra;;;0;2;0;0;0;0;0;0;0;1;0;0;"-3,82392550000";"-38,57865000000";mq_match
365411;14;12;2020;04:51;0;AV PRS JUSCELINO KUBITSCHEK (PASSARÃ‰);;;4950;;Atropelamento;;;;Meio de Quadra;;;0;1;1;1;0;0;0;0;0;0;0;0;"-3,82265000000";"-38,53641000000";mq_gpsv
365412;14;12;2020;06:32;0;AV JOR THOMAZ COELHO;;;1578;;Queda;Luz do Dia;;;Meio de Quadra;;;0;1;0;0;0;1;0;0;0;0;0;0;"-3,82990427100";"-38,50913561000";mq_match
365413;14;12;2020;06:57;0;AV PERIMETRAL;;;2580;;Queda;Luz do Dia;;;Meio de Quadra;;;0;1;0;0;0;0;0;0;0;1;0;0;"-3,76017000000";"-38,58588000000";mq_gpsv
365414;14;12;2020;07:03;0;RUA TEODOMIRO DE CASTRO;;;4182;;ColisÃ£o;Luz do Dia;;;Meio de Quadra;;;0;1;1;1;0;0;0;0;0;1;0;0;"-3,71922100000";"-38,57140400000";mq_qgis
365415;14;12;2020;08:30;0;AV PRS COSTA E SILVA;;;;;Queda;Luz do Dia;;;Meio de Quadra;;;0;1;0;0;0;1;0;0;0;0;0;0;;;
365416;14;12;2020;08:48;0;RUA PDE ANCHIETA;;;1400;;ColisÃ£o;Luz do Dia;;;Meio de Quadra;;;0;1;1;1;0;0;0;0;0;1;0;0;"-3,73267200000";"-38,55224600000";mq_match
365417;14;12;2020;11:37;0;AV PERIMETRAL;;;;;ColisÃ£o;Luz do Dia;;;Meio de Quadra;;;0;1;1;0;0;0;0;0;0;1;0;0;;;
365418;14;12;2020;12:23;0;AV IMPERADOR;;;1360;;ColisÃ£o;Luz do Dia;;;Meio de Quadra;;;0;1;0;0;0;0;0;0;0;0;0;0;"-3,73304500000";"-38,53617900000";mq_match
365419;14;12;2020;12:35;0;AV FRANCISCO SA;;;2892;;Atropelamento;Luz do Dia;;;Meio de Quadra;;;0;1;1;0;0;0;0;0;0;1;0;0;"-3,71939100000";"-38,55137500000";mq_qgis
365420;14;12;2020;14:50;10795;AV SEN FERNANDES TAVORA;RUA TUPI D35;;;;ColisÃ£o;Luz do Dia;;;Cruz;SemÃ¡foro;Residencial;0;1;1;0;0;0;0;0;0;1;0;0;"-3,76313000000";"-38,58041000000";inter_match
365421;14;12;2020;16:21;0;RD BR 116;;;4911;KM-03;ColisÃ£o;Luz do Dia;;;Meio de Quadra;;;0;1;0;0;0;0;0;0;0;0;0;0;"-3,77983800000";"-38,51437200000";rod_match
365422;14;12;2020;16:58;23340;RUA JOAQUIM NABUCO;RUA EDUARDO BEZERRA;;;;ColisÃ£o;Luz do Dia;;;Cruz;Pare;Residencial;0;1;0;0;0;0;0;0;0;0;0;0;"-3,75323800000";"-38,50711500000";inter_match
365423;14;12;2020;17:12;0;RUA CASTRO MONTE;;;203;;ColisÃ£o;Anoitecer;;;Meio de Quadra;;;0;1;1;1;0;0;0;0;0;1;0;0;"-3,72957628000";"-38,48621940000";mq_qgis
365425;14;12;2020;17:29;0;AV GAL OSORIO DE PAIVA;;;5273;;Queda;Anoitecer;;;Meio de Quadra;;;0;1;0;0;0;0;0;0;0;1;0;0;"-3,80363013000";"-38,60101930000";mq_qgis
365426;14;12;2020;17:55;24893;AV MAJ ASSIS;RUA ANTONIO ARRUDA;;;;ColisÃ£o;Anoitecer;;;Cruz;Gesto;Comercial;0;1;1;1;0;0;0;0;0;1;0;0;"-3,72205600000";"-38,59456600000";inter_match
365427;14;12;2020;17:58;0;AV WASHINGTON SOARES;;;;;ColisÃ£o;Anoitecer;;;Meio de Quadra;;;0;1;1;1;0;0;0;0;0;1;0;0;;;
365428;14;12;2020;18:07;0;AV SEN FERNANDES TAVORA;;;2979;;ColisÃ£o;Anoitecer;;;Meio de Quadra;;;0;1;1;1;0;0;0;0;0;1;0;0;"-3,75488000000";"-38,59957800000";mq_qgis
365429;14;12;2020;19:03;0;AV GAL OSORIO DE PAIVA;;;5295;;ColisÃ£o;;;;Meio de Quadra;;;0;1;1;0;0;0;0;0;0;1;0;0;"-3,80392300000";"-38,60130400000";mq_match
365430;14;12;2020;19:04;0;RUA OSCAR ARARIPE;;;2306;;ColisÃ£o;;;;Meio de Quadra;;;0;1;0;0;0;0;0;0;0;0;0;0;"-3,78725189000";"-38,61157910000";mq_qgis
365431;14;12;2020;19:33;0;AV WASHINGTON SOARES;;;5279;;ColisÃ£o;;;;Meio de Quadra;;;0;1;1;1;0;0;0;0;0;1;0;0;"-3,80497431000";"-38,47916950000";mq_qgis
365432;14;12;2020;19:55;0;RUA DOM HELIO CAMPOS D21;;;694;;Atropelamento;;;;Meio de Quadra;;;0;1;1;1;0;0;0;0;0;0;0;0;"-3,71169000000";"-38,55482000000";mq_gpsv
365433;14;12;2020;22:01;0;AV 20 DE JANEIRO;;;143;;Queda;;;;Meio de Quadra;;;0;1;0;0;0;0;0;0;0;1;0;0;"-3,71206000000";"-38,57216000000";mq_gpsv
365434;14;12;2020;22:22;0;AV ENG LEAL LIMA VERDE (SAPIRANGA/COITE);;;1650;;ColisÃ£o;;;;Meio de Quadra;;;0;1;0;1;0;0;0;0;0;1;0;0;"-3,80515233300";"-38,47488317000";mq_match
365435;14;12;2020;22:40;12533;RUA MARIA CLARA;AV CEL CARVALHO;;;;ColisÃ£o;;;;Cruz;NÃ£o HÃ¡ Controle;Comercial;0;1;1;1;0;0;0;0;0;1;0;0;"-3,72538200000";"-38,58581800000";inter_match
365436;15;12;2020;03:24;0;AV DEP PAULINO ROCHA;;;;;Queda;;;;Meio de Quadra;;;0;1;0;0;0;0;0;0;0;1;0;0;;;
365437;15;12;2020;07:31;0;RUA EQUADOR;;;331;;ColisÃ£o;Luz do Dia;;;Meio de Quadra;;;0;1;1;1;0;0;0;0;0;1;0;0;"-3,77085000000";"-38,55139000000";mq_gpsv
365438;15;12;2020;07:34;380;RUA FRANCISCA CLOTILDE;RUA DELMIRO FARIAS;;;;ColisÃ£o;Luz do Dia;;;Cruz;Pare;Residencial;0;1;1;1;0;0;0;0;0;1;0;0;"-3,74421700000";"-38,55423100000";inter_match
365439;15;12;2020;07:58;1493;AV PDE ANTONIO TOMAS;RUA OSVALDO CRUZ (ALDEOTA);;;;ColisÃ£o;Luz do Dia;;;Cruz;SemÃ¡foro;Comercial;0;1;1;1;0;0;0;0;0;1;0;0;"-3,73953800000";"-38,50158800000";inter_match
365440;15;12;2020;08:04;0;RUA PDE MORORO;;;1313;;ColisÃ£o;Luz do Dia;;;Meio de Quadra;;;0;1;1;1;0;0;0;0;0;1;0;0;"-3,72812300000";"-38,53829000000";mq_qgis
365441;15;12;2020;08:06;0;RUA PDE GUERRA;;;;;Queda;Luz do Dia;;;Meio de Quadra;;;0;1;0;0;0;0;0;0;0;1;0;0;;;