COD_ACIDENTE;DIA;MES;ANO;HORA;INTERSECAO;LOG1;LOG2;LOG3;NUMERO;REFERENCIA;NATUREZA;ILUMINACAO;TEMPO;SUPERFICIEPISTA;TIPOCRUZAMENTO;CONTROLETRAFEGO;USOSOLO;MORTOS;FERIDOS;ILESOS;AUTOMOVEL;ONIBUS;BICICLETA;CAMINHAO;MICROONIBUS;CICLOMOTOR;MOTOCICLETA;TRACAOANIMAL;TREM;LATITUDE;LONGITUDE;METODO
365442;15;12;2020;08:23;0;AV FRANCISCO SA;;;556;;Queda;Luz do Dia;;;Meio de Quadra;;;0;1;0;0;0;0;0;0;0;1;0;0;"-3,71823000000";"-38,55485000000";mq_match
365443;15;12;2020;09:05;0;AV WASHINGTON SOARES;;;;;Queda;Luz do Dia;;;Meio de Quadra;;;0;1;0;0;0;0;0;0;0;1;0;0;;;
365444;15;12;2020;09:06;1572;AV DES MOREIRA;RUA VICENTE LINHARES;;;;Queda;Luz do Dia;;;Cruz;SemÃ¡foro;Comercial;0;1;0;0;0;0;0;0;0;1;0;0;"-3,74215300000";"-38,50025300000";inter_match
365445;15;12;2020;09:33;0;AV C CJ CEARA;;;47;;ColisÃ£o;Luz do Dia;;;Meio de Quadra;;;0;1;1;1;0;0;0;0;0;1;0;0;"-3,75942000000";"-38,60817000000";mq_gpsv
365446;15;12;2020;09:35;0;AV CEL CARVALHO;;;;;Queda;Luz do Dia;;;Meio de Quadra;;;0;1;0;0;0;0;0;0;0;1;0;0;;;
365447;15;12;2020;09:39;0;RUA DEMETRIO MENEZES;;;;;Queda;Luz do Dia;;;Meio de Quadra;;;0;1;0;0;0;0;0;0;0;1;0;0;;;
365448;15;12;2020;11:57;0;RUA ANTONIO BARROS;;;620;;ColisÃ£o;Luz do Dia;;;Meio de Quadra;;;0;1;1;1;0;0;0;0;0;1;0;0;;;
365449;15;12;2020;12:10;7752;AV JOAO PESSOA;AV CARNEIRO DE MENDONCA;;;;ColisÃ£o;Luz do Dia;;;T;SemÃ¡foro;Comercial;0;1;1;0;0;0;0;0;0;1;0;0;"-3,76722200000";"-38,55980800000";inter_match
365450;15;12;2020;13:51;19866;RUA DES PRAXEDES;RUA QUEIROZ RIBEIRO;;;;ColisÃ£o;Luz do Dia;;;Cruz;Pare;Comercial;0;1;1;1;0;0;0;0;0;1;0;0;"-3,76229860000";"-38,54524600000";inter_match
365451;15;12;2020;14:45;0;AV JOR THOMAZ COELHO;;;1420;;Atropelamento;Luz do Dia;;;Meio de Quadra;;;0;1;1;0;1;0;0;0;0;0;0;0;"-3,83028900000";"-38,50762000000";mq_qgis
365452;15;12;2020;15:56;0;AV CONTORNO NORTE D71;;;1270;;ColisÃ£o;Luz do Dia;;;Meio de Quadra;;;0;1;1;0;0;0;0;0;0;1;0;0;"-3,81267567000";"-38,58879160000";mq_qgis
365453;15;12;2020;16:24;0;AV HERACLITO GRACA;;;1515;;Atropelamento;Luz do Dia;;;Meio de Quadra;;;0;1;1;0;0;0;0;0;0;1;0;0;"-3,73775639000";"-38,51185830000";mq_qgis
365454;15;12;2020;16:29;0;AV PDE ANTONIO TOMAS;;;2332;;ColisÃ£o;Luz do Dia;;;Meio de Quadra;;;0;1;1;1;0;0;0;0;0;1;0;0;"-3,74298000000";"-38,49115000000";mq_gpsv
365455;15;12;2020;17:23;0;AV JOAO PESSOA;;;;;Queda;Anoitecer;;;Meio de Quadra;;;0;1;0;0;0;1;0;0;0;0;0;0;;;
365456;15;12;2020;17:49;0;AV PRS JUSCELINO KUBITSCHEK (PASSARÃ‰);;;3653;;ColisÃ£o;Anoitecer;;;Meio de Quadra;;;0;1;1;1;0;0;0;0;0;1;0;0;"-3,81415675000";"-38,53007125000";mq_match
365457;15;12;2020;18:06;0;AV WASHINGTON SOARES;;;;;ColisÃ£o;Anoitecer;;;Meio de Quadra;;;0;1;1;1;0;0;0;0;0;1;0;0;;;
365458;15;12;2020;18:43;0;AV SEN FERNANDES TAVORA;;;2433;;Atropelamento;;;;Meio de Quadra;;;0;1;1;0;0;0;0;0;0;0;0;0;"-3,75595300000";"-38,59388900000";mq_match
365459;15;12;2020;19:34;0;RUA MIGUEL GURGEL;;;;;Atropelamento;;;;Meio de Quadra;;;0;1;1;0;0;0;0;0;0;0;0;0;;;
365460;15;12;2020;19:44;0;RUA ALBERTO MAGNO;;;30;;ColisÃ£o;;;;Meio de Quadra;;;0;1;1;1;0;0;0;0;0;1;0;0;"-3,75470400000";"-38,54105800000";mq_qgis
365461;15;12;2020;20:40;0;AV AUGUSTO DOS ANJOS;;;1599;;ColisÃ£o;;;;Meio de Quadra;;;0;1;1;1;0;0;0;0;0;1;0;0;"-3,78044500000";"-38,57940700000";mq_match
365462;15;12;2020;21:46;0;RUA TOMAS RODRIGUES;;;125;;ColisÃ£o;;;;Meio de Quadra;;;0;1;1;1;0;0;0;0;0;1;0;0;"-3,73794467000";"-38,59421630000";mq_qgis
365463;15;12;2020;22:22;0;AV DR THEBERGE;;;2021;;ColisÃ£o;;;;Meio de Quadra;;;0;1;1;1;0;0;0;0;0;1;0;0;"-3,71821342900";"-38,56612842900";mq_match
365464;15;12;2020;23:46;0;AV WASHINGTON SOARES;;;;;Queda;;;;Meio de Quadra;;;0;1;0;0;0;0;0;0;0;1;0;0;;;
365192;15;12;2020;14:50;15194;RUA DEP MOREIRA DA ROCHA;RUA ILDEFONSO ALBANO;;;;NÃ£o Informado;Luz do Dia;;;Cruz;Pare;Residencial;0;0;2;0;0;0;0;0;0;0;0;0;"-3,72648000000";"-38,51107200000";inter_match
365149;15;12;2020;17:40;0;RD BR 222;;;2900;KM-03;Engavetamento;Anoitecer;;;Meio de Quadra;;;0;1;4;1;0;0;0;0;0;0;0;0;"-3,74030084800";"-38,59594097000";rod_match
363575;15;12;2020;17:00;13542;AV SORIANO ALBUQUERQUE;RUA BAR ARACATI;;;;ColisÃ£o Transversal;Luz do Dia;Bom;Seca;Duplo T;Pare;Residencial;0;1;1;1;0;0;0;0;0;1;0;0;"-3,74845300000";"-38,51703000000";inter_match
364630;15;12;2020;05:30;0;RD CE-025;;;;;Queda;Amanhecer;;;;;;0;1;0;0;0;0;0;0;0;1;0;0;;;
364631;15;12;2020;09:20;0;AV SEN CARLOS JEREISSATI (AEROPORTO);;;1000;;ColisÃ£o;Luz do Dia;;;Meio de Quadra;;;0;0;3;0;0;0;0;0;0;0;0;0;"-3,78375300000";"-38,52685000000";mq_match
363755;15;12;2020;08:10;0;RUA BERNARDO MANUEL;;;10006;;Choque c/ ObstÃ¡culo Fixo;Luz do Dia;Bom;Seca;Meio de Quadra;NÃ£o HÃ¡ Controle;Residencial;0;0;1;0;0;0;1;0;0;0;0;0;"-3,80663604900";"-38,55379795100";mq_match
363756;15;12;2020;03:00;17412;RUA ALBERTO MAGNO;RUA BAR SOBRAL;;;;ColisÃ£o Transversal;Via Iluminada;Bom;Seca;Cruz;SemÃ¡foro;Comercial;0;1;1;1;0;0;0;0;0;0;0;0;"-3,76799100000";"-38,55241700000";inter_match
363787;15;12;2020;09:00;380;RUA DELMIRO FARIAS;RUA FRANCISCA CLOTILDE;;;;ColisÃ£o Transversal;Luz do Dia;Nublado;Molhada;Cruz;Pare;Residencial;0;0;2;1;0;0;0;0;0;1;0;0;"-3,74421700000";"-38,55423100000";inter_match
363762;15;12;2020;13:50;21081;RUA ALAGOAS;RUA STO AMARO DO PICI;;;;ColisÃ£o Transversal;Luz do Dia;Bom;Seca;Cruz;Pare;Residencial;0;4;0;0;0;0;0;0;0;1;0;0;"-3,75287000000";"-38,57743000000";inter_gpsv
363796;15;12;2020;14:00;10046;RUA EMILIO DE MENESES;RUA BRAGANCA;;;;ColisÃ£o Traseira;Luz do Dia;Bom;Seca;Cruz;SemÃ¡foro;Comercial;0;1;2;1;0;0;0;0;0;1;0;0;"-3,77927700000";"-38,59616600000";inter_match
363798;16;12;2020;10:20;3869;RUA JOAQUIM MAGALHAES;RUA MAL DEODORO;;;;ColisÃ£o Transversal;Luz do Dia;Nublado;Seca;Cruz;Pare;Comercial;0;1;2;1;0;0;0;0;0;1;0;0;"-3,73788300000";"-38,53425800000";inter_match
363806;16;12;2020;13:30;0;AV BEZERRA DE MENEZES;;;435;;ColisÃ£o Traseira;Luz do Dia;Bom;Seca;Meio de Quadra;;Comercial;0;0;3;1;0;0;0;0;0;0;0;0;"-3,73244400000";"-38,54889900000";mq_qgis
363823;16;12;2020;15:30;0;AV CONTORNO (CASTELÃƒO);;;;;ColisÃ£o Lateral;Luz do Dia;Bom;Seca;Meio de Quadra;NÃ£o HÃ¡ Controle;Residencial;0;1;1;0;0;0;0;0;0;1;0;0;;;
363824;16;12;2020;11:00;5313;RUA PEDRO I;RUA VINTE E QUATRO DE MAIO;;;;ColisÃ£o Transversal;Luz do Dia;Chuva;Molhada;Cruz;Pare;Comercial;0;1;1;0;0;0;0;0;0;1;0;0;"-3,72983000000";"-38,53295200000";inter_match
363825;16;12;2020;14:30;25103;AV PONTES VIEIRA;RUA SABINO MONTE;;;;ColisÃ£o Lateral;Luz do Dia;Bom;Seca;T;SemÃ¡foro;Comercial;0;1;1;1;0;0;0;0;0;1;0;0;"-3,75261100000";"-38,51257700000";inter_match
363812;16;12;2020;07:00;22100;AV JOSE BASTOS;RUA ANTONIO MARTINS;;;;Engavetamento;Luz do Dia;Bom;Seca;T;Pare;Comercial;0;0;4;1;0;0;0;0;0;1;0;0;"-3,75365300000";"-38,55411300000";inter_match
363814;16;12;2020;19:00;5627;AV ROGACIANO LEITE;AV JOSE LEON;;;;ColisÃ£o Lateral;Via Iluminada;Bom;Seca;Cruz;SemÃ¡foro;Comercial;0;1;1;1;0;0;0;0;0;1;0;0;"-3,78735500000";"-38,50352700000";inter_match
363817;16;12;2020;18:30;5625;AV DES GONZAGA;AV ROGACIANO LEITE;;;;ColisÃ£o Transversal;Anoitecer;;;Cruz;SemÃ¡foro;Residencial;0;2;0;0;0;1;0;0;0;1;0;0;"-3,78854500000";"-38,50386600000";inter_match
363834;16;12;2020;19:00;0;RUA ADOLFO CAMINHA;;;;;Atropelamento;;Bom;Seca;Meio de Quadra;;Comercial;0;2;0;0;0;0;0;0;0;1;0;0;;;
363835;16;12;2020;18:28;331;RUA ERICO MOTA;RUA NESTOR BARBOSA;;;;ColisÃ£o Frontal;Via Iluminada;Bom;Seca;Cruz;Pare;Comercial;0;1;1;1;0;0;0;0;0;0;0;0;"-3,74518900000";"-38,56098000000";inter_match
363836;16;12;2020;18:50;18734;RUA VALPARAISO;RUA VERDE 3  ST SAO JOAO;;;;ColisÃ£o Lateral;;Bom;Seca;Cruz;Pare;Comercial;0;0;2;1;0;0;0;0;0;1;0;0;"-3,84642000000";"-38,51839900000";inter_gpsv
363837;16;12;2020;07:30;5302;AV TRISTAO GONCALVES;RUA PEDRO I;;;;ColisÃ£o Lateral;Luz do Dia;Nublado;Molhada;Cruz;SemÃ¡foro;Comercial;0;1;1;0;1;0;0;0;1;0;0;0;"-3,72952300000";"-38,53392700000";inter_match
363838;16;12;2020;11:30;4575;RUA TEN TITO BARROS;RUA ENG HENRIQUE MORIZE;;;;ColisÃ£o;Luz do Dia;Bom;Seca;T;Pare;Residencial;0;1;1;1;0;0;0;0;0;1;0;0;"-3,80058900000";"-38,50757500000";inter_match
363851;16;12;2020;17:40;25124;AV AUGUSTO DOS ANJOS;RUA OLIVEIRA SOBRINHO;;;;ColisÃ£o Transversal;Via Iluminada;Bom;Seca;Duplo T;Pare;Comercial;0;1;1;1;0;0;0;0;0;1;0;0;"-3,78392230000";"-38,58245040000";inter_match
364632;16;12;2020;08:00;0;AV SEN CARLOS JEREISSATI (AEROPORTO);;;;;ColisÃ£o;Luz do Dia;;;Meio de Quadra;;;0;0;2;1;0;0;0;0;0;0;0;0;;;
364633;16;12;2020;08:30;0;RD CE-040;;;;KM-08;ColisÃ£o;Luz do Dia;;;Meio de Quadra;;;0;2;1;0;0;0;0;0;0;1;0;0;"-3,82551582200";"-38,48153832000";rod_match
364634;16;12;2020;15:50;0;AV SEN CARLOS JEREISSATI (AEROPORTO);;;;;ColisÃ£o;Luz do Dia;;;Meio de Quadra;;;0;0;2;1;0;0;0;0;0;0;0;0;;;
364941;16;12;2020;21:00;0;RUA BERNARDO MANUEL;;;;;ColisÃ£o;;;;Meio de Quadra;;;0;0;3;1;0;0;1;0;0;0;0;0;;;
363584;16;12;2020;11:00;0;AV FRE CIRILO;;;4700;;ColisÃ£o Transversal;Luz do Dia;Bom;Seca;Meio de Quadra;;Comercial;0;1;1;1;0;0;0;0;0;1;0;0;"-3,82465066300";"-38,49423032000";mq_match
363687;16;12;2020;19:20;0;RUA HOLANDA;;;1690;;ColisÃ£o Frontal;Via Iluminada;Bom;Seca;Meio de Quadra;NÃ£o HÃ¡ Controle;Residencial;0;0;2;1;0;1;0;0;0;0;0;0;"-3,80287300000";"-38,55986900000";mq_qgis
365150;16;12;2020;19:00;0;RD BR 222;;;1400;KM-01;Tombamento;;;;Meio de Quadra;;;0;1;0;0;0;0;0;0;0;1;0;0;"-3,73769844400";"-38,57814693000";rod_match
365465;16;12;2020;00:43;3863;AV 13 DE MAIO;RUA SEN POMPEU;;;;Queda;;;;Cruz;SemÃ¡foro;Comercial;0;1;0;0;0;0;0;0;0;1;0;0;"-3,74451500000";"-38,53496900000";inter_match
365466;16;12;2020;01:52;0;AV GAL OSORIO DE PAIVA;;;1127;;Queda;;;;Meio de Quadra;;;0;1;0;0;0;0;0;0;0;1;0;0;"-3,77914552500";"-38,57207319000";mq_match
365467;16;12;2020;07:19;0;AV WASHINGTON SOARES;;;;;Atropelamento;Luz do Dia;;;Meio de Quadra;;;0;2;0;1;0;0;0;0;0;0;0;0;;;
365556;16;12;2020;18:56;0;AV WASHINGTON SOARES;;;1781;;Queda;Luz do Dia;;;Meio de Quadra;;;0;1;0;0;0;0;0;0;0;1;0;0;"-3,77442409000";"-38,48177380000";mq_qgis
365557;16;12;2020;19:19;0;RUA SAO RAIMUNDO D71;;;1781;;Queda;;;;Meio de Quadra;;;0;1;0;0;0;0;0;0;0;1;0;0;;;
365558;16;12;2020;19:44;0;AV ANTONIO SALES;;;3443;;ColisÃ£o;;;;Meio de Quadra;;;0;1;1;0;0;0;0;0;0;1;0;0;"-3,74846200000";"-38,49255200000";mq_match
365559;16;12;2020;19:44;0;AV ROGACIANO LEITE;;;3150;;ColisÃ£o;;;;Meio de Quadra;;;0;0;2;1;0;0;0;0;0;1;0;0;"-3,78735500000";"-38,50352700000";mq_qgis
365560;16;12;2020;22:22;0;RUA PRO JOAQUIM NOGUEIRA D29;;;422;;Atropelamento;;;;Meio de Quadra;;;0;1;1;1;0;0;0;0;0;0;0;0;"-3,74331000000";"-38,58998400000";mq_gpsv
365561;16;12;2020;22:54;0;RUA DEMETRIO MENEZES;;;;;Choque c/ ObstÃ¡culo Fixo;;;;Meio de Quadra;;;0;1;0;1;0;0;0;0;0;0;0;0;;;
365505;16;12;2020;08:30;0;AV PRS COSTA E SILVA;;;776;;Queda;Luz do Dia;;;Meio de Quadra;;;0;1;0;0;0;0;0;0;0;1;0;0;"-3,81366000000";"-38,57025000000";mq_gpsv
365506;16;12;2020;08:51;0;AV WASHINGTON SOARES;;;6307;;ColisÃ£o;Luz do Dia;;;Meio de Quadra;;;0;1;1;1;0;0;0;0;0;1;0;0;"-3,81389000000";"-38,48032000000";mq_gpsv
365507;16;12;2020;09:05;0;RUA BOM JESUS (GRANJA LISBOA);;;;;ColisÃ£o;Luz do Dia;;;Meio de Quadra;;;0;1;1;0;0;0;0;0;0;1;0;0;;;
365508;16;12;2020;09:36;0;AV DOLOR BARREIRA;;;;;Queda;Luz do Dia;;;Meio de Quadra;;;0;1;0;0;0;0;0;0;0;1;0;0;;;
365509;16;12;2020;10:29;0;RUA MAL DEODORO;;;221;;ColisÃ£o;Luz do Dia;;;Meio de Quadra;;;0;1;1;1;0;0;0;0;0;0;0;0;"-3,73788300000";"-38,53425800000";mq_qgis
365510;16;12;2020;10:36;0;RUA BENI DE CARVALHO;;;1011;;ColisÃ£o;Luz do Dia;;;Meio de Quadra;;;0;1;1;0;0;0;0;0;0;1;0;0;"-3,74718917100";"-38,49116817300";mq_match
365511;16;12;2020;12:08;0;AV DEP PAULINO ROCHA;;;2353;;ColisÃ£o;Luz do Dia;;;Meio de Quadra;;;0;1;1;0;0;0;0;0;0;1;0;0;"-3,81069000000";"-38,51755000000";mq_gpsv
365512;16;12;2020;13:00;0;AV SEN FERNANDES TAVORA;;;100;;ColisÃ£o;Luz do Dia;;;Meio de Quadra;;;0;1;1;1;0;0;0;0;0;1;0;0;"-3,76737800000";"-38,57323800000";mq_qgis
365513;16;12;2020;13:22;25145;RUA TERTULIANO SALES;AV BORGES DE MELO;;;;ColisÃ£o;Luz do Dia;;;T;SemÃ¡foro;Comercial;0;1;1;1;0;0;0;0;0;1;0;0;"-3,75958300000";"-38,53046500000";inter_match
365514;16;12;2020;13:27;0;AV DOM LUIS;;;120;;ColisÃ£o;Luz do Dia;;;Meio de Quadra;;;0;1;1;1;0;0;0;0;0;1;0;0;"-3,73212190000";"-38,50074100000";mq_match
365515;16;12;2020;16:42;0;RUA BENTO ALBUQUERQUE;;;588;;ColisÃ£o;Luz do Dia;;;Meio de Quadra;;;0;1;1;1;0;1;0;0;0;0;0;0;"-3,74404000000";"-38,48239000000";mq_gpsv
365516;16;12;2020;15:26;0;AV SGT HERMINIO SAMPAIO;;;2148;;ColisÃ£o;Luz do Dia;;;Meio de Quadra;;;0;1;1;1;0;0;0;0;0;1;0;0;"-3,72618050000";"-38,55942350000";mq_match
365517;16;12;2020;15:30;0;AV ALBERTO CRAVEIRO;;;;;ColisÃ£o;Luz do Dia;;;Meio de Quadra;;;0;1;1;0;0;0;0;0;0;1;0;0;;;
365518;16;12;2020;15:40;0;RUA ERNESTO PEDRO SANTOS;;;;;Capotamento;Luz do Dia;;;Meio de Quadra;;;0;1;0;1;0;0;0;0;0;0;0;0;;;
365519;16;12;2020;16:37;0;RUA STA ELISA D21;;;1481;;Queda;Luz do Dia;;;Meio de Quadra;;;0;1;0;0;0;1;0;0;0;0;0;0;"-3,70351273000";"-38,56695910000";mq_qgis
365520;16;12;2020;16:44;0;AV CARNEIRO DE MENDONCA;;;330;;ColisÃ£o;Luz do Dia;;;Meio de Quadra;;;0;0;2;0;0;0;0;0;0;1;0;0;"-3,76604173000";"-38,56264910000";mq_qgis
365521;16;12;2020;18:21;0;AV CARNEIRO DE MENDONCA;;;2088;;ColisÃ£o;Anoitecer;;;Meio de Quadra;;;0;1;1;1;0;0;0;0;0;1;0;0;"-3,75900751000";"-38,57685930000";mq_qgis
365611;16;12;2020;07:54;1388;RUA LEONARDO MOTA;AV SANTOS DUMONT;;;;ColisÃ£o;Luz do Dia;;;Meio de Quadra;NÃ£o HÃ¡ Controle;Residencial;0;1;1;1;0;0;1;0;0;0;0;0;"-3,73685700000";"-38,49639700000";inter_match
365488;17;12;2020;19:40;0;AV PRS CASTELO BRANCO;;;;;ColisÃ£o;;;;Meio de Quadra;;;0;1;0;0;0;0;0;0;0;0;0;0;;;
365489;17;12;2020;20:06;0;AV FRE CIRILO;;;4186;;ColisÃ£o;;;;Meio de Quadra;;;0;2;0;1;0;0;0;0;0;1;0;0;"-3,82063408300";"-38,49596966700";mq_match
365490;17;12;2020;22:11;0;AV ISABEL BEZERRA;;;700;;ColisÃ£o;;;;Meio de Quadra;;;0;1;1;1;0;0;0;0;0;1;0;0;;;
365491;17;12;2020;22:46;0;AV GAL OSORIO DE PAIVA;;;;;ColisÃ£o;;;;Meio de Quadra;;;0;1;0;0;0;0;0;0;0;0;0;0;;;
365468;17;12;2020;07:14;5269;AV DUQ CAXIAS;RUA PDE IBIAPINA;;;;Queda;Luz do Dia;;;Cruz;SemÃ¡foro;Comercial;0;1;0;0;0;0;0;0;0;1;0;0;"-3,72844600000";"-38,54022600000";inter_match
365469;17;12;2020;07:14;0;AV ALM HENRIQUE SABOIA;;;700;;ColisÃ£o;Luz do Dia;;;Meio de Quadra;;;0;1;0;1;0;0;1;0;0;0;0;0;"-3,72919420000";"-38,48093400000";mq_match
365470;17;12;2020;08:09;0;AV GODOFREDO MACIEL;;;6060;;ColisÃ£o;Luz do Dia;;;Meio de Quadra;;;0;1;0;1;0;0;0;0;0;0;0;0;"-3,82697700000";"-38,57966200000";mq_match
365471;17;12;2020;08:25;0;AV GODOFREDO MACIEL;;;7060;;ColisÃ£o;Luz do Dia;;;Meio de Quadra;;;0;1;0;0;0;0;0;0;0;0;0;0;;;
365472;17;12;2020;08:58;0;AV TEN LISBOA;;;3167;;Queda;Luz do Dia;;;Meio de Quadra;;;0;2;0;0;0;1;0;0;0;0;0;0;"-3,72002000000";"-38,56347300000";mq_qgis
365473;17;12;2020;09:38;5397;AV DUQ CAXIAS;RUA ASSUNCAO;;;;ColisÃ£o;Luz do Dia;;;Cruz;SemÃ¡foro;Comercial;0;1;1;1;0;1;0;0;0;0;0;0;"-3,73240500000";"-38,52795200000";inter_match
365474;17;12;2020;10:20;0;RUA BOA ESPERANCA D43;;;435;;Queda;Luz do Dia;;;Meio de Quadra;;;0;1;0;0;0;0;0;0;0;1;0;0;"-3,75480100000";"-38,60466200000";mq_gpsv
365475;17;12;2020;11:24;7710;AV CARNEIRO DE MENDONCA;RUA PEDRO MUNIZ;;;;ColisÃ£o;Luz do Dia;;;Cruz;SemÃ¡foro;Comercial;0;1;1;1;0;0;0;0;0;1;0;0;"-3,76562700000";"-38,56364600000";inter_match
365476;17;12;2020;12:18;0;RUA MON VICENTE MARTINS;;;1457;;Queda;Luz do Dia;;;Meio de Quadra;;;0;1;0;0;0;0;0;0;0;1;0;0;"-3,77174000000";"-38,58102420000";mq_qgis
365477;17;12;2020;12:46;0;RUA BOM JESUS (GRANJA LISBOA);;;;;ColisÃ£o;Luz do Dia;;;Meio de Quadra;;;0;1;0;0;0;0;0;0;0;0;0;0;;;
365478;17;12;2020;13:54;0;RUA BERNARDO MANUEL;;;10241;;ColisÃ£o;Luz do Dia;;;Meio de Quadra;;;0;1;1;1;0;0;0;0;0;1;0;0;"-3,80891997300";"-38,55455100000";mq_match
365479;17;12;2020;15:39;0;RUA TAVARES COUTINHO;;;2050;;Queda;Luz do Dia;;;Meio de Quadra;;;0;1;0;0;0;0;0;0;0;1;0;0;"-3,73247250000";"-38,48441450000";mq_qgis
365480;17;12;2020;16:50;0;RUA LUMINOSA;;;274;;Queda;Luz do Dia;;;Meio de Quadra;;;0;1;0;0;0;0;0;0;0;1;0;0;"-3,78910000000";"-38,59145000000";mq_gpsv
365481;17;12;2020;17:08;0;RUA PEDRO MARTINS;;;151;;ColisÃ£o;Anoitecer;;;Meio de Quadra;;;0;1;1;1;0;1;0;0;0;0;0;0;"-3,80039400000";"-38,59937400000";mq_qgis
365482;17;12;2020;17:22;0;RUA ALBERTO MAGNO;;;1014;;Queda;Anoitecer;;;Meio de Quadra;;;0;1;0;0;0;0;0;0;0;1;0;0;"-3,76398650000";"-38,54918700000";mq_qgis
365483;17;12;2020;17:29;9593;RUA SAO LUIZ DO OESTE;RUA HUMBERTO LOMEU;;;;ColisÃ£o;Anoitecer;;;;;;0;1;1;0;0;0;1;0;0;1;0;0;"-3,78006000000";"-38,60951000000";inter_gpsv
365484;17;12;2020;17:47;0;AV DEP PAULINO ROCHA;;;;;ColisÃ£o;Anoitecer;;;Meio de Quadra;;;0;1;1;1;0;0;0;0;0;1;0;0;;;
365485;17;12;2020;19:21;0;RUA PDE GUERRA;;;2419;;ColisÃ£o;;;;Meio de Quadra;;;0;1;0;0;0;0;0;0;0;0;0;0;"-3,74066000000";"-38,56614000000";mq_qgis
365486;17;12;2020;19:29;0;RUA LONDRINA;;;895;;ColisÃ£o;;;;Meio de Quadra;;;0;3;0;0;0;0;0;0;0;1;0;0;"-3,78217300000";"-38,59914500000";mq_qgis
364942;17;12;2020;15:30;25101;AV GAL OSORIO DE PAIVA;RUA ARARIPE PRATA;;;;ColisÃ£o;Luz do Dia;;;;;;0;0;2;1;0;0;0;0;0;0;0;0;"-3,77659300000";"-38,56802900000";inter_match
364950;17;12;2020;21:20;0;AV GOV RAUL BARBOSA;;;5598;;Atropelamento;;;;Meio de Quadra;;;0;1;1;0;0;0;0;0;0;1;0;0;"-3,76819650000";"-38,50980000000";mq_match
365053;17;12;2020;09:10;14682;AV OLIVEIRA PAIVA;RUA JUNIOR ROCHA;;;;ColisÃ£o Traseira;Luz do Dia;Bom;Seca;Cruz;SemÃ¡foro;Comercial;0;1;1;1;0;0;1;0;0;0;0;0;"-3,79618900000";"-38,48822400000";inter_match
364635;17;12;2020;06:30;0;AV SEN CARLOS JEREISSATI (AEROPORTO);;;3000;;ColisÃ£o;Luz do Dia;;;Meio de Quadra;;;0;1;1;1;0;0;0;0;0;1;0;0;"-3,77964100000";"-38,54403800000";mq_match
364636;17;12;2020;08:10;0;RD CE-060;;;;KM-02;Capotamento;Luz do Dia;;;Meio de Quadra;;;0;1;0;1;0;0;0;0;0;0;0;0;"-3,83406400000";"-38,58211100000";rod_match
364637;17;12;2020;09:15;0;AV SEN CARLOS JEREISSATI (AEROPORTO);;;1033;KM 04;ColisÃ£o;Luz do Dia;;;Meio de Quadra;;;0;1;1;1;0;0;0;0;0;1;0;0;;;
364124;17;12;2020;12:40;9672;RUA GUARAREMA;RUA BOM JESUS (GRANJA LISBOA);;;;ColisÃ£o Transversal;Luz do Dia;;;;;;1;0;0;0;0;0;0;0;0;1;0;0;"-3,78854400000";"-38,61964000000";inter_match
363885;17;12;2020;15:00;8936;AV DOMINGOS OLIMPIO;RUA PRC ISABEL;;;;ColisÃ£o Lateral;Luz do Dia;Bom;Seca;Cruz;SemÃ¡foro;Comercial;0;0;2;0;0;0;1;0;0;1;0;0;"-3,73443800000";"-38,53779000000";inter_match
363879;17;12;2020;09:10;0;AV ALM HENRIQUE SABOIA;;;1300;TERMINAL DO PAPICU;ColisÃ£o Lateral;Luz do Dia;Bom;Seca;Meio de Quadra;NÃ£o HÃ¡ Controle;Residencial;0;1;1;1;0;0;0;0;0;0;0;0;"-3,73797400000";"-38,48594000000";mq_match
363853;17;12;2020;16:20;0;AV EDUARDO BRIGIDO MONTEIRO;;;111;;Queda;Luz do Dia;Bom;Seca;Meio de Quadra;Pare;Residencial;0;1;0;0;0;1;0;0;0;0;0;0;"-3,78302000000";"-38,48814000000";mq_gpsv
363856;17;12;2020;08:30;0;AV PRS CASTELO BRANCO;;;295;10Âº REGIÃƒO MILITAR;ColisÃ£o Traseira;Luz do Dia;Bom;Seca;Meio de Quadra;NÃ£o HÃ¡ Controle;Comercial;0;1;1;0;0;0;0;0;0;1;0;0;"-3,72215700000";"-38,52457600000";mq_match
363857;17;12;2020;08:10;0;AV PRO GOMES DE MATOS;;;420;;ColisÃ£o Traseira;Luz do Dia;Bom;Seca;Meio de Quadra;NÃ£o HÃ¡ Controle;Comercial;0;2;1;1;0;0;0;0;0;1;0;0;"-3,75762700000";"-38,54258900000";mq_qgis
363866;17;12;2020;07:05;23445;RUA MON SALAZAR;VL SAO PEDRO D49;;;;ColisÃ£o Transversal;Luz do Dia;Bom;Seca;T;Pare;Residencial;0;1;1;1;0;0;0;0;0;1;0;0;"-3,75664000000";"-38,51927000000";inter_gpsv
363867;17;12;2020;07:45;17573;RUA ESTADO DO RIO;RUA MARANHAO;;;;ColisÃ£o Transversal;Luz do Dia;Bom;Seca;Cruz;Pare;Residencial;0;1;1;1;0;0;0;0;0;0;0;0;"-3,75414900000";"-38,56810600000";inter_match