COD_ACIDENTE;DIA;MES;ANO;HORA;INTERSECAO;LOG1;LOG2;LOG3;NUMERO;REFERENCIA;NATUREZA;ILUMINACAO;TEMPO;SUPERFICIEPISTA;TIPOCRUZAMENTO;CONTROLETRAFEGO;USOSOLO;MORTOS;FERIDOS;ILESOS;AUTOMOVEL;ONIBUS;BICICLETA;CAMINHAO;MICROONIBUS;CICLOMOTOR;MOTOCICLETA;TRACAOANIMAL;TREM;LATITUDE;LONGITUDE;METODO
363868;17;12;2020;15:46;0;RUA DR GILBERTO STUDART;;;1949;;ColisÃ£o Transversal;Luz do Dia;Bom;Seca;Meio de Quadra;NÃ£o HÃ¡ Controle;Residencial;0;1;1;1;0;0;0;0;1;0;0;0;"-3,74665500000";"-38,47149700000";mq_match
363869;17;12;2020;20:00;15531;AV FRE CIRILO;RUA PAULO SETUBAL;;;;ColisÃ£o Lateral;Via Iluminada;Bom;Seca;Outros;SemÃ¡foro;Comercial;0;1;1;1;0;0;0;0;0;0;0;0;"-3,82050200000";"-38,49602800000";inter_match
364665;18;12;2020;07:40;0;RD CE-040;;;;KM-01;ColisÃ£o;Luz do Dia;;;Meio de Quadra;;;0;0;2;1;0;0;0;0;0;0;0;0;"-3,76465044900";"-38,48258304000";rod_match
365091;18;12;2020;14:30;4510;AV CESAR CALS;RUA PRO HENRIQUE FIRMEZA;;;;ColisÃ£o Transversal;Luz do Dia;Bom;Seca;Cruz;NÃ£o HÃ¡ Controle;Comercial;0;2;0;0;0;0;1;0;0;1;0;0;"-3,71865900000";"-38,46556400000";inter_match
365092;18;12;2020;09:00;12807;RUA ALBERTO MAGNO;RUA ANA NERY;;;;ColisÃ£o Transversal;Luz do Dia;Bom;Seca;Cruz;SemÃ¡foro;Comercial;0;1;1;1;0;0;0;0;0;1;0;0;"-3,75467010000";"-38,54111500000";inter_match
365093;18;12;2020;15:00;1388;AV SANTOS DUMONT;RUA LEONARDO MOTA;;;;ColisÃ£o Traseira;Luz do Dia;Bom;Seca;Meio de Quadra;NÃ£o HÃ¡ Controle;Residencial;0;1;1;0;0;0;0;0;0;1;0;0;"-3,73685700000";"-38,49639700000";inter_match
365094;18;12;2020;16:40;0;AV PRS JUSCELINO KUBITSCHEK (PASSARÃ‰);;;;;ColisÃ£o Transversal;Luz do Dia;Bom;Seca;Meio de Quadra;NÃ£o HÃ¡ Controle;Residencial;0;0;2;1;0;0;0;0;0;1;0;0;;;
365095;18;12;2020;16:00;10300;AV SEN FERNANDES TAVORA;RUA JOSE MENDONCA;;;;ColisÃ£o Lateral;Luz do Dia;Bom;Seca;Cruz;SemÃ¡foro;Comercial;0;0;2;1;0;0;0;0;0;0;0;0;"-3,75449200000";"-38,60169600000";inter_match
365072;18;12;2020;00:30;6817;RUA BENTO ALBUQUERQUE;RUA FRANCISCO MATOS;;;;ColisÃ£o Transversal;Via Iluminada;;;Cruz;Pare;Residencial;0;1;1;1;0;0;0;0;0;1;0;0;"-3,74786200000";"-38,47043600000";inter_match
365073;18;12;2020;11:30;25121;RUA FIRMINO ROCHA AGUIAR;RUA ELISEU UCHOA BECCO;;;;ColisÃ£o Transversal;Luz do Dia;Bom;Seca;Cruz;Pare;Comercial;0;0;2;1;0;0;0;0;0;1;0;0;"-3,76339100000";"-38,48612000000";inter_match
365063;18;12;2020;20:30;0;RUA VERBENA;;;29;;ColisÃ£o Frontal;Via Iluminada;Bom;Seca;Meio de Quadra;NÃ£o HÃ¡ Controle;Residencial;0;1;1;1;0;0;0;0;0;0;0;0;"-3,77629000000";"-38,58789000000";mq_gpsv
365058;18;12;2020;19:12;0;AV CASTELO DE CASTRO;;;10;;ColisÃ£o Transversal;Via Iluminada;Bom;Seca;Meio de Quadra;Pare;Residencial;0;1;1;1;0;0;0;0;0;0;0;0;"-3,82976000000";"-38,52152000000";mq_gpsv
365077;18;12;2020;16:35;7661;RUA PERNAMBUCO;RUA MINAS GERAIS;;;;ColisÃ£o Transversal;Via Iluminada;Bom;Seca;Cruz;Pare;Residencial;0;0;2;1;0;0;0;0;0;0;0;0;"-3,76040900000";"-38,56787000000";inter_match
364954;18;12;2020;17:10;15368;RUA FREDERICO BORGES;RUA PEREIRA VALENTE;;;;ColisÃ£o Transversal;Anoitecer;Bom;Seca;Cruz;Pare;Comercial;0;0;2;1;0;0;0;0;0;1;0;0;"-3,73485660000";"-38,48912000000";inter_match
364952;18;12;2020;22:00;0;RUA CACILDA BECKER;;;29;;ColisÃ£o;;;;Meio de Quadra;;;0;0;1;1;0;0;0;0;0;0;0;0;"-3,77551800000";"-38,58719800000";mq_qgis
364958;18;12;2020;12:00;5356;AV DUQ CAXIAS;RUA GAL SAMPAIO;;;;Atropelamento;Luz do Dia;;;Cruz;SemÃ¡foro;Comercial;0;2;0;1;0;0;0;0;0;0;0;0;"-3,73109600000";"-38,53202900000";inter_match
364956;18;12;2020;10:40;0;RUA DR SULIANO;;;;;ColisÃ£o;Luz do Dia;Bom;Seca;Meio de Quadra;Pare;Residencial;0;0;2;1;0;0;0;0;0;1;0;0;;;
365492;18;12;2020;03:10;3302;AV GAL OSORIO DE PAIVA;RUA LUIS VIEIRA;;;;ColisÃ£o;;;;Cruz;SemÃ¡foro;Comercial;0;1;1;1;0;0;0;0;0;1;0;0;"-3,79087900000";"-38,58861600000";inter_match
365493;18;12;2020;06:22;0;RUA BERNARDO MANUEL;;;8241;;Queda;Luz do Dia;;;Meio de Quadra;;;0;1;0;0;0;1;0;0;0;0;0;0;"-3,79160100000";"-38,54924800000";mq_match
365498;18;12;2020;08:53;0;RUA ERNESTO PEDRO SANTOS;;;;;ColisÃ£o;Luz do Dia;;;Meio de Quadra;;;0;2;0;1;0;0;0;0;0;1;0;0;;;
365499;18;12;2020;12:08;0;RUA GAL CORDEIRO NETO;;;1458;;ColisÃ£o;Luz do Dia;;;Meio de Quadra;;;0;2;0;0;0;0;0;0;0;1;0;0;"-3,81643000000";"-38,57397000000";mq_gpsv
365500;18;12;2020;12:34;0;RUA CANDIDO MAIA;;;;;Queda;Luz do Dia;;;Meio de Quadra;;;0;1;0;0;0;0;0;0;0;1;0;0;;;
365501;18;12;2020;12:49;7674;AV JOSE BASTOS;RUA RIO GRANDE DO NORTE;;;;ColisÃ£o;Luz do Dia;;;T;SemÃ¡foro;Residencial;0;1;1;0;0;0;0;0;0;1;0;0;"-3,76056200000";"-38,56447700000";inter_match
365502;18;12;2020;13:45;0;RUA NELSON COELHO;;;452;;ColisÃ£o;Luz do Dia;;;Meio de Quadra;;;0;1;0;0;0;0;0;0;0;0;0;0;"-3,82992700000";"-38,46292950000";mq_qgis
365503;18;12;2020;14:16;0;RUA LUCIANO DE QUEIROS;;;1694;;ColisÃ£o;Luz do Dia;;;Meio de Quadra;;;0;1;1;1;0;0;0;0;0;1;0;0;"-3,77015496000";"-38,58494350000";mq_qgis
365504;18;12;2020;15:04;0;RUA RIO GRANDE DO SUL;;;212;;ColisÃ£o;Luz do Dia;;;Meio de Quadra;;;0;1;0;0;0;0;0;0;0;0;0;0;"-3,75111500000";"-38,56232700000";mq_qgis
365522;18;12;2020;16:13;0;AV FILOMENO GOMES;;;;;ColisÃ£o;Luz do Dia;;;Meio de Quadra;;;0;1;1;1;0;0;0;0;0;1;0;0;;;
365523;18;12;2020;16:16;0;AV FRANCISCO SA;;;2224;;ColisÃ£o;Luz do Dia;;;Meio de Quadra;;;0;1;1;1;0;0;0;0;0;1;0;0;"-3,72134900000";"-38,54532900000";mq_match
365524;18;12;2020;17:16;0;RUA BOM JESUS (GRANJA LISBOA);;;1998;;ColisÃ£o;Anoitecer;;;Meio de Quadra;;;0;1;1;1;0;0;0;0;0;1;0;0;"-3,79118200000";"-38,61121000000";mq_qgis
365525;18;12;2020;17:27;0;RUA JULIO JORGE VIEIRA;;;340;;ColisÃ£o;Anoitecer;;;Meio de Quadra;;;0;1;1;1;0;0;0;0;0;1;0;0;"-3,79193000000";"-38,50660000000";mq_gpsv
365526;18;12;2020;17:31;0;RUA PORTO VELHO;;;1832;;ColisÃ£o;Anoitecer;;;Meio de Quadra;;;0;1;1;1;0;0;0;0;0;1;0;0;"-3,76194900000";"-38,59471500000";mq_match
365527;18;12;2020;17:31;0;AV ALM HENRIQUE SABOIA;;;;;ColisÃ£o;Anoitecer;;;Meio de Quadra;;;0;1;1;1;0;0;0;0;0;1;0;0;;;
365528;18;12;2020;17:44;0;AV JOSE LEON;;;1117;;ColisÃ£o;Anoitecer;;;Meio de Quadra;;;0;1;1;1;0;0;0;0;0;1;0;0;"-3,78776200000";"-38,50203020000";mq_qgis
365529;18;12;2020;18:04;0;RD QUARTO ANEL VIARIO;;;2700;;Atropelamento;Anoitecer;;;Meio de Quadra;;;0;1;0;0;0;0;0;0;0;1;0;0;"-3,86475370000";"-38,51823220000";rod_match
365530;18;12;2020;18:04;0;AV ALM HENRIQUE SABOIA;;;;;ColisÃ£o;Anoitecer;;;Meio de Quadra;;;0;1;1;1;0;0;0;0;0;1;0;0;;;
365531;18;12;2020;18:18;0;RUA POMPILIO GOMES;;;1123;;ColisÃ£o;Anoitecer;;;Meio de Quadra;;;0;1;0;1;0;0;0;0;0;1;0;0;"-3,82559000000";"-38,52120000000";mq_gpsv
365533;18;12;2020;19:17;0;AV CASTELO DE CASTRO;;;527;;ColisÃ£o;;;;Meio de Quadra;;;0;1;1;1;0;0;0;0;0;1;0;0;"-3,83368900000";"-38,52158200000";mq_match
365534;18;12;2020;19:28;0;RUA EUDES CARDOSO;;;220;;ColisÃ£o;;;;Meio de Quadra;;;0;1;1;1;0;0;0;0;0;1;0;0;"-3,82563189000";"-38,49120420000";mq_qgis
365535;18;12;2020;19:59;0;RUA TIJUBANA;;;295;;Atropelamento;;;;Meio de Quadra;;;0;1;0;0;0;0;0;0;0;0;0;0;"-3,72075933000";"-38,53914400000";mq_qgis
365536;18;12;2020;20:23;0;AV PERIMETRAL;;;152;;ColisÃ£o;;;;Meio de Quadra;;;0;2;0;1;0;0;0;0;0;0;0;0;"-3,76017000000";"-38,58588000000";mq_gpsv
365537;18;12;2020;20:40;0;RUA CARLOS CAMARA;;;1465;;ColisÃ£o;;;;Meio de Quadra;;;0;1;1;1;0;0;0;0;0;1;0;0;"-3,74874508000";"-38,54462780000";mq_qgis
365538;18;12;2020;21:00;25996;RUA GERARDO BARROS TEIXEIRA;AV WASHINGTON SOARES;;;;Queda;;;;Cruz;Pare;Residencial;0;1;0;0;0;0;0;0;0;1;0;0;"-3,81973000000";"-38,48171000000";inter_gpsv
365539;18;12;2020;21:24;0;RUA NAPOLEAO QUEZADO;;;;;Atropelamento;;;;Meio de Quadra;;;0;1;0;0;0;0;0;0;0;0;0;0;;;
365540;18;12;2020;22:28;0;RUA PARANA;;;;;ColisÃ£o;;;;Meio de Quadra;;;0;1;1;1;0;0;0;0;0;1;0;0;;;
365151;18;12;2020;07:15;0;RD BR 116;;;2679;KM-06;ColisÃ£o Transversal;Luz do Dia;;;Meio de Quadra;;;0;2;0;0;0;1;0;0;0;1;0;0;"-3,80469100000";"-38,50305300000";rod_match
365152;19;12;2020;02:10;0;RD BR 116;;;14000;KM-14;Queda;;;;Meio de Quadra;;;0;1;0;0;0;0;0;0;0;1;0;0;"-3,87352300000";"-38,49924200000";rod_match
365117;19;12;2020;08:50;25697;RUA JOAO CORDEIRO;RUA ROCHA LIMA;;;;ColisÃ£o Lateral;Luz do Dia;Bom;Seca;Cruz;Pare;Comercial;0;0;2;1;0;0;0;0;0;1;0;0;"-3,73800000000";"-38,51727500000";inter_match
365118;19;12;2020;08:30;0;RUA VALMIR PONTES;;;;;ColisÃ£o Transversal;Luz do Dia;Bom;Seca;Meio de Quadra;Pare;Escola;0;1;1;1;0;0;0;0;0;1;0;0;;;
365119;19;12;2020;15:10;0;AV ALM HENRIQUE SABOIA;;;;;ColisÃ£o Traseira;Luz do Dia;;;Meio de Quadra;;;0;0;3;1;0;0;0;0;0;1;0;0;;;
365113;19;12;2020;12:30;26251;AV AMERICO BARREIRA;RUA CEARA;;;;ColisÃ£o Traseira;Luz do Dia;Bom;Seca;Cruz;Pare;Comercial;0;1;1;0;0;0;0;0;0;1;0;0;"-3,75996140000";"-38,56418790000";inter_match
365114;19;12;2020;04:00;5127;RUA GAL SAMPAIO;RUA SEN ALENCAR;;;;ColisÃ£o Transversal;Amanhecer;Bom;Seca;Cruz;SemÃ¡foro;Escola;0;0;2;1;0;0;0;0;0;0;0;0;"-3,72419200000";"-38,52998400000";inter_match
365115;19;12;2020;02:30;14981;AV GODOFREDO MACIEL;RUA HOLANDA;;;;Capotamento;Via Iluminada;Bom;Seca;T;NÃ£o HÃ¡ Controle;Comercial;0;0;1;0;0;0;0;0;0;0;0;0;"-3,79111300000";"-38,56707700000";inter_match
365541;19;12;2020;00:59;0;AV EDUARDO GIRAO;;;;;Queda;;;;Meio de Quadra;;;0;1;0;0;0;0;0;0;0;1;0;0;;;
365542;19;12;2020;01:58;0;RUA HOLANDA;;;33;;Tombamento;;;;Meio de Quadra;;;0;1;0;0;0;0;0;0;0;0;0;0;"-3,79111300000";"-38,56707700000";mq_qgis
365543;19;12;2020;02:10;0;RUA CAMBARA;;;893;;ColisÃ£o;;;;Meio de Quadra;;;0;2;0;0;0;0;0;0;0;0;0;0;"-3,78078000000";"-38,56320000000";mq_gpsv
365544;19;12;2020;04:08;0;AV CEL CARVALHO;;;1926;;Queda;;;;Meio de Quadra;;;0;2;0;0;0;0;0;0;0;1;0;0;"-3,71932000000";"-38,58755000000";mq_gpsv
365545;19;12;2020;04:31;0;RUA PDE PEDRO DE ALENCAR;;;1428;;ColisÃ£o;;;;Meio de Quadra;;;0;1;1;1;0;0;0;0;0;1;0;0;"-3,84064468900";"-38,49427566000";mq_match
365546;19;12;2020;04:36;0;AV JOAO PESSOA;;;7035;;Queda;;;;Meio de Quadra;;;0;1;0;0;0;0;0;0;0;1;0;0;"-3,77151073000";"-38,56156940000";mq_qgis
365547;19;12;2020;05:07;0;RUA PRO ALVARO COSTA;;;1191;;Queda;Amanhecer;;;Meio de Quadra;;;0;1;0;0;0;0;0;0;0;1;0;0;"-3,72729000000";"-38,47323000000";mq_gpsv
365548;19;12;2020;05:38;0;RUA AMADEU FURTADO;;;436;;ColisÃ£o;Amanhecer;;;Meio de Quadra;;;0;1;1;1;0;0;0;0;0;1;0;0;"-3,73935860000";"-38,56329060000";mq_match
365549;19;12;2020;07:01;0;RUA PERNAMBUCO;;;2101;;ColisÃ£o;Luz do Dia;;;Meio de Quadra;;;0;2;0;1;0;0;0;0;0;1;0;0;"-3,75455743000";"-38,57516660000";mq_qgis
365550;19;12;2020;07:18;0;RUA TEN ROMA;;;403;;Queda;Luz do Dia;;;Meio de Quadra;;;0;1;0;0;0;0;0;0;0;1;0;0;"-3,76772600000";"-38,51438700000";mq_qgis
365551;19;12;2020;07:27;0;RUA PROF GLAUCO LOBO;;;359;;Queda;Luz do Dia;;;Meio de Quadra;;;0;1;0;0;0;0;0;0;0;1;0;0;"-3,79514000000";"-38,48341000000";mq_gpsv
365552;19;12;2020;07:31;1258;RUA MON BRUNO;AV SANTOS DUMONT;;;;ColisÃ£o;Luz do Dia;;;Cruz;Pare;Comercial;0;1;1;1;0;0;0;0;0;1;0;0;"-3,73259500000";"-38,50950600000";inter_match
365553;19;12;2020;07:41;0;AV CEL CARVALHO;;;1996;;ColisÃ£o;Luz do Dia;;;Meio de Quadra;;;0;1;0;0;0;0;0;0;0;0;0;0;"-3,72026557000";"-38,58719880000";mq_qgis
365554;19;12;2020;07:53;0;AV AGUANAMBI;;;;;ColisÃ£o;Luz do Dia;;;Meio de Quadra;;;0;2;0;0;0;0;0;0;0;1;0;0;;;
365555;19;12;2020;08:31;19611;AV GODOFREDO MACIEL;RUA NEREU RAMOS;;;;ColisÃ£o;Luz do Dia;;;T;SemÃ¡foro;Comercial;0;1;1;1;0;0;0;0;0;1;0;0;"-3,78725000000";"-38,56680200000";inter_match
365567;19;12;2020;09:05;0;AV ENG SANTANA JUNIOR;;;;;ColisÃ£o;Luz do Dia;;;Meio de Quadra;;;0;1;1;1;0;0;0;0;0;1;0;0;;;
365568;19;12;2020;09:38;0;AV CARNEIRO DE MENDONCA;;;1256;;Atropelamento;Luz do Dia;;;Meio de Quadra;;;0;1;0;0;0;0;0;0;0;0;0;0;"-3,76237400000";"-38,57001100000";mq_match
365154;19;12;2020;09:20;0;RD BR 222;;;1000;KM-01;ColisÃ£o;Luz do Dia;;;Meio de Quadra;;;0;1;1;0;0;0;1;0;0;0;0;0;"-3,73769844400";"-38,57814693000";rod_match
365620;19;12;2020;12:52;0;AV MR HULL;;;4174;;ColisÃ£o;Luz do Dia;;;Meio de Quadra;;;0;1;1;1;0;0;0;0;0;1;0;0;"-3,73827100000";"-38,58206700000";mq_qgis
365621;19;12;2020;13:07;0;AV GOV LEONEL BRIZOLA;;;387;;ColisÃ£o;Luz do Dia;;;Meio de Quadra;;;0;1;1;1;0;0;0;0;0;1;0;0;;;
365622;19;12;2020;14:18;0;RUA 23 CJ POLAR;;;161;;Queda;Luz do Dia;;;Meio de Quadra;;;0;2;0;0;0;0;0;0;0;1;0;0;;;
365623;19;12;2020;14:22;0;RUA PRO GOMES BRASIL;;;129;;Queda;Luz do Dia;;;Meio de Quadra;;;0;1;0;0;0;0;0;0;0;1;0;0;"-3,77434020000";"-38,56723000000";mq_match
365624;19;12;2020;14:50;0;RUA SAO FIDELIS D71;;;1040;;ColisÃ£o;Luz do Dia;;;Meio de Quadra;;;0;1;0;0;0;0;0;0;0;0;0;0;;;
365648;19;12;2020;18:13;0;AV DR THEBERGE;;;2658;;Atropelamento;Anoitecer;;;Meio de Quadra;;;0;1;0;1;0;0;0;0;0;0;0;0;"-3,72573850000";"-38,56857700000";mq_qgis
365649;19;12;2020;18:18;0;RUA RUI MONTE;;;1220;;ColisÃ£o;Anoitecer;;;Meio de Quadra;;;0;1;0;0;0;0;0;0;0;0;0;0;"-3,74878000000";"-38,58491000000";mq_match
365570;19;12;2020;09:49;0;RUA BERNARDO MANUEL;;;1000;;Queda;Luz do Dia;;;Meio de Quadra;;;0;1;0;0;0;0;0;0;0;1;0;0;"-3,78014589700";"-38,54577730100";mq_match
365579;19;12;2020;10:18;0;AV SGT HERMINIO SAMPAIO;;;2680;;ColisÃ£o;Luz do Dia;;;Meio de Quadra;;;0;1;1;1;0;0;0;0;0;1;0;0;"-3,72706933000";"-38,56443910000";mq_qgis
365581;19;12;2020;11:07;10408;AV GENIBAU;RUA HUMAITA D73;;;;ColisÃ£o;Luz do Dia;;;Cruz;Pare;Comercial;0;1;1;1;0;0;0;0;0;1;0;0;"-3,76065200000";"-38,60061300000";inter_match
365582;19;12;2020;11:10;0;AV DIOGUINHO;;;;;ColisÃ£o;Luz do Dia;;;Meio de Quadra;;;0;1;1;0;0;0;0;0;0;1;0;0;;;
365584;19;12;2020;11:24;1649;RUA CEL JUCA;RUA GAL TERTULIANO POTYGUARA;;;;ColisÃ£o;Luz do Dia;;;Cruz;Pare;Comercial;0;1;1;0;0;0;1;0;0;1;0;0;"-3,74532500000";"-38,49376600000";inter_match
365587;19;12;2020;11:32;13930;RUA HONORIO VIEIRA;RUA KASEL;;;;ColisÃ£o;Luz do Dia;;;;;;0;1;1;1;0;0;0;0;0;1;0;0;"-3,78628000000";"-38,48641000000";inter_gpsv
365597;19;12;2020;12:30;0;RUA BETEL;;;;;Queda;Luz do Dia;;;Meio de Quadra;;;0;1;0;0;0;0;0;0;0;1;0;0;;;
365591;19;12;2020;12:15;22157;RUA MON FURTADO;RUA DELMIRO FARIAS;;;;ColisÃ£o;Luz do Dia;;;Cruz;NÃ£o HÃ¡ Controle;Comercial;0;1;1;1;0;1;0;0;0;0;0;0;"-3,74754400000";"-38,55055000000";inter_match
365606;19;12;2020;12:30;0;AV JOSE BASTOS;;;5522;;ColisÃ£o;Luz do Dia;;;Meio de Quadra;;;0;1;1;1;0;0;0;0;0;1;0;0;"-3,76011523000";"-38,56418260000";mq_qgis
365609;19;12;2020;12:45;0;AV MAE LISBOA;;;;;ColisÃ£o;Luz do Dia;;;Meio de Quadra;;;0;2;0;0;0;0;0;0;0;1;0;0;;;
365696;19;12;2020;21:38;0;AV PERIMETRAL;;;1270;;Atropelamento;;;;Meio de Quadra;;;0;1;0;1;0;0;0;0;0;0;0;0;"-3,76017000000";"-38,58588000000";mq_gpsv
365697;19;12;2020;22:23;0;RUA FRANCISCO GLICERIO;;;937;;ColisÃ£o;;;;Meio de Quadra;;;0;2;0;1;0;0;0;0;0;1;0;0;"-3,79543900000";"-38,57150300000";mq_qgis
365698;19;12;2020;23:08;0;RUA WALDEMAR ALCANTARA;;;1742;;Queda;;;;Meio de Quadra;;;0;2;0;0;0;0;0;0;0;1;0;0;"-3,79794000000";"-38,46175000000";mq_gpsv
365699;19;12;2020;23:25;0;RUA EVILASIO A MIRANDA;;;218;;Queda;;;;Meio de Quadra;;;0;1;0;0;0;0;0;0;0;1;0;0;"-3,79196760000";"-38,46748380000";mq_qgis
365700;19;12;2020;23:44;0;RUA AVILA GOULART;;;;;Queda;;;;Meio de Quadra;;;0;1;0;0;0;1;0;0;0;0;0;0;;;
365635;19;12;2020;17:43;0;RUA 26 BATALHAO;;;511;;Atropelamento;Anoitecer;;;Meio de Quadra;;;0;1;0;0;1;0;0;0;0;0;0;0;"-3,81261000000";"-38,57036000000";mq_gpsv
365636;19;12;2020;17:44;0;RUA BERNARDO MANUEL;;;;;ColisÃ£o;Anoitecer;;;Meio de Quadra;;;0;1;1;1;0;0;0;0;0;1;0;0;;;
365666;19;12;2020;18:21;0;AV CASTELO DE CASTRO;;;;;Atropelamento;Anoitecer;;;Meio de Quadra;;;0;1;0;0;0;0;0;0;0;0;0;0;;;
365667;19;12;2020;18:35;0;RUA TARCISIO PEIXOTO;;;;;ColisÃ£o;;;;Meio de Quadra;;;0;1;1;0;0;0;0;0;0;1;0;0;;;
365668;19;12;2020;18:43;0;RUA HIPOLITO PAMPLONA;;;341;;ColisÃ£o;;;;Meio de Quadra;;;0;1;1;1;0;1;0;0;0;0;0;0;"-3,74474583000";"-38,59615740000";mq_qgis
365669;19;12;2020;18:46;0;AV BENJAMIM BRASIL;;;559;;Queda;;;;Meio de Quadra;;;0;2;0;0;0;0;0;0;0;1;0;0;"-3,80431217200";"-38,56863942500";mq_match
365670;19;12;2020;18:50;7409;RUA AUDISIO PINHEIRO;RUA PRO PAULO LOPES;;;;ColisÃ£o;;;;Cruz;Pare;Residencial;0;1;1;1;0;0;0;0;0;1;0;0;"-3,75563400000";"-38,58731900000";inter_match
365671;19;12;2020;19:13;0;RUA TARCISIO PEIXOTO;;;;;ColisÃ£o;;;;Meio de Quadra;;;0;1;1;0;0;0;0;0;0;1;0;0;;;
365672;19;12;2020;19:44;0;RUA MARIA GOMES DE SA;;;1670;;ColisÃ£o;;;;Meio de Quadra;;;0;2;0;1;0;0;0;0;0;1;0;0;"-3,82319100000";"-38,58417600000";mq_match
365673;19;12;2020;19:50;0;AV 13 DE MAIO;;;1820;;Atropelamento;;;;Meio de Quadra;;;0;1;0;1;0;0;0;0;0;0;0;0;"-3,74535832700";"-38,53398038000";mq_match
365674;19;12;2020;20:24;0;RUA SALGADO FILHO;;;734;;ColisÃ£o;;;;Meio de Quadra;;;0;1;1;1;0;0;0;0;0;1;0;0;"-3,74367250000";"-38,59484250000";mq_match
365675;19;12;2020;20:28;55;RUA CEL JOAQUIM FRANKLIN;RUA SALGADO FILHO;;;;ColisÃ£o;;;;Cruz;Pare;Residencial;0;1;1;1;0;0;0;0;0;1;0;0;"-3,74348600000";"-38,59486800000";inter_match
365676;19;12;2020;21:02;0;RUA NOSSA SRA DE FATIMA;;;;;ColisÃ£o;;;;Meio de Quadra;;;0;2;0;0;0;0;0;0;0;1;0;0;;;
365677;19;12;2020;21:15;0;AV GAL MURILO BORGES;;;75;;ColisÃ£o;;;;Meio de Quadra;;;0;1;1;1;0;0;0;0;0;1;0;0;"-3,72262000000";"-38,59843000000";mq_match
365678;19;12;2020;21:17;0;RUA FRE ODILON;;;401;;Queda;;;;Meio de Quadra;;;0;1;0;0;0;0;0;0;0;1;0;0;"-3,72341000000";"-38,57176000000";mq_gpsv
365629;19;12;2020;14:56;0;RUA CON DE CASTRO;;;7132;;ColisÃ£o;Luz do Dia;;;Meio de Quadra;;;0;1;0;0;0;0;0;0;0;0;0;0;"-3,81727974000";"-38,60076540000";mq_qgis
365632;19;12;2020;15:04;10726;RUA PRO HERIBALDO COSTA;RUA CURITIBA;;;;ColisÃ£o;Luz do Dia;;;Cruz;Pare;Comercial;0;1;1;1;0;0;0;0;0;1;0;0;"-3,75999200000";"-38,58385300000";inter_match
364961;19;12;2020;02:25;0;RUA TORRES CAMARA;;;;;ColisÃ£o;Via Iluminada;Bom;Seca;Meio de Quadra;SemÃ¡foro;Residencial;0;2;0;1;0;0;0;0;0;0;0;0;;;
364962;19;12;2020;15:09;0;AV EDUARDO GIRAO;;;515;;ColisÃ£o;Luz do Dia;;;Meio de Quadra;;;0;0;2;1;0;0;0;0;0;0;0;0;"-3,75615000000";"-38,52902000000";mq_gpsv
364963;19;12;2020;20:10;271;AV JOVITA FEITOSA;RUA AMADEU FURTADO;;;;ColisÃ£o Transversal;Anoitecer;Bom;Seca;Cruz;SemÃ¡foro;Comercial;0;1;1;0;0;0;0;0;0;1;0;0;"-3,74117300000";"-38,56291500000";inter_match
364964;19;12;2020;22:35;55;RUA CEL JOAQUIM FRANKLIN;RUA SALGADO FILHO;;;;ColisÃ£o;Anoitecer;Bom;Seca;Cruz;Pare;Residencial;0;1;2;1;0;0;0;0;0;1;0;0;"-3,74348600000";"-38,59486800000";inter_match
364965;19;12;2020;20:50;0;AV SGT HERMINIO SAMPAIO;;;;;ColisÃ£o Lateral;;;;Meio de Quadra;;;0;0;2;1;0;0;1;0;0;0;0;0;;;
364966;19;12;2020;09:20;26191;AV MAJ ASSIS;RUA 43 CJ DOS BANCARIOS;;;;ColisÃ£o;Luz do Dia;Bom;Molhada;T;Pare;Residencial;0;1;1;1;0;0;0;0;0;1;0;0;"-3,72036900000";"-38,60123300000";inter_match
365096;19;12;2020;06:00;0;AV DOS EXPEDICIONARIOS;;;4508;;Capotamento;Luz do Dia;Bom;Seca;Meio de Quadra;NÃ£o HÃ¡ Controle;Residencial;0;0;2;1;0;0;0;0;0;0;0;0;"-3,75800233000";"-38,53908830000";mq_qgis
365097;19;12;2020;09:20;0;AV ENG SANTANA JUNIOR;;;2400;;ColisÃ£o Lateral;Luz do Dia;Bom;Seca;Meio de Quadra;NÃ£o HÃ¡ Controle;Residencial;0;1;1;1;0;0;0;0;0;1;0;0;"-3,74331200000";"-38,48726900000";mq_qgis
365098;19;12;2020;16:31;0;RUA EMILIO DE MENESES;;;1348;;ColisÃ£o Traseira;Luz do Dia;Bom;Seca;Meio de Quadra;;Residencial;0;0;2;1;0;0;0;0;0;0;0;0;"-3,77998000000";"-38,59352000000";mq_gpsv
365099;19;12;2020;17:30;0;RUA MIRTES CORDEIRO;;;1122;;Choque c/ ObstÃ¡culo Fixo;Anoitecer;Bom;Seca;Meio de Quadra;NÃ£o HÃ¡ Controle;Residencial;0;0;1;0;0;0;0;0;0;0;0;0;"-3,78831000000";"-38,60131000000";mq_gpsv