COD_ACIDENTE;DIA;MES;ANO;HORA;INTERSECAO;LOG1;LOG2;LOG3;NUMERO;REFERENCIA;NATUREZA;ILUMINACAO;TEMPO;SUPERFICIEPISTA;TIPOCRUZAMENTO;CONTROLETRAFEGO;USOSOLO;MORTOS;FERIDOS;ILESOS;AUTOMOVEL;ONIBUS;BICICLETA;CAMINHAO;MICROONIBUS;CICLOMOTOR;MOTOCICLETA;TRACAOANIMAL;TREM;LATITUDE;LONGITUDE;METODO
365100;19;12;2020;15:20;6721;AV ENG SANTANA JUNIOR;RUA BENTO ALBUQUERQUE;;;;ColisÃ£o Traseira;Luz do Dia;Bom;Seca;Meio de Quadra;SemÃ¡foro;Comercial;0;1;1;0;0;0;0;0;0;1;0;0;"-3,74267800000";"-38,48653800000";inter_match
365101;19;12;2020;03:00;0;RUA BELGICA;;;893;;Choque c/ ObstÃ¡culo Fixo;Via Iluminada;Bom;Seca;Meio de Quadra;NÃ£o HÃ¡ Controle;Residencial;0;0;1;1;0;0;0;0;0;0;0;0;"-3,78964000000";"-38,56586000000";mq_gpsv
365102;19;12;2020;13:40;5161;RUA SEN ALENCAR;RUA MAJ FACUNDO;;;;ColisÃ£o Transversal;Luz do Dia;Bom;Seca;Cruz;Pare;Comercial;0;2;1;1;0;0;0;0;0;1;0;0;"-3,72511400000";"-38,52703300000";inter_match
364666;19;12;2020;01:10;0;AV MIN JOSE AMERICO;;;1000;;ColisÃ£o;;;;Meio de Quadra;;;0;0;2;1;0;0;0;1;0;0;0;0;"-3,80909860000";"-38,49120850000";mq_match
364664;19;12;2020;18:30;0;RD CE-040;;;;KM-03;ColisÃ£o;Anoitecer;;;Meio de Quadra;;;0;0;2;1;0;0;0;0;0;0;0;0;"-3,78261432500";"-38,48108390000";rod_match
364106;19;12;2020;20:47;7710;AV CARNEIRO DE MENDONCA;RUA PEDRO MUNIZ;;;;ColisÃ£o Transversal;Luz do Dia;Bom;Seca;Cruz;SemÃ¡foro;Comercial;1;0;1;0;0;0;1;0;0;1;0;0;"-3,76562700000";"-38,56364600000";inter_match
364108;20;12;2020;20:45;0;AV ABOLICAO;;;3450;;Atropelamento;Via Iluminada;Bom;Seca;Meio de Quadra;Outros;Comercial;1;0;1;1;0;0;0;0;0;0;0;0;"-3,72625800000";"-38,48867100000";mq_match
364109;20;12;2020;00:47;0;AV JOSE BASTOS;;;4999;;Choque c/ ObstÃ¡culo Fixo;;;;Meio de Quadra;;;2;0;0;0;0;0;0;0;0;1;0;0;"-3,75738753100";"-38,56083817000";mq_match
364125;20;12;2020;22:40;0;RUA 212 CJ SAO CRISTOVAO;;;;;Choque c/ ObstÃ¡culo Fixo;;;;Meio de Quadra;;;1;0;0;0;0;0;0;0;0;1;0;0;"-3,81808000000";"-38,59065000000";fat_match
364662;20;12;2020;19:30;0;RD CE-040;;;;KM-04;ColisÃ£o;;;;Meio de Quadra;;;0;0;2;1;0;0;0;0;0;0;0;0;"-3,79161315600";"-38,48033084000";rod_match
364663;20;12;2020;18:30;0;RD CE-040;;;;KM-04;ColisÃ£o;Anoitecer;;;Meio de Quadra;;;0;0;3;1;0;0;0;0;0;0;0;0;"-3,79161315600";"-38,48033084000";rod_match
364967;20;12;2020;16:00;0;RUA BAR ARATANHA;;;;;ColisÃ£o;Luz do Dia;;;Meio de Quadra;;;0;0;3;1;0;0;0;0;0;1;0;0;;;
364968;20;12;2020;11:45;0;AV GAL OSORIO DE PAIVA;;;2995;;ColisÃ£o;Luz do Dia;Bom;Seca;Meio de Quadra;SemÃ¡foro;Comercial;0;0;3;1;0;0;0;0;0;1;0;0;"-3,78940700000";"-38,58717700000";mq_match
364969;20;12;2020;14:25;1250;AV BAR STUDART;RUA COSTA BARROS;;;;ColisÃ£o;Luz do Dia;;;Cruz;SemÃ¡foro;Comercial;0;0;2;1;0;0;0;0;0;1;0;0;"-3,73223100000";"-38,50583700000";inter_match
364970;20;12;2020;17:00;0;AV BEZERRA DE MENEZES;;;2034;;ColisÃ£o;Anoitecer;Bom;Seca;Meio de Quadra;SemÃ¡foro;Comercial;0;0;3;1;0;0;0;0;0;0;0;0;"-3,73535700000";"-38,56299100000";mq_match
364971;20;12;2020;02:40;10963;RUA 15 DE NOVEMBRO;RUA ANTONIO FIUZA;;;;ColisÃ£o;Via Iluminada;Bom;Seca;Cruz;NÃ£o HÃ¡ Controle;Residencial;0;1;1;1;0;0;0;0;0;1;0;0;"-3,77025200000";"-38,55222800000";inter_match
364972;20;12;2020;20:35;0;RUA CHICO MENDES;;;;;ColisÃ£o;;;;Meio de Quadra;;;0;0;2;1;0;0;1;0;0;0;0;0;;;
365714;20;12;2020;08:18;0;AV JOVITA FEITOSA;;;985;;Queda;Luz do Dia;;;Meio de Quadra;;;0;1;0;0;0;0;0;0;0;1;0;0;"-3,73894500000";"-38,55193200000";mq_match
365715;20;12;2020;09:40;0;AV BEIRA MAR;;;4050;;Atropelamento;Luz do Dia;;;Meio de Quadra;;;0;1;0;1;0;0;0;0;0;0;0;0;"-3,72328150100";"-38,48576100000";mq_match
365716;20;12;2020;09:41;0;AV GAL OSORIO DE PAIVA;;;;;ColisÃ£o;Luz do Dia;;;Meio de Quadra;;;0;1;1;1;0;0;0;0;0;1;0;0;;;
365717;20;12;2020;11:09;0;RUA STA ROSA D20/21 (JACARECANGA);;;;;ColisÃ£o;Luz do Dia;;;Meio de Quadra;;;0;1;0;0;0;0;0;0;0;0;0;0;;;
365701;20;12;2020;00:40;0;AV PERIMETRAL;;;3475;;ColisÃ£o;;;;Meio de Quadra;;;0;1;1;1;0;0;0;0;0;1;0;0;"-3,82916660000";"-38,52805550000";mq_match
365702;20;12;2020;01:01;0;RUA CHILE;;;290;;ColisÃ£o;;;;Meio de Quadra;;;0;1;0;0;0;0;0;0;0;0;0;0;"-3,74617800000";"-38,56527600000";mq_match
365703;20;12;2020;01:13;0;AV DES GONZAGA;;;496;;ColisÃ£o;;;;Meio de Quadra;;;0;1;1;1;0;0;0;0;0;1;0;0;"-3,79104250000";"-38,50273650000";mq_qgis
365704;20;12;2020;02:36;0;AV GAL OSORIO DE PAIVA;;;2982;;Queda;;;;Meio de Quadra;;;0;1;0;0;0;0;0;0;0;1;0;0;"-3,78925600000";"-38,58702800000";mq_match
365705;20;12;2020;05:08;0;RUA EMILIO DE MENESES;;;2880;;ColisÃ£o;Amanhecer;;;Meio de Quadra;;;0;3;0;0;0;0;0;0;0;1;0;0;"-3,77642500000";"-38,60628300000";mq_qgis
365706;20;12;2020;05:20;0;RUA BERNARDO MANUEL;;;;;Queda;Amanhecer;;;Meio de Quadra;;;0;2;0;0;0;1;0;0;0;0;0;0;;;
365707;20;12;2020;06:11;12496;AV CARNEIRO DE MENDONCA;AV LINEU MACHADO;;;;Queda;Luz do Dia;;;Meio de Quadra;SemÃ¡foro;Comercial;0;1;0;0;0;0;0;0;0;1;0;0;"-3,76040300000";"-38,57402100000";inter_match
365708;20;12;2020;06:13;6584;AV H CJ CEARA;AV J CJ CEARA;;;;ColisÃ£o;Luz do Dia;;;Cruz;Outros;Residencial;0;1;1;0;0;0;0;0;0;1;0;0;"-3,77709200000";"-38,62154300000";inter_match
365832;20;12;2020;18:14;0;AV VILA DO MAR;;;;;Queda;Anoitecer;;;Meio de Quadra;;;0;1;0;0;0;0;0;0;0;1;0;0;;;
365833;20;12;2020;18:55;0;RUA VALPARAISO;;;495;;Tombamento;;;;Meio de Quadra;;;0;1;0;0;0;0;0;0;0;0;0;0;"-3,84488699000";"-38,52492290000";mq_qgis
365834;20;12;2020;19:05;0;RUA BERNARDO MANUEL;;;13440;;Queda;;;;Meio de Quadra;;;0;1;0;0;0;0;0;0;0;1;0;0;"-3,83485900000";"-38,56237200000";mq_match
365836;20;12;2020;21:09;0;RUA ANTONIO NERY;;;769;;Atropelamento;;;;Meio de Quadra;;;0;1;0;0;0;0;0;0;0;1;0;0;"-3,77976445000";"-38,60064710000";mq_match
365837;20;12;2020;21:15;18108;AV DIOGUINHO;AV SANTOS DUMONT;;;;Queda;;;;Outros;SemÃ¡foro;Lazer;0;1;0;0;0;0;0;0;0;1;0;0;"-3,74702900000";"-38,45042500000";inter_match
365838;20;12;2020;22:37;0;RUA BOLEVAR;;;;;ColisÃ£o;;;;;;;0;1;1;1;0;0;0;0;0;1;0;0;;;
365839;20;12;2020;22:46;0;RUA AFONSO LOPES;;;925;;ColisÃ£o;;;;Meio de Quadra;;;0;1;0;1;0;0;0;0;0;1;0;0;"-3,79568900000";"-38,54901000000";mq_qgis
365840;20;12;2020;22:54;0;RUA SAO JOAO D20;;;762;;ColisÃ£o;;;;Meio de Quadra;;;0;2;0;1;0;0;0;0;0;1;0;0;"-3,77164600000";"-38,59569200000";mq_gpsv
365841;20;12;2020;22:57;0;RUA JOAO FRANCA (PQ. 2 IRMÃƒOS);;;147;;ColisÃ£o;;;;Meio de Quadra;;;0;1;1;1;0;0;0;0;0;1;0;0;"-3,79586000000";"-38,54907000000";mq_gpsv
365842;20;12;2020;23:26;0;RUA CEL FABRICIANO;;;2682;;Atropelamento;;;;Meio de Quadra;;;0;1;0;1;0;0;0;0;0;0;0;0;"-3,78130000000";"-38,61303000000";mq_gpsv
365719;20;12;2020;12:14;0;RUA DOIS;;;630;;ColisÃ£o;Luz do Dia;;;Meio de Quadra;;;0;1;1;0;0;0;0;0;0;1;0;0;;;
365720;20;12;2020;13:21;1250;AV BAR STUDART;RUA COSTA BARROS;;;;ColisÃ£o;Luz do Dia;;;Cruz;SemÃ¡foro;Comercial;0;1;1;1;0;0;0;0;0;1;0;0;"-3,73223100000";"-38,50583700000";inter_match
365721;20;12;2020;14:58;0;AV JOR THOMAZ COELHO;;;2248;;Queda;Luz do Dia;;;Meio de Quadra;;;0;2;0;0;0;0;0;0;0;1;0;0;"-3,82796065000";"-38,51528160000";mq_qgis
365722;20;12;2020;15:11;0;AV BEZERRA DE MENEZES;;;2034;;ColisÃ£o;Luz do Dia;;;Meio de Quadra;;;0;1;1;1;0;0;0;0;0;0;0;0;"-3,73535700000";"-38,56299100000";mq_match
365723;20;12;2020;16:01;0;AV GAL MURILO BORGES;;;;;Queda;Luz do Dia;;;Meio de Quadra;;;0;2;0;0;0;0;0;0;0;1;0;0;;;
365724;20;12;2020;16:41;0;AV COS GOMES DE FREITAS (SAPIRANGA/COITE);;;;;Queda;Luz do Dia;;;Meio de Quadra;;;0;1;0;0;0;0;0;0;0;1;0;0;;;
365725;20;12;2020;17:42;0;AV PRS CASTELO BRANCO;;;;;ColisÃ£o;Anoitecer;;;Meio de Quadra;;;0;1;1;1;0;1;0;0;0;0;0;0;;;
365726;20;12;2020;17:47;22281;RUA LERIA DE ANDRADE;RUA PDE ANCHIETA;;;;ColisÃ£o;Anoitecer;;;Cruz;Pare;Residencial;0;1;1;1;0;0;0;0;0;1;0;0;"-3,72931000000";"-38,55183000000";inter_gpsv
365727;20;12;2020;18:07;0;RUA ANTONIO NERY;;;770;;Atropelamento;Anoitecer;;;Meio de Quadra;;;0;1;0;0;0;0;0;0;0;1;0;0;"-3,77992800000";"-38,60069100000";mq_match
365156;20;12;2020;13:15;0;RD BR 222;;;1600;KM-01;Engavetamento;Luz do Dia;;;Meio de Quadra;;;0;1;2;1;0;0;0;0;0;1;0;0;"-3,73769844400";"-38,57814693000";rod_match
365158;20;12;2020;12:30;0;RD BR 020;;;;KM 426;Engavetamento;Luz do Dia;;;Meio de Quadra;;;0;1;3;1;0;0;1;0;0;1;0;0;"-3,86300000000";"-38,52400000000";rod_match
365120;20;12;2020;20:00;0;AV PRO GOMES DE MATOS;;;10;;ColisÃ£o Lateral;Anoitecer;Bom;Seca;Meio de Quadra;Outros;Residencial;0;1;1;0;0;0;0;0;0;1;0;0;"-3,75461200000";"-38,54000700000";mq_match
365136;20;12;2020;00:50;3180;RUA VITAL BRASIL;RUA TAMIARANA;;;;ColisÃ£o Transversal;Via Iluminada;Bom;Seca;T;Pare;Residencial;0;0;2;1;0;0;0;0;0;0;0;0;"-3,77908000000";"-38,59422000000";inter_gpsv
365137;20;12;2020;07:10;17428;RUA ALBERTO MAGNO;RUA CESAR ROSSAS;;;;ColisÃ£o Transversal;Luz do Dia;Nublado;;Cruz;SemÃ¡foro;Comercial;0;2;0;0;0;0;0;0;0;1;0;0;"-3,76856100000";"-38,55268600000";inter_match
365138;20;12;2020;;0;AV N CJ JOSE WALTER;;;495;;Capotamento;Via Iluminada;Bom;Seca;Meio de Quadra;Outros;Residencial;0;0;2;1;0;0;0;0;0;0;0;0;;;
365139;20;12;2020;18:30;21604;RUA DOM XISTO ALBANO;RUA DARCY VARGAS;;;;ColisÃ£o Transversal;Anoitecer;Bom;Seca;Cruz;Pare;Residencial;0;3;0;0;0;0;0;0;0;1;0;0;"-3,79820600000";"-38,58661800000";inter_match
365140;21;12;2020;02:30;0;RUA JOSE BORBA VASCONCELOS;;;440;;ColisÃ£o Frontal;Via Iluminada;Bom;Seca;Meio de Quadra;;Residencial;0;0;2;0;0;0;1;0;0;0;0;0;"-3,74604000000";"-38,47192000000";mq_gpsv
365141;21;12;2020;14:20;0;RUA ANDRE REBOUCAS;;;189;;ColisÃ£o Lateral;Luz do Dia;Bom;Seca;Outros;;Residencial;0;1;1;1;0;0;0;0;0;1;0;0;"-3,77505800000";"-38,59004800000";mq_qgis
365142;21;12;2020;21:45;0;RUA RIO GRANDE DO SUL;;;885;;ColisÃ£o Traseira;Mal Iluminada;Bom;Seca;Meio de Quadra;NÃ£o HÃ¡ Controle;Residencial;0;0;2;1;0;0;0;0;0;0;0;0;"-3,75666123000";"-38,56630050000";mq_qgis
365143;21;12;2020;15:50;0;AV PRS CASTELO BRANCO;;;1223;;ColisÃ£o Traseira;Luz do Dia;Bom;Seca;Meio de Quadra;SemÃ¡foro;Comercial;0;0;3;1;1;0;0;0;0;0;0;0;"-3,71817900000";"-38,53527700000";mq_match
365144;21;12;2020;18:30;0;AV AGUANAMBI;;;889;;ColisÃ£o Lateral;Anoitecer;Bom;Seca;Meio de Quadra;SemÃ¡foro;Comercial;0;0;2;1;0;0;0;0;0;0;0;0;"-3,74448667000";"-38,52555820000";mq_qgis
365153;21;12;2020;10:50;22162;AV JOSE BASTOS;RUA PORFIRIO SAMPAIO;;;;ColisÃ£o Transversal;Luz do Dia;Bom;Seca;T;SemÃ¡foro;Comercial;0;2;0;1;0;0;0;0;0;1;0;0;"-3,74585100000";"-38,54627100000";inter_match
365148;21;12;2020;08:00;0;AV DEP PAULINO ROCHA;;;1285;;ColisÃ£o Transversal;Luz do Dia;Chuva;Molhada;Meio de Quadra;SemÃ¡foro;Comercial;0;2;0;1;0;0;0;0;0;1;0;0;"-3,80786842500";"-38,50850024000";mq_match
365159;21;12;2020;10:00;16039;RUA CEL TIBURCIO;AV PRS COSTA E SILVA;;;;ColisÃ£o Lateral;Luz do Dia;Bom;Seca;Cruz;SemÃ¡foro;Comercial;0;0;2;1;0;0;1;0;0;0;0;0;"-3,81216700000";"-38,57370300000";inter_match
365157;21;12;2020;09:30;11339;AV GODOFREDO MACIEL;AV BENJAMIM BRASIL;;;;ColisÃ£o Traseira;Luz do Dia;Bom;Seca;Cruz;SemÃ¡foro;Residencial;0;0;4;1;0;0;0;0;0;1;0;0;"-3,80326400000";"-38,57204000000";inter_match
365155;21;12;2020;06:10;0;AV DUQ CAXIAS;;;240;;Atropelamento;Luz do Dia;Chuva;Molhada;Meio de Quadra;NÃ£o HÃ¡ Controle;Comercial;0;2;0;0;0;0;0;0;0;1;0;0;"-3,73254000000";"-38,52828000000";mq_gpsv
365176;21;12;2020;22:40;0;RD BR 116;;;6000;KM-06;ColisÃ£o Lateral;;;;Meio de Quadra;;;0;1;1;1;0;0;0;0;0;0;0;0;"-3,80469100000";"-38,50305300000";rod_match
365843;21;12;2020;03:32;0;RUA CON DE CASTRO;;;1620;;Atropelamento;;;;Meio de Quadra;;;0;1;0;1;0;0;0;0;0;0;0;0;"-3,78571550000";"-38,57408950000";mq_match
365844;21;12;2020;04:05;0;RUA PAU BRASIL;;;387;;Queda;;;;Meio de Quadra;;;0;1;0;0;0;0;0;0;0;1;0;0;"-3,77835000000";"-38,57410000000";mq_gpsv
365845;21;12;2020;05:49;0;AV WASHINGTON SOARES;;;1460;;Queda;Amanhecer;;;Meio de Quadra;;;0;1;0;0;0;0;0;0;0;1;0;0;"-3,77230998000";"-38,48195200000";mq_qgis
365846;21;12;2020;05:59;0;AV DUQ CAXIAS;;;;;Atropelamento;Amanhecer;;;Meio de Quadra;;;0;1;0;0;0;0;0;0;0;1;0;0;;;
365847;21;12;2020;06:25;0;AV CARNEIRO DE MENDONCA;;;426;;Queda;Luz do Dia;;;Meio de Quadra;;;0;1;0;0;0;0;0;0;0;1;0;0;"-3,76585900000";"-38,56308300000";mq_match
365848;21;12;2020;06:47;0;RD BR 116;;;5360;;Queda;Luz do Dia;;;Meio de Quadra;;;0;2;0;0;0;0;0;0;0;1;0;0;"-3,79650200000";"-38,50678700000";rod_match
365861;21;12;2020;08:05;0;AV 13 DE MAIO;;;3281;;Queda;Luz do Dia;;;Meio de Quadra;;;0;1;0;0;0;0;0;0;0;1;0;0;"-3,73728200000";"-38,54369400000";mq_match
365862;21;12;2020;08:05;0;RUA M ESPLANADA CASTELAO;;;100;;Queda;Luz do Dia;;;Meio de Quadra;;;0;2;0;0;0;1;0;0;0;0;0;0;"-3,80984413000";"-38,51734970000";mq_qgis
365863;21;12;2020;08:06;7713;RUA URSULA GARCIA;AV CARNEIRO DE MENDONCA;;;;ColisÃ£o;Luz do Dia;;;T;Pare;Comercial;0;1;1;1;0;0;0;0;0;1;0;0;"-3,76616900000";"-38,56234600000";inter_match
365864;21;12;2020;08:12;17311;RUA ROMEU MARTINS;RUA JOAO FIRMINO;;;;ColisÃ£o;Luz do Dia;;;Cruz;Pare;Residencial;0;1;1;1;0;0;0;0;0;1;0;0;"-3,76427400000";"-38,55558200000";inter_match
365865;21;12;2020;08:28;0;RUA BAR AQUIRAZ;;;637;;ColisÃ£o;Luz do Dia;;;Meio de Quadra;;;0;1;1;1;0;0;0;0;0;1;0;0;"-3,83482633000";"-38,48947430000";mq_qgis
365866;21;12;2020;08:53;0;AV MON TABOSA;;;633;;ColisÃ£o;Luz do Dia;;;Meio de Quadra;;;0;1;0;1;0;0;0;0;0;1;0;0;"-3,72392361000";"-38,51381060000";mq_qgis
365867;21;12;2020;09:07;0;RUA PRO COSTA MENDES;;;;;Atropelamento;Luz do Dia;;;Meio de Quadra;;;0;1;0;1;0;0;0;0;0;0;0;0;;;
365868;21;12;2020;11:11;0;AV PERIMETRAL;;;;;Queda;Luz do Dia;;;Meio de Quadra;;;0;1;0;0;0;0;0;0;0;1;0;0;;;
365869;21;12;2020;11:51;0;AV PRS JUSCELINO KUBITSCHEK (PASSARÃ‰);;;3635;;ColisÃ£o;Luz do Dia;;;Meio de Quadra;;;0;1;1;1;0;0;0;0;0;1;0;0;"-3,81404000000";"-38,52985000000";mq_gpsv
365870;21;12;2020;13:02;0;RUA PDE PEDRO DE ALENCAR;;;2300;;ColisÃ£o;Luz do Dia;;;Meio de Quadra;;;0;2;0;0;0;0;0;0;0;0;0;0;"-3,84856840000";"-38,49505600000";mq_match
365871;21;12;2020;13:11;0;AV SEN FERNANDES TAVORA;;;;;ColisÃ£o;Luz do Dia;;;Meio de Quadra;;;0;1;0;0;0;0;0;0;0;0;0;0;;;
365872;21;12;2020;13:35;0;AV RUI BARBOSA;;;;;Queda;Luz do Dia;;;Meio de Quadra;;;0;1;0;0;0;0;0;0;0;1;0;0;;;
365873;21;12;2020;13:57;0;RUA PDE PERDIGAO SAMPAIO;;;241;;ColisÃ£o;Luz do Dia;;;Meio de Quadra;;;0;1;1;1;0;0;0;0;0;1;0;0;"-3,73756033000";"-38,59499500000";mq_qgis
365874;21;12;2020;14:18;0;RUA MIGUEL GURGEL;;;;;Queda;Luz do Dia;;;Meio de Quadra;;;0;1;0;0;0;0;0;0;0;1;0;0;;;
365875;21;12;2020;14:42;1716;AV GOV RAUL BARBOSA;RUA CAP ARAGAO;;;;ColisÃ£o;Luz do Dia;;;;;;0;1;1;1;0;0;0;0;0;1;0;0;"-3,76397700000";"-38,50880200000";inter_match
365876;21;12;2020;15:17;0;RUA JULIO SILVA;;;;;ColisÃ£o;Luz do Dia;;;Meio de Quadra;;;0;1;0;0;0;0;0;0;0;0;0;0;;;
365877;21;12;2020;16:29;0;AV GAL OSORIO DE PAIVA;;;4455;;ColisÃ£o;Luz do Dia;;;Meio de Quadra;;;0;1;1;0;0;0;1;0;0;1;0;0;"-3,79753500000";"-38,59509300000";mq_match
365878;21;12;2020;17:03;0;AV ODILON GUIMARAES;;;1410;;ColisÃ£o;Anoitecer;;;Meio de Quadra;;;0;1;1;1;0;0;0;0;0;1;0;0;"-3,82609000000";"-38,47978000000";mq_gpsv
365879;21;12;2020;17:09;0;AV WASHINGTON SOARES;;;70;;ColisÃ£o;Anoitecer;;;Meio de Quadra;;;0;1;0;0;0;0;0;0;0;0;0;0;"-3,75726850000";"-38,49030150000";mq_qgis
365880;21;12;2020;17:14;0;AV FRANCISCO SA;;;;;ColisÃ£o;Anoitecer;;;Meio de Quadra;;;0;0;1;0;0;0;0;0;0;0;0;0;;;
365881;21;12;2020;17:41;0;RUA BELO HORIZONTE;;;2830;;ColisÃ£o;Anoitecer;;;Meio de Quadra;;;0;1;0;0;0;0;0;0;0;0;0;0;"-3,76557000000";"-38,56852000000";mq_gpsv
365882;21;12;2020;18:23;0;AV BEZERRA DE MENEZES;;;1802;;Atropelamento;Anoitecer;;;Meio de Quadra;;;0;1;0;0;0;0;0;0;0;1;0;0;"-3,73491200000";"-38,56082200000";mq_match
365883;21;12;2020;18:46;0;RUA TERRA DAS FLORES;;;1101;;Atropelamento;;;;Meio de Quadra;;;0;1;0;0;0;0;0;0;0;1;0;0;;;
365884;21;12;2020;19:38;0;AV WASHINGTON SOARES;;;;;ColisÃ£o;;;;Meio de Quadra;;;0;1;1;1;0;1;0;0;0;0;0;0;;;
365885;21;12;2020;20:04;0;AV GAL OSORIO DE PAIVA;;;5386;;Atropelamento;;;;Meio de Quadra;;;0;1;0;0;0;0;0;0;0;1;0;0;"-3,80470800000";"-38,60205900000";mq_match
365886;21;12;2020;20:25;0;AV MAE MANOEL MAVIGNIER;;;980;;ColisÃ£o;;;;Meio de Quadra;;;0;1;1;1;0;0;0;0;0;1;0;0;"-3,80571000000";"-38,44946000000";mq_gpsv
365887;21;12;2020;20:51;0;RD BR 116;;;;KM-04;Atropelamento;;;;Meio de Quadra;;;0;1;0;1;0;0;0;0;0;0;0;0;"-3,80235400000";"-38,50386900000";rod_match
365888;21;12;2020;21:59;0;RUA L CJ VILA VELHA;;;1366;;Queda;;;;Meio de Quadra;;;0;1;0;0;0;1;0;0;0;0;0;0;;;
365890;21;12;2020;23:03;0;RD BR 116;;;;KM-06;ColisÃ£o;;;;Meio de Quadra;;;0;1;1;1;0;0;0;0;0;0;0;0;"-3,80469100000";"-38,50305300000";rod_match
365853;21;12;2020;07:15;12864;AV DOMINGOS OLIMPIO;RUA ASSUNCAO;;;;Queda;Luz do Dia;;;Cruz;SemÃ¡foro;Comercial;0;1;0;0;0;0;0;0;0;1;0;0;"-3,73719200000";"-38,52954800000";inter_match
365855;21;12;2020;07:21;0;RUA PRO JACINTO BOTELHO;;;1600;;ColisÃ£o;Luz do Dia;;;Meio de Quadra;;;0;1;0;0;0;0;0;0;0;0;0;0;;;
365856;21;12;2020;07:33;0;RUA NEREU RAMOS;;;;;Queda;Luz do Dia;;;Meio de Quadra;;;0;1;0;0;0;0;0;0;0;1;0;0;;;
365857;21;12;2020;07:35;0;RUA CON DE CASTRO;;;2648;;ColisÃ£o;Luz do Dia;;;Meio de Quadra;;;0;1;1;1;0;0;0;0;0;1;0;0;"-3,79258000000";"-38,58043700000";mq_match
365858;21;12;2020;07:57;26091;AV 13 DE MAIO;AV JOSE JATAHY;;;;Queda;Luz do Dia;;;;;;0;1;0;0;0;0;0;0;0;1;0;0;"-3,73723000000";"-38,54374000000";inter_gpsv
365859;21;12;2020;07:58;0;AV JOAO PESSOA;;;5767;;Atropelamento;Luz do Dia;;;Meio de Quadra;;;0;1;0;0;0;0;0;0;0;1;0;0;"-3,76096900000";"-38,55703800000";mq_match
363593;21;12;2020;21:20;1706;RUA CAP CLOVIS MAIA;RUA CAP VASCONCELOS D46;;;;ColisÃ£o Transversal;Via Iluminada;Bom;Seca;Cruz;Pare;Residencial;0;0;1;0;0;0;0;0;0;0;0;0;"-3,76907500000";"-38,51643200000";inter_match
364973;21;12;2020;09:10;0;RD BR 116;;;;KM-14;ColisÃ£o;Luz do Dia;;;Meio de Quadra;;;0;1;1;1;0;0;0;0;0;1;0;0;"-3,87352300000";"-38,49924200000";rod_match
364974;21;12;2020;10:45;0;RUA PRO COSTA MENDES;;;;;Atropelamento;Luz do Dia;Nublado;Molhada;Meio de Quadra;SemÃ¡foro;Residencial;0;1;1;1;0;0;0;0;0;0;0;0;;;
364979;21;12;2020;20:25;26073;AV FRANCISCO SA;AV JOSE JATAHY;;;;ColisÃ£o;Luz do Dia;Bom;Seca;Cruz;SemÃ¡foro;Comercial;0;1;1;0;0;1;0;1;0;0;0;0;"-3,72087600000";"-38,54678730000";inter_match
364980;21;12;2020;04:35;0;RUA CON DE CASTRO;;;3620;;ColisÃ£o;Via Iluminada;Nublado;Molhada;Meio de Quadra;NÃ£o HÃ¡ Controle;Residencial;0;1;1;1;0;0;0;0;0;0;0;0;"-3,80200000000";"-38,49590000000";mq_gpsv
364977;21;12;2020;14:20;0;RUA MAL DEODORO;;;;;ColisÃ£o Transversal;Luz do Dia;Bom;Seca;Meio de Quadra;NÃ£o HÃ¡ Controle;Escola;0;0;2;1;0;0;0;0;0;0;0;0;;;
364984;21;12;2020;15:24;0;RUA PDE PEDRO DE ALENCAR;;;2300;;ColisÃ£o;Luz do Dia;Bom;Seca;Meio de Quadra;NÃ£o HÃ¡ Controle;Comercial;0;1;1;0;1;0;0;0;0;1;0;0;"-3,84856840000";"-38,49505600000";mq_match
364126;21;12;2020;21:00;0;RD BR 116;;;4100;KM-04;Atropelamento;;;;Meio de Quadra;;;1;0;1;1;0;0;0;0;0;0;0;0;"-3,80235400000";"-38,50386900000";rod_match
364985;22;12;2020;23:50;0;AV ENG ALBERTO SA;;;;;ColisÃ£o;;;;Meio de Quadra;;;0;0;2;1;0;0;0;0;0;1;0;0;;;
364994;22;12;2020;08:15;5091;RUA GAL SAMPAIO;RUA CASTRO E SILVA;;;;ColisÃ£o;Luz do Dia;Bom;Seca;Cruz;SemÃ¡foro;Comercial;0;1;2;0;0;0;0;0;0;1;0;0;"-3,72309800000";"-38,52967000000";inter_match
364995;22;12;2020;17:55;7258;AV ODILON GUIMARAES;RUA FRANCISCO LEANDRO;;;;ColisÃ£o;Anoitecer;Bom;Seca;Cruz;SemÃ¡foro;Residencial;0;0;2;1;0;0;0;0;0;1;0;0;"-3,82450900000";"-38,47870900000";inter_match
364996;22;12;2020;17:30;5700;AV DES GONZAGA;RUA ESV AZEVEDO;;;;ColisÃ£o;Anoitecer;Bom;Seca;Cruz;Pare;Comercial;0;0;2;0;0;0;0;0;0;1;0;0;"-3,79416200000";"-38,50129800000";inter_match
364661;22;12;2020;11:15;0;RD CE-040;;;;KM-01;ColisÃ£o;Luz do Dia;;;Meio de Quadra;;;0;0;2;1;0;0;0;0;0;0;0;0;"-3,76465044900";"-38,48258304000";rod_match