COD_ACIDENTE;DIA;MES;ANO;HORA;INTERSECAO;LOG1;LOG2;LOG3;NUMERO;REFERENCIA;NATUREZA;ILUMINACAO;TEMPO;SUPERFICIEPISTA;TIPOCRUZAMENTO;CONTROLETRAFEGO;USOSOLO;MORTOS;FERIDOS;ILESOS;AUTOMOVEL;ONIBUS;BICICLETA;CAMINHAO;MICROONIBUS;CICLOMOTOR;MOTOCICLETA;TRACAOANIMAL;TREM;LATITUDE;LONGITUDE;METODO
365891;22;12;2020;07:15;0;RUA ABELARDO MARINHO;;;337;;ColisÃ£o;Luz do Dia;;;Meio de Quadra;;;0;1;1;1;0;0;0;0;0;1;0;0;;;
365892;22;12;2020;07:36;0;RUA NOSSA SRA DAS GRACAS;;;537;;Queda;Luz do Dia;;;Meio de Quadra;;;0;1;0;0;0;0;0;0;0;1;0;0;"-3,71025308600";"-38,55304951000";mq_match
365893;22;12;2020;07:54;0;RUA RAQUEL FLORENCIO;;;410;;Queda;Luz do Dia;;;Meio de Quadra;;;0;1;0;0;0;0;0;0;0;1;0;0;;;
365894;22;12;2020;08:17;3901;RUA JORGE DUMAR;AV EDUARDO GIRAO;;;;ColisÃ£o;Luz do Dia;;;Cruz;SemÃ¡foro;Residencial;0;1;0;0;0;0;0;0;0;0;0;0;"-3,74969100000";"-38,53869500000";inter_match
365895;22;12;2020;08:17;0;AV PRS CASTELO BRANCO;;;;;ColisÃ£o;Luz do Dia;;;Meio de Quadra;;;0;1;1;1;0;0;0;0;0;1;0;0;;;
365896;22;12;2020;08:48;570;RUA DNA MENDINHA;RUA COELHO NETO;;;;ColisÃ£o;Luz do Dia;;;Cruz;Pare;Residencial;0;1;1;1;0;1;0;0;0;0;0;0;"-3,71721000000";"-38,57300000000";inter_gpsv
365897;22;12;2020;08:58;93;RUA ANARIO BRAGA;RUA PRA RAIMUNDA ADELIA;;;;ColisÃ£o;Luz do Dia;;;;;;0;1;1;1;0;0;0;0;0;1;0;0;"-3,73700000000";"-38,59311000000";inter_gpsv
365898;22;12;2020;09:02;0;RUA JORGE DUMAR;;;;;ColisÃ£o;Luz do Dia;;;Meio de Quadra;;;0;1;0;0;0;0;0;0;0;0;0;0;;;
365899;22;12;2020;09:37;0;AV CESAR CALS;;;933;;ColisÃ£o;Luz do Dia;;;Meio de Quadra;;;0;1;1;1;0;0;0;0;0;1;0;0;"-3,72564660000";"-38,46204760000";mq_qgis
365900;22;12;2020;11:15;0;AV GAL MURILO BORGES;;;;;ColisÃ£o;Luz do Dia;;;Meio de Quadra;;;0;1;1;1;0;0;0;0;0;1;0;0;;;
365901;22;12;2020;11:36;5213;RUA SAO PAULO;RUA CONDE DÂ´EU;;;;Queda;Luz do Dia;;;;;;0;1;0;0;0;0;0;0;0;1;0;0;"-3,72659900000";"-38,52588700000";inter_gpsv
365902;22;12;2020;11:38;0;AV GODOFREDO MACIEL;;;;;Queda;Luz do Dia;;;Meio de Quadra;;;0;1;0;0;0;0;0;0;0;1;0;0;;;
365903;22;12;2020;12:10;0;AV BORGES DE MELO;;;;;Queda;Luz do Dia;;;Meio de Quadra;;;0;1;0;0;0;0;0;0;0;1;0;0;;;
365904;22;12;2020;13:13;13563;RUA DR JOSE LOURENCO;AV SORIANO ALBUQUERQUE;;;;ColisÃ£o;Luz do Dia;;;Cruz;Pare;Comercial;0;1;1;1;0;0;0;0;0;1;0;0;"-3,74983000000";"-38,51263100000";inter_match
365905;22;12;2020;13:43;0;RUA BERNARDO MANUEL;;;;;ColisÃ£o;Luz do Dia;;;Meio de Quadra;;;0;2;0;0;0;0;0;0;0;0;0;0;;;
365906;22;12;2020;14:50;0;AV ROGACIANO LEITE;;;;;Atropelamento;Luz do Dia;;;Meio de Quadra;;;0;1;0;1;0;0;0;0;0;0;0;0;;;
365907;22;12;2020;15:45;0;RUA CASTRO E SILVA;;;1056;;ColisÃ£o;Luz do Dia;;;Meio de Quadra;;;0;1;1;1;0;0;0;0;0;1;0;0;"-3,72130000000";"-38,53509500000";mq_qgis
365923;22;12;2020;16:06;9155;AV LUCIANO CARNEIRO;AV EDUARDO GIRAO;;;;Queda;Luz do Dia;;;Cruz;SemÃ¡foro;Comercial;0;1;0;0;0;0;0;0;0;1;0;0;"-3,75227500000";"-38,53281100000";inter_match
365924;22;12;2020;16:15;0;RUA PORTO VELHO;;;657;;Queda;Luz do Dia;;;Meio de Quadra;;;0;1;0;0;0;0;0;0;0;1;0;0;"-3,76617530000";"-38,58671000000";mq_match
365925;22;12;2020;16:59;10749;AV SEN FERNANDES TAVORA;RUA PRO HERIBALDO COSTA;;;;ColisÃ£o;Luz do Dia;;;Cruz;SemÃ¡foro;Comercial;0;1;1;1;0;0;0;0;0;1;0;0;"-3,76100600000";"-38,58438400000";inter_match
365926;22;12;2020;17:02;0;AV OLAVO BILAC;;;315;;ColisÃ£o;Anoitecer;;;Meio de Quadra;;;0;1;1;1;0;0;0;0;0;1;0;0;"-3,72397134000";"-38,56603200000";mq_qgis
365927;22;12;2020;17:12;0;RUA MONTE PASCOAL;;;839;;ColisÃ£o;Anoitecer;;;Meio de Quadra;;;0;1;1;1;0;0;0;0;0;1;0;0;"-3,80649000000";"-38,59610000000";mq_gpsv
365928;22;12;2020;19:01;0;AV BEZERRA DE MENEZES;;;2181;;ColisÃ£o;;;;Meio de Quadra;;;0;1;1;1;0;0;0;0;0;1;0;0;"-3,73561800000";"-38,56423100000";mq_match
365929;22;12;2020;20:48;0;RUA CHUI;;;108;;ColisÃ£o;;;;Meio de Quadra;;;0;1;1;1;0;0;0;0;0;1;0;0;"-3,76865430000";"-38,58915942000";mq_match
365930;22;12;2020;21:06;0;RUA JOSE HIPOLITO;;;790;;Queda;;;;Meio de Quadra;;;0;1;0;0;0;0;0;0;0;1;0;0;"-3,83434800000";"-38,48881000000";mq_match
365160;22;12;2020;05:30;19366;RUA GERMANO FRANCK;AV DR SILAS MUNGUBA;;;;Choque c/ ObstÃ¡culo Fixo;Amanhecer;Bom;Seca;Cruz;SemÃ¡foro;Comercial;0;0;1;1;0;0;0;0;0;0;0;0;"-3,77725100000";"-38,56200400000";inter_match
365161;22;12;2020;10:05;17411;RUA RAUL CABRAL;RUA EDMUNDO LINHARES;;;;ColisÃ£o Transversal;Luz do Dia;Bom;Seca;Cruz;Pare;Residencial;0;1;1;1;0;0;0;0;0;1;0;0;"-3,76799000000";"-38,54612000000";inter_gpsv
365162;22;12;2020;08:00;0;RUA JORGE DUMAR;;;;;ColisÃ£o Transversal;Luz do Dia;Bom;Seca;Meio de Quadra;NÃ£o HÃ¡ Controle;Residencial;0;2;0;0;0;1;0;0;0;1;0;0;;;
365163;22;12;2020;13:30;0;AV BEZERRA DE MENEZES;;;;;ColisÃ£o Lateral;Luz do Dia;Bom;Seca;Meio de Quadra;NÃ£o HÃ¡ Controle;Comercial;0;0;2;1;0;0;0;0;0;1;0;0;;;
365164;23;12;2020;12:00;22158;AV JOSE BASTOS;RUA GUSTAVO BRAGA;;;;ColisÃ£o Traseira;Luz do Dia;Bom;Seca;T;SemÃ¡foro;Comercial;0;1;1;1;0;0;0;0;0;1;0;0;"-3,75153500000";"-38,55198900000";inter_match
365165;23;12;2020;08:50;25048;AV ABOLICAO;AV SEN VIRGILIO TAVORA;;;;ColisÃ£o Traseira;Luz do Dia;Bom;Seca;Cruz;SemÃ¡foro;Comercial;0;0;2;1;0;0;0;0;0;0;0;0;"-3,72658540000";"-38,49134000000";inter_match
365166;23;12;2020;16:00;15149;AV MON TABOSA;RUA ANTONIO LIMA;;;;ColisÃ£o Transversal;Luz do Dia;Bom;Seca;Cruz;Pare;Comercial;0;1;1;1;0;0;0;0;0;1;0;0;"-3,72457300000";"-38,50414900000";inter_match
365931;23;12;2020;08:03;0;AV JOAO PESSOA;;;7111;;ColisÃ£o;Luz do Dia;;;Meio de Quadra;;;0;2;0;1;0;0;0;0;0;1;0;0;"-3,77188600000";"-38,56172600000";mq_qgis
365933;23;12;2020;08:24;0;AV GAL OSORIO DE PAIVA;;;6770;;ColisÃ£o;Luz do Dia;;;Meio de Quadra;;;0;1;1;1;0;0;0;0;0;1;0;0;"-3,81300800000";"-38,61007300000";mq_match
365934;23;12;2020;09:09;0;AV PRO JOSE ARTHUR CARVALHO;;;1510;;ColisÃ£o;Luz do Dia;;;Meio de Quadra;;;0;2;0;0;0;0;0;0;0;1;0;0;"-3,82652183000";"-38,46575751000";mq_match
365935;23;12;2020;09:20;0;RUA GONCALO SOUTO;;;;;Atropelamento;Luz do Dia;;;Meio de Quadra;;;0;1;0;1;0;0;0;0;0;0;0;0;;;
365936;23;12;2020;09:22;0;RUA STA EFIGENIA;;;145;;ColisÃ£o;Luz do Dia;;;Meio de Quadra;;;0;1;1;1;0;0;0;0;0;1;0;0;"-3,83393800000";"-38,50058100000";mq_match
365937;23;12;2020;09:57;3901;AV EDUARDO GIRAO;RUA JORGE DUMAR;;;;Tombamento;Luz do Dia;;;Cruz;SemÃ¡foro;Residencial;0;1;0;0;0;0;0;0;0;0;0;0;"-3,74969100000";"-38,53869500000";inter_match
365938;23;12;2020;10:13;0;AV GOV RAUL BARBOSA;;;3342;;Atropelamento;Luz do Dia;;;Meio de Quadra;;;0;1;0;1;0;0;0;0;0;0;0;0;"-3,75654000000";"-38,50463000000";mq_gpsv
365939;23;12;2020;11:06;0;RUA ANDRADE FURTADO;;;1830;;ColisÃ£o;Luz do Dia;;;Meio de Quadra;;;0;1;1;1;0;0;0;0;0;1;0;0;"-3,74784075000";"-38,47327900000";mq_qgis
365940;23;12;2020;11:28;0;RUA QUINZE (CANINDEZINHO);;;;;Queda;Luz do Dia;;;Meio de Quadra;;;0;1;0;0;0;0;0;0;0;1;0;0;;;
365941;23;12;2020;12:29;0;RUA ROSINHA SAMPAIO;;;1397;;ColisÃ£o;Luz do Dia;;;Meio de Quadra;;;0;1;1;1;0;0;0;0;0;1;0;0;"-3,72600139000";"-38,59129320000";mq_qgis
365942;23;12;2020;13:12;0;AV SEN FERNANDES TAVORA;;;1646;;ColisÃ£o;Luz do Dia;;;Meio de Quadra;;;0;1;1;1;0;0;0;0;0;1;0;0;"-3,75941081000";"-38,58735310000";mq_qgis
365943;23;12;2020;13:37;0;RUA IRM BAZET;;;408;;Queda;Luz do Dia;;;Meio de Quadra;;;0;1;0;0;0;0;0;0;0;1;0;0;"-3,76299700000";"-38,55404030000";mq_qgis
365944;23;12;2020;14:50;0;RUA RIO GRANDE DO SUL;;;177;;ColisÃ£o;Luz do Dia;;;Meio de Quadra;;;0;1;1;1;0;1;0;0;0;0;0;0;"-3,75078000000";"-38,56192000000";mq_gpsv
365945;23;12;2020;15:11;0;AV GODOFREDO MACIEL;;;556;;ColisÃ£o;Luz do Dia;;;Meio de Quadra;;;0;1;1;0;0;0;0;0;0;1;0;0;"-3,78116300000";"-38,56526000000";mq_match
365946;23;12;2020;15:28;0;RUA PDE MORORO;;;775;;ColisÃ£o;Luz do Dia;;;Meio de Quadra;;;0;1;1;1;0;0;0;0;0;1;0;0;"-3,72342800000";"-38,53686170000";mq_qgis
365947;23;12;2020;15:47;0;RUA JACINTO MATOS;;;590;;ColisÃ£o;Luz do Dia;;;Meio de Quadra;;;0;1;1;0;0;0;0;0;0;1;0;0;"-3,71616800000";"-38,54646800000";mq_match
365948;23;12;2020;15:50;0;AV PDE ANTONIO TOMAS;;;410;;ColisÃ£o;Luz do Dia;;;Meio de Quadra;;;0;1;1;1;0;0;0;0;0;1;0;0;"-3,74014100000";"-38,49969500000";mq_match
365949;23;12;2020;16:03;0;RUA BETEL;;;1537;;ColisÃ£o;Luz do Dia;;;Meio de Quadra;;;0;1;0;0;0;0;0;0;0;0;0;0;"-3,79252000000";"-38,55274000000";mq_gpsv
365950;23;12;2020;16:14;0;RUA BOM JESUS (GRANJA LISBOA);;;1634;;Queda;Luz do Dia;;;Meio de Quadra;;;0;1;0;0;0;0;0;0;0;1;0;0;"-3,79258430000";"-38,60687800000";mq_qgis
365951;23;12;2020;16:27;16280;RUA ANTONIO BARBOSA;RUA LEITAO CERQUEIRA;;;;ColisÃ£o;Luz do Dia;;;Cruz;Pare;Comercial;0;1;1;1;0;0;0;0;0;1;0;0;"-3,82933300000";"-38,56398800000";inter_match
365953;23;12;2020;16:28;930;AV AGUANAMBI;AV BORGES DE MELO;;;;ColisÃ£o;Luz do Dia;;;T;SemÃ¡foro;Residencial;0;1;1;1;0;0;0;0;0;1;0;0;"-3,76092800000";"-38,52388000000";inter_match
365954;23;12;2020;16:33;0;AV OLIVEIRA PAIVA;;;;;ColisÃ£o;Luz do Dia;;;Meio de Quadra;;;0;1;0;0;0;0;0;0;0;0;0;0;;;
365955;23;12;2020;17:20;7733;RUA BAR SOBRAL;AV JOAO PESSOA;;;;ColisÃ£o;Anoitecer;;;Cruz;SemÃ¡foro;Comercial;0;1;0;0;0;0;0;0;0;0;0;0;"-3,76450960000";"-38,55870570000";inter_match
365956;23;12;2020;17:52;0;RUA JOAO MARIANO;;;377;;Queda;Anoitecer;;;Meio de Quadra;;;0;1;0;0;0;0;0;0;0;1;0;0;"-3,79116691000";"-38,47723670000";mq_qgis
365957;23;12;2020;18:11;0;RUA SOBREIRA FILHO;;;619;;ColisÃ£o;Anoitecer;;;Meio de Quadra;;;0;1;1;1;0;0;0;0;0;1;0;0;"-3,77914849000";"-38,58318850000";mq_qgis
365958;23;12;2020;18:31;0;AV 13 DE MAIO;;;3111;;ColisÃ£o;;;;Meio de Quadra;;;0;1;1;1;0;0;0;0;0;1;0;0;"-3,73773033000";"-38,54273010000";mq_qgis
365959;23;12;2020;19:14;0;AV JOAO PESSOA;;;;;ColisÃ£o;;;;Meio de Quadra;;;0;1;1;1;0;0;0;0;0;1;0;0;;;
365960;23;12;2020;19:43;0;AV SEN FERNANDES TAVORA;;;2354;;Atropelamento;;;;Meio de Quadra;;;0;1;0;0;0;0;0;0;0;1;0;0;"-3,75630000000";"-38,59319800000";mq_match
365961;23;12;2020;19:52;12575;RUA PDE TEODORO (QUNTINO CUNHA);RUA CREUSA ROCHA;;;;ColisÃ£o;;;;Cruz;NÃ£o HÃ¡ Controle;Comercial;0;1;1;1;0;0;0;0;0;1;0;0;"-3,72181000000";"-38,59011700000";inter_match
365962;23;12;2020;21:08;21264;RUA MARCILIO DIAS;RUA DOM HELIO CAMPOS D21;;;;ColisÃ£o;;;;;;;0;1;0;0;0;0;0;0;0;0;0;0;"-3,71050900000";"-38,55464800000";inter_match
365963;23;12;2020;22:28;0;AV ANTONIO SALES;;;236;;Atropelamento;;;;Meio de Quadra;;;0;1;0;1;0;0;0;0;0;0;0;0;"-3,74004600000";"-38,51974700000";mq_qgis
365964;23;12;2020;22:43;0;AV DR SILAS MUNGUBA;;;3407;;ColisÃ£o;;;;Meio de Quadra;;;0;1;1;1;0;0;0;0;0;1;0;0;"-3,78937992000";"-38,54326530000";mq_qgis
365965;23;12;2020;22:58;0;RUA STA CATARINA (BELA VISTA / PAN AMERICANO);;;816;;ColisÃ£o;;;;Meio de Quadra;;;0;1;1;1;0;0;0;0;0;1;0;0;"-3,75811554000";"-38,56808420000";mq_qgis
364659;23;12;2020;07:40;0;RD CE-040;;;;;ColisÃ£o;Luz do Dia;;;Meio de Quadra;;;0;0;2;1;0;0;0;0;0;0;0;0;;;
364660;23;12;2020;19:40;0;RD CE-040;;;;KM-08;ColisÃ£o;;;;Meio de Quadra;;;0;0;2;1;0;0;0;0;0;0;0;0;"-3,82551582200";"-38,48153832000";rod_match
364997;23;12;2020;09:40;7183;AV PASTEUR;RUA NOSSA SRA DAS GRACAS;;;;ColisÃ£o;Luz do Dia;;;Cruz;NÃ£o HÃ¡ Controle;Residencial;0;0;2;1;0;0;0;0;0;0;0;0;"-3,70872900000";"-38,55816800000";inter_match
364998;23;12;2020;14:10;0;RUA AMARO JOSE DE SOUZA;;;;;ColisÃ£o Lateral;Luz do Dia;Bom;Seca;Meio de Quadra;NÃ£o HÃ¡ Controle;Residencial;0;0;2;0;0;0;1;0;0;0;0;0;;;
364999;23;12;2020;15:20;17317;AV JOAO PESSOA;RUA TEN MOACIR MATOS;;;;ColisÃ£o;Luz do Dia;;;T;SemÃ¡foro;Residencial;0;0;2;1;0;0;0;0;0;1;0;0;"-3,76361500000";"-38,55831600000";inter_match
365000;23;12;2020;15:45;12836;AV DOMINGOS OLIMPIO;RUA BAR ARATANHA;;;;ColisÃ£o;Luz do Dia;Bom;Seca;Cruz;SemÃ¡foro;Comercial;0;0;2;1;0;0;0;0;0;1;0;0;"-3,73756200000";"-38,52795300000";inter_match
365001;23;12;2020;11:15;0;RUA JORGE DUMAR;;;;;ColisÃ£o;Luz do Dia;Bom;Seca;Meio de Quadra;SemÃ¡foro;Comercial;0;0;2;1;0;0;0;0;0;0;0;0;;;
365002;23;12;2020;16:00;6752;AV SANTOS DUMONT;RUA PRO OTAVIO LOBO;;;;ColisÃ£o;Luz do Dia;Bom;Seca;Meio de Quadra;SemÃ¡foro;Comercial;0;1;1;1;0;0;0;0;0;0;0;0;"-3,74284500000";"-38,47782900000";inter_match
365003;23;12;2020;17:50;15267;AV ANTONIO JUSTA;RUA CEL LINHARES;;;;ColisÃ£o;Anoitecer;Bom;Seca;T;NÃ£o HÃ¡ Controle;Residencial;0;1;1;1;0;0;0;0;0;1;0;0;"-3,72858600000";"-38,49159400000";inter_match
365004;23;12;2020;21:00;0;AV PRS CASTELO BRANCO;;;;;Atropelamento;Via Iluminada;Bom;Seca;Meio de Quadra;NÃ£o HÃ¡ Controle;Comercial;0;1;1;0;1;0;0;0;0;0;0;0;;;
365009;24;12;2020;14:30;17285;RUA IRM BAZET;RUA JOAO FIRMINO;;;;ColisÃ£o Lateral;Luz do Dia;Bom;Seca;Cruz;Pare;Residencial;0;0;1;1;0;0;0;0;0;0;0;0;"-3,76280800000";"-38,55430800000";inter_match
365015;24;12;2020;08:00;0;AV JOSE BASTOS;;;3390;HEMOCE;ColisÃ£o;Luz do Dia;;;Meio de Quadra;;;0;0;2;1;0;0;0;0;0;1;0;0;"-3,74823250000";"-38,54878260000";mq_match
365013;24;12;2020;20:30;12286;RUA NUNES FEIJO;RUA LUCIANO ALVES;;;;ColisÃ£o;;Bom;Seca;Cruz;NÃ£o HÃ¡ Controle;Residencial;0;2;0;0;1;0;0;0;0;0;0;0;"-3,84535200000";"-38,50943100000";inter_match
365011;24;12;2020;15:45;10954;RUA EUZEBIO DE QUEIROS;RUA DOM CARLOTO TAVORA;;;;ColisÃ£o;Luz do Dia;Bom;Seca;Cruz;Pare;Residencial;0;0;2;1;0;0;0;0;0;1;0;0;"-3,77018100000";"-38,55533800000";inter_match
364657;24;12;2020;17:40;0;RD CE-040;;;;KM-11;ColisÃ£o;Anoitecer;;;Meio de Quadra;;;0;0;2;1;0;0;0;0;0;0;0;0;"-3,84962623000";"-38,47606989000";rod_match
364658;24;12;2020;20:35;0;RD CE-060;;;;KM-02;Atropelamento;;;;;;;0;1;1;1;0;0;0;0;0;0;0;0;"-3,83406400000";"-38,58211100000";rod_match
365966;24;12;2020;00:46;12068;AV CASTELO DE CASTRO;AV MON AMARILIO RODRIGUES;;;;ColisÃ£o;;;;Cruz;SemÃ¡foro;Comercial;0;1;1;0;0;0;0;0;0;1;0;0;"-3,83521700000";"-38,52163500000";inter_match
365967;24;12;2020;02:22;0;RUA DR GILBERTO STUDART;;;1839;;ColisÃ£o;;;;Meio de Quadra;;;0;1;1;1;0;0;0;0;0;0;0;0;"-3,74650600000";"-38,47201600000";mq_match
365968;24;12;2020;02:31;0;RUA JOSE BORBA VASCONCELOS;;;440;;ColisÃ£o;;;;Meio de Quadra;;;0;1;0;1;0;0;0;0;0;0;0;0;"-3,74604000000";"-38,47192000000";mq_gpsv
365969;24;12;2020;06:21;15852;RUA BAR AQUIRAZ;RUA GURGEL DO AMARAL;;;;ColisÃ£o;Luz do Dia;;;Cruz;SemÃ¡foro;Comercial;0;1;1;1;0;0;0;0;0;1;0;0;"-3,83378000000";"-38,48991000000";inter_gpsv
365970;24;12;2020;07:16;0;RUA JATOBA D64;;;55;;ColisÃ£o;Luz do Dia;;;Meio de Quadra;;;0;1;1;0;0;0;0;0;0;1;0;0;;;
365971;24;12;2020;07:44;0;RUA JOSE ARAO;;;1955;;Queda;Luz do Dia;;;Meio de Quadra;;;0;1;0;0;0;0;0;0;0;1;0;0;"-3,80927000000";"-38,63264000000";mq_gpsv
365972;24;12;2020;08:03;12580;RUA ROSINHA SAMPAIO;RUA PDE TEODORO (QUNTINO CUNHA);;;;ColisÃ£o;Luz do Dia;;;Cruz;Pare;Residencial;0;1;1;1;0;0;0;0;0;1;0;0;"-3,72598900000";"-38,59133600000";inter_match
365973;24;12;2020;09:39;0;RUA RIO GRANDE DO SUL;;;679;;ColisÃ£o;Luz do Dia;;;Meio de Quadra;;;0;2;0;1;0;0;0;0;0;1;0;0;"-3,75493371000";"-38,56520610000";mq_qgis
365974;24;12;2020;10:05;0;RUA GUSTAVO SAMPAIO;;;;;ColisÃ£o;Luz do Dia;;;Meio de Quadra;;;0;1;0;0;0;0;0;0;0;0;0;0;;;
365975;24;12;2020;10:29;17534;RUA ALVARO CORREIA;RUA CASTRO MONTE;;;;Atropelamento;Luz do Dia;;;T;NÃ£o HÃ¡ Controle;Residencial;0;1;0;1;0;0;0;0;0;0;0;0;"-3,72836000000";"-38,48627000000";inter_gpsv
365976;24;12;2020;11:25;0;AV F CJ JOSE WALTER;;;221;;ColisÃ£o;Luz do Dia;;;Meio de Quadra;;;0;1;1;1;0;0;0;0;0;1;0;0;"-3,83617070000";"-38,55605610000";mq_qgis
365977;24;12;2020;12:15;0;AV WASHINGTON SOARES;;;;;ColisÃ£o;Luz do Dia;;;Meio de Quadra;;;0;1;1;1;0;0;0;0;0;1;0;0;;;
365978;24;12;2020;12:19;0;AV GODOFREDO MACIEL;;;3420;;ColisÃ£o;Luz do Dia;;;Meio de Quadra;;;0;1;1;1;0;0;0;0;0;1;0;0;"-3,80498816700";"-38,57257667000";mq_match
365988;24;12;2020;12:42;0;AV D CJ JOSE WALTER;;;;;ColisÃ£o;Luz do Dia;;;Meio de Quadra;;;0;1;1;1;0;0;0;0;0;0;0;0;;;
365989;24;12;2020;12:52;0;RUA VINICIUS DE MORAES;;;1955;;Queda;Luz do Dia;;;Meio de Quadra;;;0;1;0;0;0;0;0;0;0;1;0;0;"-3,80527000000";"-38,63191000000";mq_gpsv
365990;24;12;2020;15:10;0;AV PRS COSTA E SILVA;;;;;ColisÃ£o;Luz do Dia;;;Meio de Quadra;;;0;1;1;1;0;0;0;0;0;1;0;0;;;
365992;24;12;2020;16:24;0;AV DIOGUINHO;;;4740;;Atropelamento;Luz do Dia;;;Meio de Quadra;;;0;1;0;1;0;0;0;0;0;0;0;0;"-3,75650600000";"-38,44566800000";mq_match
365993;24;12;2020;16:43;0;RUA TEODOMIRO DE CASTRO;;;6192;;ColisÃ£o;Luz do Dia;;;Meio de Quadra;;;0;1;1;1;1;0;0;0;0;0;0;0;"-3,71740000000";"-38,57537000000";mq_gpsv
365994;24;12;2020;17:48;25548;AV JOAO PESSOA;RUA VILA LOBOS;;;;ColisÃ£o;Anoitecer;;;T;Pare;Comercial;0;1;1;1;0;0;0;0;0;1;0;0;"-3,77119800000";"-38,56143900000";inter_match
365995;24;12;2020;17:49;0;AV GAL OSORIO DE PAIVA;;;;;ColisÃ£o;Anoitecer;;;Meio de Quadra;;;0;1;1;1;0;0;0;0;0;1;0;0;;;
365996;24;12;2020;18:00;0;RUA ESTADO DO RIO;;;611;;Atropelamento;Anoitecer;;;Meio de Quadra;;;0;1;0;0;0;0;0;0;0;1;0;0;"-3,75574793000";"-38,56911800000";mq_qgis
365997;24;12;2020;18:05;0;RUA POMPILIO GOMES;;;1866;;Atropelamento;Anoitecer;;;Meio de Quadra;;;0;1;0;0;0;0;0;0;0;1;0;0;"-3,82814225000";"-38,52124370000";mq_qgis
365998;24;12;2020;18:39;0;RUA NUNES FEIJO;;;1710;;ColisÃ£o;;;;Meio de Quadra;;;0;1;1;1;1;0;0;0;0;0;0;0;"-3,84530000000";"-38,50966000000";mq_gpsv
365999;24;12;2020;19:47;0;RUA GUSTAVO SAMPAIO;;;3644;ODONTOMED;Atropelamento;;;;Meio de Quadra;;;0;1;0;0;0;0;0;0;0;1;0;0;;;
366000;24;12;2020;20:06;0;RD BR 116;;;;;Atropelamento;;;;Meio de Quadra;;;0;1;0;1;0;0;0;0;0;0;0;0;;;
366001;24;12;2020;20:12;7752;AV JOAO PESSOA;AV CARNEIRO DE MENDONCA;;;;ColisÃ£o;;;;T;SemÃ¡foro;Comercial;0;1;1;1;0;1;0;0;0;0;0;0;"-3,76722200000";"-38,55980800000";inter_match
366002;24;12;2020;20:41;0;AV GODOFREDO MACIEL;;;5959;;Atropelamento;;;;Meio de Quadra;;;0;1;0;1;0;0;0;0;0;0;0;0;"-3,82697700000";"-38,57966200000";mq_match
366003;24;12;2020;21:03;24866;RUA CARLOS WALRAVEN;RUA PDE TEODORO (QUNTINO CUNHA);;;;ColisÃ£o;;;;Cruz;;Misto;0;2;0;0;0;0;0;0;0;1;0;0;"-3,72045000000";"-38,58974000000";inter_gpsv
366004;24;12;2020;21:08;22120;RUA PRO COSTA MENDES;RUA CEL NUNES DE MELO;;;;ColisÃ£o;;;;Cruz;Pare;Comercial;0;1;1;1;0;0;0;0;0;1;0;0;"-3,74900300000";"-38,55319700000";inter_match
366005;24;12;2020;21:15;23510;RUA ANA GONCALVES;RUA ALVARO BOMILCAR;;;;ColisÃ£o;;;;Cruz;Pare;Residencial;0;1;1;0;0;0;0;0;0;1;0;0;"-3,75928300000";"-38,50961200000";inter_match
366006;24;12;2020;22:11;0;AV GOV RAUL BARBOSA;;;;;ColisÃ£o;;;;Meio de Quadra;;;0;2;0;1;0;0;0;0;0;1;0;0;;;
366007;24;12;2020;22:16;0;AV ODILON GUIMARAES;;;2549;;ColisÃ£o;;;;Meio de Quadra;;;0;1;1;1;0;0;0;0;0;1;0;0;"-3,81739337000";"-38,47277570000";mq_qgis
366008;24;12;2020;22:51;0;RUA PEREIRA DE MIRANDA;;;955;;ColisÃ£o;;;;Meio de Quadra;;;0;1;1;1;0;0;0;0;0;1;0;0;"-3,74108890000";"-38,47795000000";mq_match
365167;24;12;2020;12:15;0;AV GODOFREDO MACIEL;;;3420;;Outros;Luz do Dia;Bom;Seca;Outros;SemÃ¡foro;Outros;0;0;2;0;0;0;0;0;0;1;0;0;"-3,80498816700";"-38,57257667000";mq_match
365168;24;12;2020;16:30;0;AV DIOGUINHO;;;4740;;Atropelamento;Luz do Dia;Bom;Seca;Outros;;Residencial;0;1;1;1;0;0;0;0;0;0;0;0;"-3,75650600000";"-38,44566800000";mq_match
365169;24;12;2020;18:50;25697;RUA JOAO CORDEIRO;RUA ROCHA LIMA;;;;ColisÃ£o;;;;Cruz;Pare;Comercial;0;1;1;1;0;0;0;0;0;1;0;0;"-3,73800000000";"-38,51727500000";inter_match
365170;24;12;2020;10:00;10001;RUA AIRES DA CUNHA;RUA TAQUARI;;;;ColisÃ£o Transversal;Luz do Dia;Bom;Seca;Cruz;Pare;Residencial;0;0;3;1;0;0;0;0;0;0;0;0;"-3,77557200000";"-38,60383600000";inter_match
365171;24;12;2020;14:45;3999;RUA ALBERTO MAGNO;TR ALBERTO MAGNO;;;;ColisÃ£o Lateral;Luz do Dia;Bom;Seca;Cruz;SemÃ¡foro;Comercial;0;1;1;1;0;0;0;0;0;1;0;0;"-3,76206000000";"-38,54754000000";inter_gpsv