COD_ACIDENTE;DIA;MES;ANO;HORA;INTERSECAO;LOG1;LOG2;LOG3;NUMERO;REFERENCIA;NATUREZA;ILUMINACAO;TEMPO;SUPERFICIEPISTA;TIPOCRUZAMENTO;CONTROLETRAFEGO;USOSOLO;MORTOS;FERIDOS;ILESOS;AUTOMOVEL;ONIBUS;BICICLETA;CAMINHAO;MICROONIBUS;CICLOMOTOR;MOTOCICLETA;TRACAOANIMAL;TREM;LATITUDE;LONGITUDE;METODO
365172;24;12;2020;13:15;5725;RUA MARGARIDA DE QUEIROZ;RUA TEOFREDO GOIANA;;;;ColisÃ£o Lateral;Luz do Dia;Bom;Seca;Cruz;Pare;Residencial;0;1;1;1;0;0;0;0;0;1;0;0;"-3,79375700000";"-38,50309100000";inter_match
365173;24;12;2020;17:00;19437;AV DR SILAS MUNGUBA;RUA CASIMIRO DE ABREU;;;;ColisÃ£o Traseira;Anoitecer;Bom;Seca;T;SemÃ¡foro;Comercial;0;2;1;1;0;0;0;0;0;1;0;0;"-3,77939500000";"-38,56063700000";inter_match
365174;24;12;2020;15:30;9620;RUA ARI MAIA;RUA XAVIER DA SILVEIRA;;;;ColisÃ£o Lateral;Luz do Dia;Bom;Seca;Cruz;Pare;Residencial;0;2;1;1;0;0;0;0;0;1;0;0;"-3,78912000000";"-38,62288000000";inter_gpsv
365175;24;12;2020;10:50;1356;RUA VICENTE LEITE;RUA MARIA TOMASIA;;;;ColisÃ£o Transversal;Luz do Dia;Nublado;Seca;Cruz;Pare;Comercial;0;1;1;1;0;0;0;0;0;1;0;0;"-3,73616900000";"-38,49509400000";inter_match
365177;24;12;2020;20:10;0;RD BR 116;;;4000;KM-04;Atropelamento;;;;Meio de Quadra;;;0;1;1;1;0;0;0;0;0;0;0;0;"-3,80235400000";"-38,50386900000";rod_match
365424;24;12;2020;17:25;7884;RUA VICENTE LEITE;AV ANTONIO SALES;;;;ColisÃ£o;Anoitecer;;;Cruz;Pare;Comercial;0;1;1;1;0;0;0;0;0;1;0;0;"-3,74665600000";"-38,49846800000";inter_match
365569;25;12;2020;00:09;0;RUA PEREIRA DE MIRANDA;;;955;;Queda;;;;Meio de Quadra;;;0;1;0;0;0;0;0;0;0;1;0;0;"-3,74108890000";"-38,47795000000";mq_match
365180;25;12;2020;07:30;0;AV SEN FERNANDES TAVORA;;;1445;;Choque c/ ObstÃ¡culo Fixo;Luz do Dia;Bom;Seca;Meio de Quadra;SemÃ¡foro;Lazer;0;0;1;1;0;0;0;0;0;0;0;0;"-3,76059100000";"-38,58515600000";mq_qgis
365181;25;12;2020;08:30;3302;AV GAL OSORIO DE PAIVA;RUA LUIS VIEIRA;;;;ColisÃ£o Traseira;Luz do Dia;Bom;Seca;Cruz;SemÃ¡foro;Comercial;0;0;2;1;0;0;0;0;0;0;0;0;"-3,79087900000";"-38,58861600000";inter_match
365182;25;12;2020;08:44;0;AV WENEFRIDO MELO;;;339;;ColisÃ£o Transversal;Luz do Dia;Bom;Seca;Meio de Quadra;SemÃ¡foro;Residencial;0;1;1;0;1;0;0;0;1;0;0;0;"-3,81063870800";"-38,57597452500";mq_match
365183;25;12;2020;07:00;0;AV PRS CASTELO BRANCO;;;6378;;Engavetamento;Luz do Dia;Bom;Seca;Outros;SemÃ¡foro;Lazer;0;0;3;1;0;0;0;0;0;0;0;0;"-3,70001050000";"-38,58775350000";mq_qgis
365184;25;12;2020;06:30;0;AV ALM HENRIQUE SABOIA;;;1102;VIADUTO;Outros;Luz do Dia;Bom;Seca;Outros;NÃ£o HÃ¡ Controle;Comercial;0;1;0;0;0;0;0;0;0;1;0;0;"-3,74655590000";"-38,49162600000";mq_match
365186;25;12;2020;06:30;0;AV D CJ CEARA;;;1420;;Choque c/ ObstÃ¡culo Fixo;Luz do Dia;Bom;Seca;Meio de Quadra;Outros;Residencial;0;0;1;0;0;0;0;0;0;0;0;0;"-3,76361100000";"-38,60232800000";mq_qgis
365187;25;12;2020;08:10;0;RUA BENI DE CARVALHO;;;225;;Choque c/ ObstÃ¡culo Fixo;Luz do Dia;Nublado;Seca;Meio de Quadra;SemÃ¡foro;Comercial;0;0;1;1;0;0;0;0;0;0;0;0;"-3,74488016000";"-38,49847380000";mq_qgis
365188;25;12;2020;13:00;0;AV WENEFRIDO MELO;;;290;;ColisÃ£o Transversal;Luz do Dia;Bom;Seca;Meio de Quadra;SemÃ¡foro;Residencial;0;0;2;1;0;0;0;0;0;0;0;0;"-3,81004500000";"-38,57661400000";mq_match
365189;25;12;2020;01:00;0;RUA GERALDO BARBOSA;;;2047;;Engavetamento;Via Iluminada;Bom;Seca;Meio de Quadra;NÃ£o HÃ¡ Controle;Residencial;0;0;4;1;0;0;0;0;0;1;0;0;"-3,78938977000";"-38,60970700000";mq_qgis
365190;25;12;2020;10:00;0;AV LAURO VIEIRA CHAVES;;;;;Queda;Luz do Dia;Bom;Seca;Meio de Quadra;NÃ£o HÃ¡ Controle;Outros;0;1;0;0;0;0;0;0;0;1;0;0;;;
365191;25;12;2020;06:30;22158;AV JOSE BASTOS;RUA GUSTAVO BRAGA;;;;ColisÃ£o Traseira;Luz do Dia;Nublado;Seca;T;SemÃ¡foro;Comercial;0;1;1;1;0;0;0;0;0;1;0;0;"-3,75153500000";"-38,55198900000";inter_match
365607;25;12;2020;22:29;8025;AV JOAO PESSOA;RUA PRO COSTA MENDES;;;;ColisÃ£o;;;;Cruz;SemÃ¡foro;Comercial;0;1;1;1;0;0;0;0;0;0;0;0;"-3,75239300000";"-38,54944100000";inter_match
365592;25;12;2020;11:23;0;RUA ESTEVAO DE CAMPOS;;;552;;Queda;Luz do Dia;;;Meio de Quadra;;;0;1;0;0;0;0;0;0;0;1;0;0;"-3,70495000000";"-38,57982000000";mq_gpsv
365593;25;12;2020;12:11;5200;RUA GONCALVES LEDO;RUA TEN BENEVOLO;;;;ColisÃ£o;Luz do Dia;;;Cruz;Pare;Residencial;0;1;1;1;0;0;0;0;0;1;0;0;"-3,72618300000";"-38,51453700000";inter_match
365594;25;12;2020;12:49;0;RUA DA FATEIXA;;;124;;Atropelamento;Luz do Dia;;;Meio de Quadra;;;0;1;1;1;0;0;0;0;0;0;0;0;"-3,72945000000";"-38,47522000000";mq_gpsv
365595;25;12;2020;14:06;0;RUA STA ELISA D21;;;1485;;Queda;Luz do Dia;;;Meio de Quadra;;;0;1;0;0;0;1;0;0;0;0;0;0;"-3,70350044000";"-38,56699720000";mq_qgis
365596;25;12;2020;14:22;0;AV VILA DO MAR;;;1485;;Queda;Luz do Dia;;;Meio de Quadra;;;0;1;0;0;0;1;0;0;0;0;0;0;;;
365598;25;12;2020;14:50;10300;RUA JOSE MENDONCA;AV SEN FERNANDES TAVORA;;;;ColisÃ£o;Luz do Dia;;;Cruz;SemÃ¡foro;Comercial;0;1;1;1;0;0;0;0;0;0;0;0;"-3,75449200000";"-38,60169600000";inter_match
365599;25;12;2020;14:51;0;RUA MOREIRA DA ROCHA;;;201;;ColisÃ£o;Luz do Dia;;;Meio de Quadra;;;0;1;1;1;0;0;0;0;0;1;0;0;"-3,72661000000";"-38,51117000000";mq_gpsv
365600;25;12;2020;14:52;15194;RUA ILDEFONSO ALBANO;RUA DEP MOREIRA DA ROCHA;;;;ColisÃ£o;Luz do Dia;;;Cruz;Pare;Residencial;0;1;1;1;0;0;0;0;0;1;0;0;"-3,72648000000";"-38,51107200000";inter_match
365601;25;12;2020;17:45;0;AV DR SILAS MUNGUBA;;;2620;;ColisÃ£o;Anoitecer;;;Meio de Quadra;;;0;1;1;1;0;0;0;0;0;1;0;0;"-3,78647150000";"-38,55001950000";mq_match
365602;25;12;2020;18:46;0;RUA NATAL;;;51;;Queda;;;;Meio de Quadra;;;0;1;0;0;0;0;0;0;0;1;0;0;"-3,83661000000";"-38,57300000000";mq_gpsv
365603;25;12;2020;19:12;0;RUA TEODOMIRO DE CASTRO;;;4154;;ColisÃ£o;;;;Meio de Quadra;;;0;1;1;0;0;0;0;0;0;1;0;0;"-3,71953800000";"-38,57079400000";mq_match
365604;25;12;2020;19:27;0;AV PRS COSTA E SILVA;;;;;ColisÃ£o;;;;Meio de Quadra;;;0;1;1;1;0;0;1;0;0;0;0;0;;;
365605;25;12;2020;20:32;0;RUA REV BOLIVAR P BANDEIRA;;;460;;Queda;;;;Meio de Quadra;;;0;1;0;0;0;0;0;0;0;1;0;0;"-3,77453500000";"-38,49367210000";mq_qgis
365589;25;12;2020;09:15;0;AV LUCIANO CARNEIRO;;;;;Queda;Luz do Dia;;;Meio de Quadra;;;0;1;0;0;0;0;0;0;0;1;0;0;;;
365590;25;12;2020;09:46;0;AV CESAR CALS;;;290;;ColisÃ£o;Luz do Dia;;;Meio de Quadra;;;0;1;0;0;0;0;0;0;0;0;0;0;"-3,74859690000";"-38,45090410000";mq_match
365585;25;12;2020;06:50;0;AV SEN FERNANDES TAVORA;;;;;Queda;Luz do Dia;;;Meio de Quadra;;;0;1;0;0;0;0;0;0;0;1;0;0;;;
365586;25;12;2020;07:04;7693;RUA RIO GRANDE DO SUL;RUA CEARA;;;;ColisÃ£o;Luz do Dia;;;Cruz;SemÃ¡foro;Comercial;0;2;1;1;0;0;0;0;0;1;0;0;"-3,75803600000";"-38,56718700000";inter_match
365583;25;12;2020;06:38;0;RUA TUPI D35;;;1725;;ColisÃ£o;Luz do Dia;;;Meio de Quadra;;;0;1;1;0;0;0;0;0;0;1;0;0;"-3,77209700000";"-38,58512200000";mq_gpsv
365580;25;12;2020;06:30;0;AV ALM HENRIQUE SABOIA;;;;;Queda;Luz do Dia;;;Meio de Quadra;;;0;1;0;0;0;0;0;0;0;1;0;0;;;
365571;25;12;2020;00:22;0;RUA GAL RABELO;;;446;;ColisÃ£o;;;;Meio de Quadra;;;0;1;1;0;0;0;0;0;0;1;0;0;"-3,80684236000";"-38,60652450000";mq_qgis
365572;25;12;2020;00:34;0;RUA ANGELA DINIZ;;;71;;Queda;;;;Meio de Quadra;;;0;1;0;0;0;0;0;0;0;1;0;0;"-3,85025900000";"-38,52234520000";mq_qgis
365573;25;12;2020;00:47;0;RUA CAP SANTOS D60;;;261;;ColisÃ£o;;;;Meio de Quadra;;;0;1;1;1;0;0;0;0;0;1;0;0;;;
365574;25;12;2020;01:39;0;AV PERIMETRAL;;;;;ColisÃ£o;;;;Meio de Quadra;;;0;1;1;1;0;0;0;0;0;1;0;0;;;
365575;25;12;2020;01:52;0;RUA SEN ROBERT KENNEDY;;;174;;ColisÃ£o;;;;Meio de Quadra;;;0;1;0;0;0;0;0;0;0;0;0;0;"-3,70096333000";"-38,57755700000";mq_qgis
365576;25;12;2020;01:53;0;RUA SEN ROBERT KENNEDY;;;1618;;ColisÃ£o;;;;Meio de Quadra;;;0;1;0;0;0;0;0;0;0;0;0;0;;;
365577;25;12;2020;02:30;0;AV PRS CASTELO BRANCO;;;;;Atropelamento;;;;Meio de Quadra;;;0;1;1;0;0;0;0;0;0;1;0;0;;;
365578;25;12;2020;02:59;0;AV IMPERADOR;;;;;Queda;;;;Meio de Quadra;;;0;1;0;0;0;0;0;0;0;1;0;0;;;
364656;25;12;2020;03:40;0;RD CE-040;;;;KM-08;ColisÃ£o;;;;Meio de Quadra;;;0;0;3;1;0;0;0;0;0;0;0;0;"-3,82551582200";"-38,48153832000";rod_match
365016;25;12;2020;10:45;18028;AV DIOGUINHO;RUA RENATO BRAGA;;;;ColisÃ£o;Luz do Dia;;;Cruz;SemÃ¡foro;Comercial;0;0;2;1;0;0;0;0;0;0;0;0;"-3,73142800000";"-38,45888900000";inter_match
365017;25;12;2020;11:20;4429;AV CESAR CALS;RUA ISMAEL PORDEUS;;;;ColisÃ£o;Luz do Dia;;;Cruz;NÃ£o HÃ¡ Controle;Residencial;0;0;2;0;1;0;0;0;0;1;0;0;"-3,72063800000";"-38,46457700000";inter_match
365020;25;12;2020;09:00;0;AV PRS CASTELO BRANCO;;;;;ColisÃ£o;Luz do Dia;;;Meio de Quadra;;;0;0;2;1;0;0;0;0;0;1;0;0;;;
364114;25;12;2020;04:00;0;AV PRS CASTELO BRANCO;;;;;Choque c/ ObstÃ¡culo Fixo;Luz do Dia;;;;;;1;0;0;0;0;0;0;0;0;1;0;0;"-3,71805800000";"-38,53621500000";fat_match
365021;26;12;2020;11:05;1388;AV SANTOS DUMONT;RUA LEONARDO MOTA;;;;ColisÃ£o;Luz do Dia;;Molhada;Meio de Quadra;NÃ£o HÃ¡ Controle;Residencial;0;0;2;1;0;0;1;0;0;0;0;0;"-3,73685700000";"-38,49639700000";inter_match
365023;26;12;2020;20:20;6788;AV SANTOS DUMONT;RUA DES WALDETARIO P MOTA;;;;ColisÃ£o;;;;Cruz;Pare;Comercial;0;0;2;1;0;0;0;0;0;1;0;0;"-3,74109300000";"-38,48330900000";inter_match
365024;26;12;2020;01:47;0;AV JOAO PESSOA;;;;;ColisÃ£o;Via Iluminada;Bom;Seca;Meio de Quadra;SemÃ¡foro;Comercial;0;0;2;1;0;0;0;0;0;0;0;0;;;
365608;26;12;2020;01:01;0;AV LINEU MACHADO;;;1753;;Queda;;;;Meio de Quadra;;;0;1;0;0;0;0;0;0;0;1;0;0;"-3,77472120000";"-38,58147740000";mq_qgis
365610;26;12;2020;01:37;0;RUA AMERICO VESPUCIO;;;495;;Atropelamento;;;;Meio de Quadra;;;0;1;0;0;0;0;0;0;0;0;0;0;"-3,78266788000";"-38,54870990000";mq_qgis
365625;26;12;2020;16:14;49;RUA HUGO VITOR;RUA TEN QUEIROZ;;;;ColisÃ£o;Luz do Dia;;;Cruz;Pare;Misto;0;1;1;1;0;0;0;0;0;1;0;0;"-3,74514000000";"-38,59085000000";inter_gpsv
365626;26;12;2020;16:28;766;RUA MAJ GERARDO MENDES;RUA TEN WILSON  D46;;;;Queda;Luz do Dia;;;Cruz;Pare;Residencial;0;1;0;0;0;0;0;0;0;1;0;0;"-3,76921800000";"-38,51264700000";inter_match
365627;26;12;2020;17:19;0;AV LAURO VIEIRA CHAVES;;;1076;;Queda;Anoitecer;;;Meio de Quadra;;;0;1;0;0;0;0;0;0;0;1;0;0;"-3,77201250000";"-38,53686700000";mq_qgis
365628;26;12;2020;17:41;0;AV GODOFREDO MACIEL;;;;;ColisÃ£o;Anoitecer;;;Meio de Quadra;;;0;1;1;1;0;0;0;0;0;1;0;0;;;
365612;26;12;2020;08:20;24229;AV ENG ALBERTO SA;AV ENG SANTANA JUNIOR;;;;ColisÃ£o;Luz do Dia;;;Cruz;SemÃ¡foro;Comercial;0;1;1;1;0;0;0;0;0;1;0;0;"-3,73356700000";"-38,48074300000";inter_match
365613;26;12;2020;08:42;0;RUA PERGENTINO MAIA;;;;;ColisÃ£o;Luz do Dia;;;Meio de Quadra;;;0;1;1;0;0;0;0;0;0;1;0;0;;;
365614;26;12;2020;09:07;0;AV DOMINGOS OLIMPIO;;;1800;;Queda;Luz do Dia;;;Meio de Quadra;;;0;1;0;0;0;0;0;0;0;1;0;0;"-3,73408600000";"-38,53888300000";mq_qgis
365615;26;12;2020;11:12;0;RUA SAO PAULO;;;2059;;ColisÃ£o;Luz do Dia;;;Meio de Quadra;;;0;1;1;1;0;0;0;0;0;1;0;0;"-3,72087000000";"-38,54339000000";mq_gpsv
365616;26;12;2020;11:39;0;RUA PEDRO SAMPAIO;;;289;;ColisÃ£o;Luz do Dia;;;Meio de Quadra;;;0;1;1;1;0;0;0;0;0;1;0;0;"-3,72526000000";"-38,59150000000";mq_gpsv
365617;26;12;2020;13:30;0;AV CARNEIRO DE MENDONCA;;;1227;;ColisÃ£o;Luz do Dia;;;Meio de Quadra;;;0;1;1;1;0;0;0;0;0;1;0;0;"-3,76237400000";"-38,57001100000";mq_qgis
365619;26;12;2020;16:11;9576;RUA JOSE TORRES;RUA TEODORO DE CASTRO;;;;ColisÃ£o;Luz do Dia;;;Cruz;Pare;Residencial;0;1;1;1;0;0;0;0;0;1;0;0;"-3,77919200000";"-38,60705400000";inter_match
365637;26;12;2020;21:44;0;RUA STA ELISA D21;;;1019;;Queda;;;;Meio de Quadra;;;0;1;0;0;0;0;0;0;0;1;0;0;"-3,70548763000";"-38,56215920000";mq_qgis
365638;26;12;2020;21:57;0;RUA ATAULFO ALVES;;;724;;ColisÃ£o;;;;Meio de Quadra;;;0;1;1;0;0;0;0;0;0;1;0;0;"-3,78683808000";"-38,49821050000";mq_qgis
365639;26;12;2020;23:19;0;RUA JOSE FACANHA;;;360;;ColisÃ£o;;;;Meio de Quadra;;;0;1;1;1;0;0;0;0;0;1;0;0;"-3,75385750000";"-38,55538700000";mq_qgis
365640;26;12;2020;23:33;0;RUA MARIO FILHO;;;83;;Queda;;;;Meio de Quadra;;;0;1;0;0;0;0;0;0;0;1;0;0;"-3,80859271000";"-38,58281230000";mq_qgis
365633;26;12;2020;18:26;0;AV SANTOS DUMONT;;;7830;;ColisÃ£o;Anoitecer;;;Meio de Quadra;;;0;1;0;0;0;0;0;0;0;0;0;0;"-3,74894228000";"-38,45423820000";mq_qgis
365630;26;12;2020;17:42;0;RUA DO CONTORNO UI 302;;;;;Queda;Anoitecer;;;Meio de Quadra;;;0;1;0;0;0;0;0;0;0;1;0;0;;;
365631;26;12;2020;17:47;0;AV SANTOS DUMONT;;;7778;;Choque c/ ObstÃ¡culo Fixo;Anoitecer;;;Meio de Quadra;;;0;1;0;1;0;0;0;0;0;0;0;0;"-3,74733800000";"-38,46387200000";mq_match
365193;26;12;2020;15:15;0;AV CESAR CALS;;;1020;;ColisÃ£o Traseira;Luz do Dia;Bom;Seca;Meio de Quadra;NÃ£o HÃ¡ Controle;Comercial;0;1;1;1;0;0;0;0;0;1;0;0;"-3,72669681000";"-38,46146950000";mq_qgis
365194;26;12;2020;12:15;0;AV ALM HENRIQUE SABOIA;;;700;;ColisÃ£o Lateral;Luz do Dia;Bom;Seca;Outros;NÃ£o HÃ¡ Controle;Residencial;0;1;1;1;0;0;0;0;0;1;0;0;"-3,72919420000";"-38,48093400000";mq_match
365195;26;12;2020;17:30;6788;AV SANTOS DUMONT;RUA DES WALDETARIO P MOTA;;;;ColisÃ£o Lateral;Anoitecer;Bom;Seca;Cruz;Pare;Residencial;0;1;1;1;0;0;0;0;0;1;0;0;"-3,74109300000";"-38,48330900000";inter_match
365196;26;12;2020;20:16;24287;RUA TAVARES COUTINHO;RUA CASTRO MONTE;;;;ColisÃ£o Lateral;;Bom;Seca;Cruz;Pare;Comercial;0;1;1;1;0;0;0;0;0;1;0;0;"-3,73249630000";"-38,48605300000";inter_match
365197;26;12;2020;16:45;0;AV GAL OSORIO DE PAIVA;;;5392;;ColisÃ£o Traseira;Via Iluminada;Bom;Seca;Meio de Quadra;NÃ£o HÃ¡ Controle;Comercial;0;0;2;1;0;0;0;0;0;0;0;0;"-3,80472013000";"-38,60207160000";mq_qgis
365198;26;12;2020;17:30;0;AV SANTOS DUMONT;;;7820;;ColisÃ£o Transversal;Anoitecer;Bom;Seca;Meio de Quadra;;;0;1;1;1;0;0;0;0;0;0;0;0;"-3,74898064000";"-38,45431610000";mq_qgis
365199;27;12;2020;20:00;0;AV CASTELO DE CASTRO;;;82;;ColisÃ£o Lateral;Via Iluminada;Bom;Seca;Meio de Quadra;SemÃ¡foro;Residencial;0;1;1;1;0;0;0;0;0;1;0;0;"-3,82948200000";"-38,52144850000";mq_qgis
365200;27;12;2020;15:00;0;RUA PARAGUACU D45;;;1123;;ColisÃ£o Traseira;Luz do Dia;Bom;Seca;Meio de Quadra;NÃ£o HÃ¡ Controle;Residencial;0;1;1;1;0;0;0;0;0;1;0;0;"-3,78529800000";"-38,53901800000";mq_qgis
365201;27;12;2020;07:00;26083;AV BEZERRA DE MENEZES;AV JOSE JATAHY;;;;ColisÃ£o Traseira;Luz do Dia;Nublado;Molhada;Cruz;SemÃ¡foro;Comercial;0;0;2;1;0;0;0;0;0;0;0;0;"-3,73151830000";"-38,54502060000";inter_match
365202;27;12;2020;19:00;0;AV GODOFREDO MACIEL;;;;;Engavetamento;Via Iluminada;Bom;Seca;Meio de Quadra;SemÃ¡foro;Comercial;0;0;2;1;0;0;0;0;0;0;0;0;;;
365203;27;12;2020;19:20;0;RUA BERNARDO MANUEL;;;9968;;ColisÃ£o Traseira;Via Iluminada;Bom;Seca;Meio de Quadra;SemÃ¡foro;Comercial;0;1;1;1;0;0;0;0;0;1;0;0;"-3,80496740000";"-38,55343000000";mq_match
365641;27;12;2020;00:16;0;AV PASTEUR;;;467;;ColisÃ£o;;;;Meio de Quadra;;;0;1;1;1;0;0;0;0;0;1;0;0;"-3,71022200000";"-38,55857000000";mq_qgis
365642;27;12;2020;00:26;0;RUA TEODORO CABRAL;;;381;;Queda;;;;Meio de Quadra;;;0;1;0;0;0;0;0;0;0;1;0;0;"-3,71272000000";"-38,56550000000";mq_gpsv
365643;27;12;2020;06:02;0;RUA TEN BENEVOLO;;;425;;ColisÃ£o;Luz do Dia;;;Meio de Quadra;;;0;1;0;0;0;0;0;0;0;0;0;0;"-3,72548900000";"-38,51678000000";mq_match
365644;27;12;2020;06:24;5166;RUA DNA LEOPOLDINA;RUA TEN BENEVOLO;;;;ColisÃ£o;Luz do Dia;;;T;SemÃ¡foro;Rural;0;1;1;0;0;0;0;0;0;1;0;0;"-3,72519900000";"-38,51773200000";inter_match
365645;27;12;2020;10:51;0;AV CESAR CALS;;;207;;ColisÃ£o;Luz do Dia;;;Meio de Quadra;;;0;1;1;1;0;0;0;0;0;1;0;0;"-3,72015032000";"-38,46481230000";mq_qgis
365646;27;12;2020;11:19;0;AV BEIRA MAR;;;;;Queda;Luz do Dia;;;Meio de Quadra;;;0;1;0;0;0;1;0;0;0;0;0;0;;;
365647;27;12;2020;12:15;0;AV DOM LUIS;;;1112;;ColisÃ£o;Luz do Dia;;;Meio de Quadra;;;0;1;1;1;0;0;0;0;0;1;0;0;"-3,73525640000";"-38,49117480000";mq_qgis
365709;27;12;2020;23:30;23774;RUA GABRIEL FIUZA;RUA COM GARCIA;;;;ColisÃ£o;;;;Cruz;Pare;Residencial;0;0;1;0;0;0;0;0;0;0;0;0;"-3,78824000000";"-38,57870000000";inter_gpsv
365650;27;12;2020;12:16;15498;RUA CECILIA MEIRELES;RUA JOHN LENNON;;;;ColisÃ£o;Luz do Dia;;;;;;0;1;1;0;0;0;0;0;0;1;0;0;"-3,81968400000";"-38,49033600000";inter_match
365651;27;12;2020;13:47;0;TR CAMPO VERDE;;;309;;Atropelamento;Luz do Dia;;;Meio de Quadra;;;0;1;1;0;0;0;0;0;0;1;0;0;;;
365652;27;12;2020;14:14;13425;RUA JOAO BRIGIDO;RUA DR JOSE LOURENCO;;;;Queda;Luz do Dia;;;Cruz;SemÃ¡foro;Comercial;0;1;0;0;0;1;0;0;0;0;0;0;"-3,74249460000";"-38,51038700000";inter_match
365653;27;12;2020;14:58;525;RUA PRO VIRGILIO DE MORAIS;RUA DANIEL DE CASTRO;;;;ColisÃ£o;Luz do Dia;;;;;;0;1;1;1;0;0;0;0;0;1;0;0;"-3,74838200000";"-38,59609700000";inter_match
365654;27;12;2020;15:24;3348;RUA MARIO DE ANDRADE;RUA MINAS GERAIS;;;;ColisÃ£o;Luz do Dia;;;Cruz;Pare;Residencial;0;1;1;1;0;0;0;0;0;1;0;0;"-3,75131400000";"-38,56138900000";inter_match
365655;27;12;2020;16:25;0;AV I CJ JOSE WALTER;;;;;Queda;Luz do Dia;;;Meio de Quadra;;;0;1;0;0;0;0;0;0;0;1;0;0;;;
365656;27;12;2020;18:14;0;RUA JOSE MENDONCA;;;3290;;ColisÃ£o;Anoitecer;;;Meio de Quadra;;;0;1;1;0;0;0;0;0;0;1;0;0;;;
365657;27;12;2020;18:26;0;AV MR HULL;;;5680;;Atropelamento;Anoitecer;;;Meio de Quadra;;;0;1;1;1;0;0;0;0;0;0;0;0;"-3,74020300000";"-38,59525900000";mq_match
365658;27;12;2020;18:31;13021;AV A CJ JOSE WALTER;AV I CJ JOSE WALTER;;;;ColisÃ£o;;;;Cruz;Pare;Residencial;0;1;1;1;0;0;0;0;0;1;0;0;"-3,82583400000";"-38,55093500000";inter_match
365659;27;12;2020;19:37;0;AV C CJ CEARA;;;1679;;ColisÃ£o;;;;Meio de Quadra;;;0;1;1;1;0;0;0;0;0;1;0;0;"-3,77294600000";"-38,61540200000";mq_qgis
365660;27;12;2020;20:12;12398;AV LINEU MACHADO;ET PICI;;;;ColisÃ£o;;;;Duplo T;NÃ£o HÃ¡ Controle;Comercial;0;1;1;1;0;0;0;0;0;1;0;0;"-3,76740700000";"-38,57768300000";inter_match
365661;27;12;2020;21:14;0;AV HIS RAIMUNDO GIRAO;;;;;Queda;;;;Meio de Quadra;;;0;1;0;0;0;1;0;0;0;0;0;0;;;
365662;27;12;2020;21:50;0;RUA JORGE FIGUEIREDO (ANCURI);;;2448;;Queda;;;;Meio de Quadra;;;0;1;0;0;0;0;0;0;0;1;0;0;"-3,88798000000";"-38,52130000000";mq_gpsv
365663;27;12;2020;22:03;0;AV 13 DE MAIO;;;793;;Atropelamento;;;;Meio de Quadra;;;0;1;1;0;0;0;0;0;0;1;0;0;"-3,75134000000";"-38,52696900000";mq_match
365664;27;12;2020;23:18;0;RUA MIGUEL GURGEL;;;;;Queda;;;;Meio de Quadra;;;0;1;0;0;0;0;0;0;0;1;0;0;;;
365665;27;12;2020;23:25;0;RUA EMILIO DE MENESES;;;600;;ColisÃ£o;;;;Meio de Quadra;;;0;1;1;1;0;0;0;0;0;1;0;0;"-3,78189339000";"-38,58690990000";mq_qgis
365028;27;12;2020;22:35;0;AV PRS CASTELO BRANCO;;;82;;ColisÃ£o;;;;Meio de Quadra;;;0;0;2;1;0;0;0;0;0;1;0;0;"-3,72334000000";"-38,52091000000";mq_gpsv
365029;28;12;2020;10:20;13938;RUA VER PEDRO PAULO MOREIRA;RUA JUNIOR ROCHA;;;;ColisÃ£o;Luz do Dia;Bom;Seca;Cruz;Pare;Comercial;0;2;0;1;0;0;0;0;0;0;0;0;"-3,78717800000";"-38,48734500000";inter_match
365036;28;12;2020;18:40;0;AV PRS CASTELO BRANCO;;;901;;ColisÃ£o;;;;Meio de Quadra;;;0;1;1;1;0;0;0;0;0;1;0;0;"-3,71976091900";"-38,53134654000";mq_match
365037;28;12;2020;08:55;0;AV SGT HERMINIO SAMPAIO;;;1781;;ColisÃ£o;Luz do Dia;Bom;Seca;Meio de Quadra;Pare;Residencial;0;1;1;1;0;0;0;0;0;1;0;0;"-3,72565400000";"-38,55660500000";mq_qgis
364654;28;12;2020;12:21;0;RD CE-060;;;4505;KM-01;ColisÃ£o;Luz do Dia;;;Meio de Quadra;;;0;2;0;0;0;0;0;0;0;1;0;0;"-3,82613600000";"-38,57950000000";rod_match
364655;28;12;2020;20:50;0;RD CE-040;;;;KM-04;ColisÃ£o;;;;Meio de Quadra;;;0;0;2;1;0;0;0;0;0;0;0;0;"-3,79161315600";"-38,48033084000";rod_match
365728;28;12;2020;12:19;0;RUA JOSE MOREIRA;;;952;;ColisÃ£o;Luz do Dia;;;Meio de Quadra;;;0;1;1;1;0;0;0;0;0;1;0;0;;;
365729;28;12;2020;14:41;3769;RUA SEN POMPEU;AV DOMINGOS OLIMPIO;;;;ColisÃ£o;Luz do Dia;;;Cruz;SemÃ¡foro;Comercial;0;1;1;1;0;0;0;0;0;1;0;0;"-3,73625400000";"-38,53245500000";inter_match
365730;28;12;2020;15:27;0;AV PRS COSTA E SILVA;;;5381;;ColisÃ£o;Luz do Dia;;;Meio de Quadra;;;0;1;0;0;0;0;0;0;0;0;0;0;"-3,82818998000";"-38,53220230000";mq_qgis